score,at,content_stemmed
2,2026-03-30 15:49:21,sistem login ribet suka error suka error sih emg error pas login email bener password bener invalid tutorial login ribet dalem nya bagus login nya ribet nyusahin doang ngerasain nggak udh kode verifikasi nya nunggu jam ku akun log out hilang mimpi buruk sampe hilang ya ges stay safe emg nya error plus ribet buanget
4,2026-03-30 15:45:36,tambah teman
2,2026-03-30 15:06:59,bikin histori server join join
1,2026-03-30 14:36:01,ayo tambahin fitur bikin nama email nya ng ush invalid bilang nyuru org biar bikin padahall susah ayo bikin akun email nya
1,2026-03-30 14:15:19,bug mulu aneh gw masuk
5,2026-03-30 13:43:52,tolong mudah password
1,2026-03-30 13:19:18,hei pas verif phone ngk kasih kode
5,2026-03-30 08:01:55,mudah
1,2026-03-30 04:20:45,bug mulu monyet
1,2026-03-29 22:04:54,susah bet log in nya jing
1,2026-03-29 17:20:15,bug terussss tt kesel
5,2026-03-29 12:33:09,bagus work it banget main naruto main game ya
5,2026-03-29 12:19:20,bareng ayah
5,2026-03-29 12:18:29,grup nya bagus gua kasih bintang
2,2026-03-29 11:48:32,tolong tambah hapus pesan dm ancam privasi akun handphone nya sharing cakap sensitive tolong fitur hapus dm guna bot
1,2026-03-29 06:42:04,ni napa dah gua resend gmail tolong baik gua akun gua masuk server grup pas gua udah masuk hilang server satu loh gua ulang ulang masuk server suruh resend udah akun invalid email nya kaya gitu girilan gua change email emang email gua kaya gitu change email lu apas
1,2026-03-29 05:10:41,udah jam cuman masuk doang susah lupa password kirim kode gitu
1,2026-03-29 04:44:23,gila ya dah masuk nya nau zubillahi minzallik ribetnya ketat banget dah kayak bank full gembok
5,2026-03-29 03:03:01,apk bagus gendaan
5,2026-03-29 01:52:52,cocok nongkrong ngobrol kumpul rame rame nyari teman asik banget harga netronya rang
3,2026-03-28 22:07:55,tambah fitur foto lihat
1,2026-03-28 15:23:08,update baru susah login
1,2026-03-28 13:09:35,apk gajelas gw udh kali kali verifikasi pke email tetep bilng sandi salah muluu
1,2026-03-28 12:57:03,login teks muncul invalid kau lupa teks nya
2,2026-03-28 12:03:13,pas log in bug ya cerita gin udah tengah log in pas masukin pasword ngulang tampil udah kali kali coba udah liat tutorial kali kali ya tolong baik ya kak bang
1,2026-03-28 06:41:22,bug voice ilang putus masuk loadingnya
4,2026-03-28 06:08:00,tolong baik bug nya vc call
1,2026-03-28 05:17:28,sampah pas ngecall temen ngebug g ngobrol pdhl mas call bug nya tolong baik ya jgn bikin update sampah g guna trs
1,2026-03-28 04:55:48,udah masukin sandi gugel nya udah bener masuk
4,2026-03-28 04:45:19,hmm kmu bhs indo kak
4,2026-03-28 02:28:41,saran bahasa indonesia seru
5,2026-03-28 01:32:49,gw temen
5,2026-03-27 23:41:44,rasional banget bikin server gratis isi batas orang vc batas ngeluarin uang ajak temenlu pakai kikir support dev nya
5,2026-03-27 19:46:53,update gimana
1,2026-03-27 05:17:25,males lagi susah kasih bintang hahaahahahah game jelek
5,2026-03-27 03:23:29,bagus banget ngobrol main bareng masukin akun error papa bagus
4,2026-03-26 21:47:42,bagus mini game main error teman ku normal
4,2026-03-26 03:03:05,playstorenya gabisa instal xbox mabar minecraft jarak dscord anti gabung voice chenel menbagikan server teman
3,2026-03-26 01:52:55,udah ngikutin tunjuk tetep gaada suara pas share screen niat nobar film gaada suara
5,2026-03-25 22:01:28,sangan tarik keren depan tingkat sukses ya
1,2026-03-25 20:50:37,tolong baik anj
1,2026-03-25 20:33:37,mohon tanggap diacor alami bug change audio output nya ganti speaker bug screen
4,2026-03-25 19:49:41,tolong ya eror voice loh sinyal bagus udah ku coba hapus data
2,2026-03-25 19:49:11,bug suara kocak
3,2026-03-25 19:44:21,udh update msh ngebug aplgi wktu join voice dn login uh bug parah udh pncet tombol gbs
1,2026-03-25 19:44:15,bug notifikasi pencet crash bug ganti soundnya speaker phone coba kali kali
1,2026-03-25 19:41:27,bug
3,2026-03-25 19:36:04,baik bug suara hilang hilang
1,2026-03-25 18:37:33,captcha nya henti bikin akun
1,2026-03-25 18:22:32,apk nyah rusak bikin akun bisaa
1,2026-03-25 18:07:07,login udh verifikasi robot tetp login
5,2026-03-25 13:14:35,nyobain
1,2026-03-25 11:26:13,aap si ak daftar pke nomer pkr ggl udah verivikasi human trus pedahal loh ak udah nurutin pas pake nomer masuk code jya
1,2026-03-25 10:51:21,gue udah pakai password
1,2026-03-25 09:42:49,gua log in username password nya udah bener invalid mulu
1,2026-03-25 08:43:11,bro lelah masuk email udah nomor hp udang tanggal lahir udah lagiiiii
1,2026-03-25 08:20:34,login mungking sistem error gimana ega tau sulit sistem
1,2026-03-25 08:06:56,kasi bintang yaa akun ku verifikasi
5,2026-03-25 03:18:45,
1,2026-03-25 00:27:22,udah kasih masuk sandi ku bener ama akun ku tolong baik
3,2026-03-24 21:45:32,ken ngirim chat chat nya kena timpa pdhl spam kaga benerin ya
1,2026-03-24 17:51:41,donlod tipu bantu orang ngehack mendownload
1,2026-03-24 17:07:55,suara ilang dc kaya gin
1,2026-03-24 14:58:32,kecewa pakai kendala akun dc verifikasi email selesai alami kendala menganggu saat nomer telepon pasu code digit kirim code digiit mana kesal mohon bantu code digit kirim
1,2026-03-24 14:37:34,ngirim spam banned jelas bukti lampir canggih teknologi ai sengklek awas nya main owo doang kena banned aneh
1,2026-03-24 11:15:38,kena limit menit apk gajelas
5,2026-03-24 09:36:28,keren bagus hebat
5,2026-03-24 06:06:44,mabar
1,2026-03-24 04:35:53,sengaja masuk bingung email username registrasi privacy nya buruk bingung bantu mu daftar akun
2,2026-03-24 03:51:46,jujur bagus masuk tolong masuk nya udah masukin email nomor telp gabisa tolong moga baca developer oh iya bahasa inggris tolong ganti bahasa indonesia plis developer
1,2026-03-24 02:43:48,nya jelek susah login
1,2026-03-24 01:23:12,kesel banget email udah bener sandi udah bener login
4,2026-03-23 21:04:08,adain terjemah bahasa indonesia
1,2026-03-23 19:25:59,tolong nomor telepon whatsapp kode eror email batasin baik
4,2026-03-23 17:04:32,bagus sih komunikasi orang negri masuk komunitas akses sepenuh stiker edit profil dll bayar yaa apa komunikasi teman harap update paket stiker gratis orang masuk guna tanda baca melambang ekspresi v tolong pilih auto stiker
5,2026-03-23 15:36:01,suka dc an seruu akun cadang sukaaa
1,2026-03-23 12:18:25,apk masuk
5,2026-03-23 11:54:21,bahasa indonesia
5,2026-03-23 11:49:13,calling nomor handphone sih poin utama gw
1,2026-03-23 11:40:21,bikin akun susah pakai konfirmasi bot mah gapapa kali kali kali loh konfirmasi robot tetep ngebug nih
3,2026-03-23 11:12:47,pas coba masuk grup verifikasi asa login robot cik ngasih bintang
5,2026-03-23 07:40:20,gbs login knp gw bisa tuh akun hilang eh ketemu gara gara bantu tim nya
4,2026-03-23 06:59:07,bagus sih pas join streamer ngelag cancel
5,2026-03-23 04:28:13,bagus banget
1,2026-03-23 04:10:24,jelekkkkk gw registar verifikasi nomor hp habis nomor nomor hpnya benerrrr hapus download aje jellleekkkkkkkk buriikkkkkkkkk
5,2026-03-23 01:22:06,hasil sekian jam nunggunya loadingnya banget papa hasil kecuali ulang terimakasih ya bg kak oh ya pake hapus cache baru discordnya banget nunggunya jam ulang rating
5,2026-03-22 23:14:02,kah isi translite susah komunikasi negara
1,2026-03-22 19:40:04,banyak atur susah guna
1,2026-03-22 16:38:58,bahasa indonesia ya hp
1,2026-03-22 16:32:11,teman teman orang ku temu kasus bug delay kirim pesan beberapakali gagal jaring bagus bagus ku periksa ping bagus delay nya menggangu untuk user mobile tolong baik bug delay dll nyaman orang orang main minggu alami hall teman teman alami delay bug terkadang pencet tolong
1,2026-03-22 16:21:23,tolong bug baik terimakasih
4,2026-03-22 16:19:55,lumayan seru sih kurang lebih lebih yari teman sahabat kurang suka ngeleg hp pc laptop
1,2026-03-22 13:19:43,bug nya benerin developer
1,2026-03-22 12:50:05,call an sm skrg udah asing
5,2026-03-22 12:42:57,password salah
1,2026-03-22 12:25:28,susah kali login tolong baik y
1,2026-03-22 11:40:46,bug pas sinyal jelek load pesan masuk banget gitu
1,2026-03-22 03:38:01,asik verifikasi dh verifikasi kode cari tau mana sih dh cek gmail
5,2026-03-21 12:49:08,cocok komunitas ngobrol bareng teman fitur voice chat server nya lengkap
1,2026-03-21 05:09:32,bagus banget apknya ytta
3,2026-03-21 04:15:43,boros ya apk makek kouta oke
2,2026-03-20 23:53:54,developer hormat aju keluh kurang pilih bahasa mode terjemah translate saran developer bahasa indonesia mode terjemah translate mudah guna komunikasi bahasa beda ok sekian salah mohon maaf sekian terimakasih
1,2026-03-20 18:54:46,login daftar akun
1,2026-03-20 10:03:11,masukin no telpon email kali bilang salah coba bilang udah bikin akun pake email no telpon kaya pake loginnya hah pake telur dinosaurus boleh
2,2026-03-20 07:20:58,jelek gw udh ganti email pas gw resend email muncul email nya dasar apk tipu
1,2026-03-20 05:58:35,registrasi data masuk baik launcing
3,2026-03-20 05:28:28,terkadang kirim forum error sinyal kuat mohon tolong baik
5,2026-03-20 05:27:59,bagus
3,2026-03-20 04:56:07,kadang telp gaada suara
5,2026-03-20 00:49:03,mudah kumpul teman
2,2026-03-19 21:29:35,login bisa aku pas loginin baca akun pasword temu pas akun email akun pas login akun mohon erti
3,2026-03-19 20:33:06,tolong fix bug login cape udah masukin usn pw login
1,2026-03-19 13:13:08,ambil akun orang ya apk
5,2026-03-19 12:34:03,bagus banget gue dapet cowo
1,2026-03-19 09:58:42,login akun lupa password reset password kali kali muncul new login detected pas cek email ganti password coba ganti password
4,2026-03-19 08:56:00,banyak bug vertifykasi
5,2026-03-19 07:35:48,bantu main game komunikasi
5,2026-03-19 07:25:03,hmm suka si kenal orang voice call tx yh
5,2026-03-19 04:32:38,recomend banget suka mabar orang nya ramah plus asik banget
1,2026-03-19 04:18:09,update m mulu hbsin kuota otw hapus atuh
5,2026-03-19 02:14:01,bagus religius
1,2026-03-19 01:33:26,parah bs login
5,2026-03-18 23:41:14,seru
1,2026-03-18 21:26:13,bug log in log out check pw pas masukin email nomor invalid pw nak pake forgot password invalid invalid bug gimana nak log in
1,2026-03-18 21:25:03,tetap guna
1,2026-03-18 05:27:18,kirim pesan tolong baik ya
1,2026-03-18 03:51:08,aneh ku join server orang gabisa stack situ situ nya
1,2026-03-17 23:57:48,logout login akun bisa coba jam an gimana caranyaa woii
1,2026-03-17 22:44:12,nya lot banget upload video photo bukti cheater main roblox mode main simulator latih bola api server nya ngelag parah invalid
1,2026-03-17 22:22:09,tida tau masuk verify isi bagi code dpt notifikasi pesan kirim code cari jalan tida banyak bug kesal senang tolong baik orang
1,2026-03-17 17:36:04,mohon benerin karna login nomor telepon suruh verifikasi email masuk email pesan tulis email already registered invalid email mohon baik karna jam malam jam malam tidur karna urus email
1,2026-03-17 16:14:44,sayaa benci karna gabisa kasi pesan bintang
4,2026-03-17 14:05:17,tolong baik pas log kayak bug udah continue robot susah log tolong baik pas log udah ganti sandi ama gmail tetep login tolong perbaikin emang bagus sih aplnya tpi jgn bug pas log
5,2026-03-17 11:18:52,jujur bagus kali ya keren mantap rawrr
1,2026-03-17 10:58:15,hey manusia woi login pakai email woi mabokkah hah
4,2026-03-17 09:58:50,apk bagus cari teman sahabat kurang negara indonesia cantum terjemah bahasa indonesia apk buat chanel indonesia terimakasih
1,2026-03-17 09:05:13,akun baruu suruh verifikasi nomer gilir verifikasi nomer gabisa gilir login pake nomer suru verifikasi gmail pas verifikasi gmail gabisa jugaa anehhh
4,2026-03-17 08:41:05,login ya mantap kasih bintang
5,2026-03-17 05:43:06,keren
5,2026-03-17 04:38:37,chat ama temen
1,2026-03-17 02:11:03,verifikasi nomor ponsel
5,2026-03-17 01:49:18,keren mabar hayogo
5,2026-03-16 23:08:18,bagus
3,2026-03-16 16:48:54,tolong baik masuk nama email password nya gmail password invalid tolong baik
3,2026-03-16 15:27:27,suara nya masuk dc
1,2026-03-16 15:17:14,bug ulang
1,2026-03-16 14:07:48,login akun hapus tau aman tolong manusia robot code bilang salah teman hilang plis biar pakai qr code scan ponsel coba verifikasi ponsel kecewa hubung bantu balas disc
1,2026-03-16 06:49:25,bintang susah banget log in
5,2026-03-16 04:53:15,bagus banget cocok komunikasi developer roblox
1,2026-03-15 17:43:34,si sengaja beli langgan nya ilangin ganti duit temen k fitur langgan nya ilangin nyusahin
1,2026-03-15 16:26:47,woi log in email nya udah bener password udah bener
1,2026-03-15 14:32:15,login ulang karna hp hilang lupa nih password nya klik lupa password nya kirim verifikasi tuh gmail password cerita nya udah pilih option lupa pasword gimana sih akun udah temen nya gamau bikin akun tolong orang login ulang sign up susahin gimana sih
1,2026-03-15 11:57:32,nitro gratis kau janji hah
5,2026-03-15 11:27:49,mudah dgunakn fitur lengkap bagus
1,2026-03-15 07:37:19,males verifikasi nya pake email gabisa
1,2026-03-15 07:22:54,verif email diapkai nomor
5,2026-03-15 06:43:37,manfaat komunikasi
1,2026-03-15 02:58:34,sya ksi bintang karna login susahh banget ribett moohoon baik plcc
4,2026-03-15 00:31:42,tolong adakan koneksi instagram please
5,2026-03-14 22:09:42,guna memdapat informasi cepat update game
1,2026-03-14 17:34:02,apa panteq login bintang
1,2026-03-14 15:14:54,akun kena suspend permanen beli animasi sejumalah rp nyata suspend permanen
1,2026-03-14 14:54:32,log in masalah orang alami nya
5,2026-03-14 14:41:27,dapet temen njir
2,2026-03-14 14:38:32,moga not developer nya sosmed favorit sayang banget bug contoh channel mute muncul notifnya opsi sembunyi channel mute fitur fungsi contoh server terus tag tolak
1,2026-03-14 12:25:50,woylah gw login pakek akun dc gw
1,2026-03-14 11:06:06,sih nih apk gua udah nyobain log in kali kali masuk masuk sampe gua main
5,2026-03-14 10:51:43,seru temen
1,2026-03-14 09:30:26,banget udah email sm password masuk apk ya web
1,2026-03-14 03:50:19,log in udah bener
5,2026-03-14 02:04:11,baik gatau make nya
1,2026-03-13 21:32:17,judul update sampah fitur call nggak isi ulas maksud ya update sistem call kayak voice channel gin nelpon orang masuk ruang tunggu nggak notifikasi masuk hp lawan bicara nggak nada dering bener bener kayak nungguin janji nggak fitur telepon nggak notifikasi paksa muncul layar pop up kasih panggil masuk orang main game a
1,2026-03-13 20:57:31,untuk developer ya si lu ganti nama lu singkat gw main roblox ya do you have dc blue sensor mulu sial salah elu salah roblox nya nama dis cord disalahgunakan bahasa ganti singkat gitu kek nama
1,2026-03-13 18:23:23,sumpah bikin ribet
5,2026-03-13 15:52:53,bagus banget suka dehh
2,2026-03-13 13:50:22,kasih bintang knp akun tiba log out log out akun lupa sandi nya coba lupa sandi terima kode verifikasi kasih nya udh tunggu menit akun mudah kode verifikasi knp terima kode verifikasi sms
5,2026-03-13 13:07:05,perfect suka berkomikasi tim ff ngelek deh
5,2026-03-13 13:00:40,udh bagus coba tambahin filter tiktok it s good but try adding a tiktok filter
1,2026-03-13 12:42:49,banget kendala login
4,2026-03-13 11:35:17,enak boros kuota
5,2026-03-13 10:23:25,cinta rena mudah whatsapp
5,2026-03-13 09:06:14,platform komunikasi baik komunitas gamer fitur voice chat nya jernih minim delay bantu koordinasi main suka sistem kelola servernya rapi channel teks suara kategori fitur bagi layar screen share integrasi lancar antarmuka modern fleksibel obrol santai bangun komunitas wajib t
1,2026-03-13 07:01:36,gw capek nih udah mah gw join grup server kayak emg ush dimainin capek cok gw join server butuh verifikasi email chat sebernya gw hasil login jalan lancar pas minggu gw suruh verifikasi email chat pas foto video download langsung hapus foto gw abis download ngedit gw dah uninstall
1,2026-03-13 06:19:56,maulogin akun tata pasword salah valid kasih masuk pasword gail sungu kecewa
1,2026-03-12 15:59:19,microphone nya rusak panggil masuk
1,2026-03-12 15:09:24,kgk verifikasi mulu dah ni x send code kgk mulu
3,2026-03-12 14:02:28,platform dana bayar devplover upgrade bahasa indonesia hey bilang wawas negara guna internet nya
2,2026-03-12 14:01:37,cuman download nya hype nya seru kayak cuman social media susah log udah pencet forget password email dosent exist email udah bener loh worth it ku
3,2026-03-12 14:00:58,notifi kasi buruk
1,2026-03-12 10:05:18,fitur share screen nya login nya susah udah pake password tapai
5,2026-03-12 09:33:59,apik tenan pokok e
3,2026-03-12 05:21:15,join server home mohon baik ya
2,2026-03-12 03:59:31,ngebut update
4,2026-03-12 03:55:00,video
1,2026-03-12 03:38:11,premium mahal guna
1,2026-03-12 01:23:13,sampah bahasa indonesia
1,2026-03-11 23:31:48,udah masukin email pasword login kagak mohon baik
1,2026-03-11 22:39:47,halo tim alami login kirim kode verifikasi masuk akun coba kali terima kode mohon bantu ecek bantu atas terima kasih
2,2026-03-11 18:05:00,benerin bug mental dc voice menit langsung pental an cuman kali
5,2026-03-11 16:40:02,bagus teman
1,2026-03-11 15:55:07,jujur sungguh kecewa kemarin dc nitro trial guna trus ambil trial nya tuh minggu iseng ambil trial ya gratis trus buka dc bulan gitu isi saldo eh saldo nya potong k sungguh aneh langsung cek riwayat trnyta mksudnya gimana yak ngasih gratis ujung nya sedot dana guna tolong reffund dana k
1,2026-03-11 14:48:27,sampah kode verifikasi kirim
1,2026-03-11 14:19:42,sampah gw udh atas kena batas
5,2026-03-11 13:11:45,asik coy dpt tmn
4,2026-03-11 06:55:52,bagus main teman
1,2026-03-11 06:01:26,kadang bug suara muncul denger bintang
1,2026-03-10 16:30:54,ngebug masuk ngestuck dll hp gw uda bagus
1,2026-03-10 14:24:24,dengar suara voice share screen gua ngomong kaya orang gila
1,2026-03-10 12:34:09,login ribet terjemah bahasa lengkap
5,2026-03-10 11:54:30,bagus main bareng teman komunikasi bareng temen
1,2026-03-10 10:18:54,youtuber pakai atur udah masuk please biar ngobrol youtuber
1,2026-03-10 09:45:23,tolong donggg akun pencet uninstall lupa password pencet forgot password nya bilang direset lepas masukin password account dettect gitu habis ganti password kaya gitu pngnnn akun ku plis yaa nang
2,2026-03-10 08:42:54,kikirrrrr pelit banget sih developer stiker doang bayar coba gifnya hehe trus buay yag halaman profile keren kah nih w kasih yw stiker jan bayar napa plus kasih tambah custom stiker cutom stiker bayaar klostiker bwaan mah cuman gitu loh
1,2026-03-10 08:20:16,bintang log in sandi simpan tulis buku email no ponsel log in jelek banget layak sandang bidang
5,2026-03-10 05:04:40,voice hadiah
1,2026-03-09 22:43:12,suka ceo fitur verifikasi baru
1,2026-03-09 20:24:30,masuk server minecraft kena disable i m always come back
1,2026-03-09 18:38:14,jelek registrasi bahasa aneh
2,2026-03-09 17:55:03,kesini aneh suka keluar kadang gada suara orang ngeleg ngeleg tolong
3,2026-03-09 15:43:15,bagus bahasa indonesia atur pusing orang bahasa kali buka
2,2026-03-09 15:15:43,ngikutin komunitas gitu event adain sempat dapet merchandise ngirim foto pesan doang upload ngilang udah kali coba hilang salah gaada kirim kek gin kirim kecewa banget
5,2026-03-09 08:43:46,what the hell gua cuman baca baca tulis menit udah download
5,2026-03-09 05:40:44,mantap ane login akun ane sandi nama udah bener udah simpan googl tetep gg
4,2026-03-09 05:01:50,nggk tau makenya
5,2026-03-09 04:15:14,tolong tambah bahasa indonesia
1,2026-03-09 02:58:53,suka bug
5,2026-03-08 23:40:00,aatujuan
1,2026-03-08 20:46:37,notifikasi telpon muncullll
5,2026-03-08 17:45:54,menginstal apk liat rate dapat org apk apk bagus
5,2026-03-08 15:43:24,suka banget apk cari temen dll
1,2026-03-08 15:38:08,tolong baik bug akun ilang akun hilang register login masuk password email dll dua gagal hilang hasil ngulang akun bug bener bener ngeselin tolong baik
5,2026-03-08 13:54:35,bagus bantu anak broken home bantu informasi game bagus bagus
1,2026-03-08 13:45:43,log in lupa password pas klik forget password impossible log in akun lupa akun gmail pake passkey suruh pake device tolong baik org keluh login gmail nya eks salah pw nya ganti dasar aneh
5,2026-03-08 13:04:47,baik cari teman hobi gaming ajar bahasa pemrograman komunitas cinta kucing foto profil yanto screenshot gabung server dunia
3,2026-03-08 12:56:30,aneh nya masuk
3,2026-03-08 11:46:35,nyaman login alami kendala kali login ready password nya mohon baik terimakasih
5,2026-03-08 11:40:38,tarik kenal ajar
5,2026-03-08 07:38:01,apk hebat
5,2026-03-08 06:57:09,saran kasih bahasa indonesia
1,2026-03-08 06:08:56,guna
1,2026-03-08 05:56:26,login banget email pw emg
3,2026-03-08 04:55:58,tolong login suruh masukin alamat email
1,2026-03-08 04:41:25,update in tuh lag lag mulu jaring gw aman aman gajelas
1,2026-03-08 03:32:34,banget update kali login akun puqi
4,2026-03-08 02:56:34,bagus dapetin item gratis diroblox
5,2026-03-08 02:33:16,gw kasih bintang ya sih
1,2026-03-08 00:32:04,pas login tuh susah banget udah ulang kali kali
2,2026-03-07 16:54:33,tolong baik gimana masuk nomor telepon email
5,2026-03-07 16:38:14,pokok
1,2026-03-07 15:51:18,ini ken akun pas verifikasi karna robot tuh kasih puzzle udah selesain eh selesain sistem spam ya tolong baik
1,2026-03-07 14:43:20,gua voice suka benerin capek bulak dc join voice
1,2026-03-07 14:22:36,login email no hp
1,2026-03-07 09:25:21,jelek bikin akun mental anah
1,2026-03-07 08:41:01,jelek
3,2026-03-07 07:22:10,suruh verifikasi nomor telepon kode verifikasi kirim sms kirim tunggu main teman developer please read this as soon as possible
1,2026-03-07 06:53:41,login anjir
2,2026-03-07 04:50:57,bagus sih login masalah
1,2026-03-07 01:31:37,akun
1,2026-03-07 00:58:57,susah login otp masuk masuk sms tolong kuat password nya ribet banget
3,2026-03-07 00:53:26,top kadang bug harga nitro sering lah adakan diskon
1,2026-03-06 23:01:04,kgk masuk jier jdi mls gw make ni gara gara kgk masuk riski cepat
1,2026-03-06 21:33:41,login register
2,2026-03-06 17:46:01,akun masukin no code nya bngtt muncul nya udah coba ulang kali ngecek wifi normal code nya muncul no
5,2026-03-06 17:05:29,bagus bangettttt
1,2026-03-06 14:01:14,login susah masuk server susah sulit pokok
1,2026-03-06 13:56:04,haram
4,2026-03-06 13:45:40,gatau knp suka
4,2026-03-06 13:08:40,cantik sih suka
1,2026-03-06 12:26:21,gajelas pas voice gada suara pdhl udh setting bner
1,2026-03-06 12:01:30,tolong bug perangkat hp baik akun informasi nya sesuai cepattttttttt
2,2026-03-06 08:39:01,mohon maaf tolong isi sandi lupa baru pake sandi moga baca maaf salah yah kak
1,2026-03-06 08:31:07,mintol baik udah nyoba login kali kali ganti akun engga login
5,2026-03-06 05:38:18,apk guna
1,2026-03-05 22:14:14,gimana sih gabisa login temen bilang aman pas kirim pesan failed nyoba logout eh loginnya gabisa tulis not your fault sampe gabisa
5,2026-03-05 22:09:04,keren gg cihuy
1,2026-03-05 22:04:46,akun logout langsung hilang bolak ganti akun susah masuk disc nya eror tolong milik teman disc hilang baik nya pakai bot manusia
1,2026-03-05 22:01:35,terkadang suara pantul noise ganggu
5,2026-03-05 20:22:52,seruuuu chattan temen mabar temen voice chat dll mudah komunikasi orang
5,2026-03-05 18:40:16,tolong adakan terjemah otomatis obrol pesan
3,2026-03-05 15:41:49,mudah chating
1,2026-03-05 15:25:11,telfon mati cewe ku sendiriann malem
2,2026-03-05 15:09:01,deteksi robot nya benerin gw bener salahin
1,2026-03-05 14:17:42,login akun tolong baik
1,2026-03-05 11:42:58,tolong baik error rare karna mendownload tiba tanda buat komunikasi teman janji main teman
1,2026-03-05 11:18:11,susah login akun
1,2026-03-05 10:57:34,pas tanggal maret gue chat chat warna teks pudar kirim server udah nyoba versi dekstopnya hp rumah chat liat gambar temen gue gitu
1,2026-03-05 10:08:10,koneksi lancar main game lancar buka ngebug internet
1,2026-03-05 09:17:22,cacat gimana susah daftar kondisi jaring stabil kena eror mulu
1,2026-03-05 08:19:26,gabisa kirim message orang ya message orang masuk udah logout trus coba masuk gabisa tolong baik ya kesel banget ganggu gin nunggunya
4,2026-03-05 06:10:36,dapet nitro gratisssss engga dapet
1,2026-03-05 05:55:52,suka login meding install
4,2026-03-05 05:31:29,tarik
1,2026-03-05 04:45:34,main catur jelek eror jahat main pilih kasih cuihhh
5,2026-03-05 02:57:06,akun gimna ya
5,2026-03-05 02:23:13,baca minnnn ihhh sihh pas verifikasi nomor hp kirim sms kode nya kirim kirim sihh baik cepat plissss jengkel gue wehhh banget inihhhhh
1,2026-03-05 00:16:40,pas akun kagak jelek
1,2026-03-04 21:25:54,banned banned mulu ya anj kocak ngapa ngapain jing voice doang itu ngomongin aneh aneh tolong baik ya staf staf ai ai oon ya dongo marah banget aing
1,2026-03-04 16:54:55,kena suspend permanent udah akun suspend alas akun bikin besok nya kesuspend permanent masuk voice mana server nya sehat langgar pandu
5,2026-03-04 16:05:08,enak bet main game bicara suara nya lancar banget
5,2026-03-04 15:39:33,tambahin yt music
1,2026-03-04 14:45:45,kena banned alas kali kali usia salah apa
5,2026-03-04 08:20:15,wehehe seru banget nyari server roblox game nya ketemu server pro dapet teman ngajak bicara mabar
1,2026-03-04 07:51:16,gimana sih pas log in salah udah benr nih pas uninstall stuck
1,2026-03-04 06:39:18,masuk server bug verifikasi
1,2026-03-04 05:08:34,lindung privasi nomor telepon guna
4,2026-03-04 03:54:58,awoakwok enak vcs
5,2026-03-03 23:55:15,bagus tolong baik login error mulu login
2,2026-03-03 23:55:07,banyak bahasa inggris susah login
1,2026-03-03 23:45:10,tolong notifikasi batas server anggota
1,2026-03-03 23:29:20,login tulis network is offline pakai wifi lancar lancar tolong baik
1,2026-03-03 21:44:48,hello nih pas log in udh email ny bnr tetep gabisa apalgi pas pencet robot salah pls tolong lahh kemaren ngebug applikasi nya ilang pas log in susahin gin
1,2026-03-03 20:17:08,ganti ceo susah login bjirr
3,2026-03-03 18:02:00,pesan gagal trs pdhal teman log out bs login rare error
3,2026-03-03 17:57:24,ya pake data cht pake wifi gabisa eror hp tolong baik
2,2026-03-03 14:45:13,verif nomor gbs trs on mic ama temen jdi gbs baik sono
4,2026-03-03 11:26:00,woilah ngebug cik gabisa buka voice channel masuk
1,2026-03-03 10:57:29,susah banget kait nya akun google sandi google nya udah udah kali akun google
1,2026-03-03 10:22:22,apa login sulit
3,2026-03-03 09:41:42,mohon maaf bahasa inggris erti coba lengkap pilih bahasa
5,2026-03-03 08:46:10,gatau seru
2,2026-03-03 08:13:27,anjg gw udah bikin akun login emang apk ngentottttt
3,2026-03-03 07:25:16,ubah bahasa indonesia
2,2026-03-03 06:08:26,bicara orang aneh anu tanggal masuk
5,2026-03-03 02:26:47,suka banget ngobrol main bareng youtuber kenal xd
1,2026-03-02 23:15:51,sengaja kasih bintang log out akun log out bikin password lupa password nya pas masuk nomor nya pencet forgot your password abis suruh masuk kode konfirmasi sms kirim paksa bikin akun kecewa data teman akun tolong baik bug coba ubah
1,2026-03-02 17:36:17,daftar masuk ko ribet banget ya kadang gagal nggak kaya daftar instagram daftar otomatis apk guna mesti
1,2026-03-02 14:18:57,pesan loading mulu kaya gangguanh sinyal pdhl aman hadeh
1,2026-03-02 14:12:11,tekeluar langsung display register males
1,2026-03-02 11:22:56,apk titid gw log in kaga bisa memeg gilir udh dah jdi akun nya ulang gejelas ngntod
5,2026-03-02 11:03:34,bagus bs bicara ama teman telpon
4,2026-03-02 11:01:42,bagus dpt info game
4,2026-03-02 10:27:16,suara kresek
1,2026-03-02 10:10:19,login bener nya sih anj password dah bnr salahin anj mending dibikinin login langsung make akun google kyk x dll gin bikin simpel napa
1,2026-03-02 10:04:06,kembali refund transaksi rp
5,2026-03-02 08:50:38,kadang join tmn roblox link game
1,2026-03-02 08:39:17,oke kesel bagi verification required nya udah kasih email ama password nya kali baik
3,2026-03-02 06:05:42,slmenyenangkan
1,2026-03-02 05:18:55,apk gajelas tiba akun suspend hubung cs ai tholol
1,2026-03-02 03:44:17,tidah ku suka karna kasi imel
4,2026-03-02 00:09:27,suka sih main bareng teman chat gitu bikin enak nya ubah bahasa indonesia mohon upgrade apk bahasa indonesia
4,2026-03-01 23:50:34,kasih bahasa indo
5,2026-03-01 21:32:04,terbaekkk
3,2026-03-01 18:40:00,saran tolong kasih bahasa indonesia biar mudah nya
5,2026-03-01 17:13:32,jujur suka apk nya berkat apk teman abang ehehehe sayang bug nyaa gapapa momen lucu sih pliss nih apk suka bangettt
5,2026-03-01 16:50:41,seru banget plis udh nyiptain thank you so much i love you
5,2026-03-01 13:44:05,menrutku guna banget game chat foice
5,2026-03-01 12:41:38,sempurna harap versi mobile playing game status versi pc
1,2026-03-01 10:19:46,log in sandi email salah
1,2026-03-01 09:18:49,tolong bug baik cewek gw chat kirim kirim oi bug gw kasih bintang y
1,2026-03-01 08:28:22,apasih suruh verif verif dh ku verif kali g bsa bsa
2,2026-03-01 07:34:15,tolong subtitle indonesia apk nya nya paham bahasa
1,2026-03-01 07:12:36,loginn
2,2026-03-01 06:47:14,login salah pasword akun login akun password tulis akun
1,2026-03-01 05:02:46,apk adil
1,2026-03-01 04:31:02,mudah
1,2026-03-01 03:50:18,download harap bahasa indonesia eh taun nya bahasa indonesia moga bahasa indonesia indonesia milik guna bahasa indonesia
5,2026-03-01 03:24:42,seru seru
5,2026-03-01 02:41:15,mntap
2,2026-03-01 01:25:58,log in tolong baik
1,2026-02-28 22:30:11,tolong tambah bahasa indonesia tambah fitur milik fiturnya website hapus server dekorasi avatar efek profile permanent jual toko orbs mahal
4,2026-02-28 21:50:23,baguss cuman tambahin fitur bahasa indonesia
1,2026-02-28 21:22:39,tolong gimana refund uang langgan mendownload discorde saldo potong langgan
2,2026-02-28 19:33:48,tolong gimana udah bulan nyoba login reset sandi masukin kode sms masuk kode nya nomor pasti nomor masuk
1,2026-02-28 17:47:59,bug gjls
1,2026-02-28 15:09:18,batal nitro saldo kembali main tarik uang orang izin
4,2026-02-28 12:54:31,min bikin akun
1,2026-02-28 12:19:11,pas udh akun
4,2026-02-28 11:24:12,baik masak suruh verikasi email mulu udah gw verikasi suruh gimana sih bikin kesel njirrr
3,2026-02-28 11:06:01,susah masuk
1,2026-02-28 11:04:54,simpan foto hp tolong baik cepat
1,2026-02-28 10:34:49,register captcha ulang udah bener ngerjain ngulang
1,2026-02-28 09:48:14,pas bikin akun ngestuck
1,2026-02-28 07:28:21,gw masuk server gw udah kasihtau gw robot tetep masuk server lol bet jing
5,2026-02-28 07:20:16,seru ngobrol teman
1,2026-02-28 07:12:26,bener gua login kali cuman chat
5,2026-02-28 06:46:48,bagus teman gua
5,2026-02-28 05:23:30,bagus nyari temen mudah
1,2026-02-28 04:19:20,kagajelas dah apk nya sandi dc gua udah ngga masuk nggajelas
5,2026-02-28 03:39:08,mantap komunitas
3,2026-02-28 01:58:11,tolongggg taruhh bahasa indonesia please
1,2026-02-28 01:55:57,udah beli nitro support googleplay cuy alhasil saldo balik dalaam itu bentuk saldo google play
4,2026-02-27 21:58:59,login kembang muda bentuk nomor telepon email kendala login
3,2026-02-27 17:52:12,tolong baik bug nya coba masuk tpi halang bug benci bug tolong baik bug nya
1,2026-02-27 17:31:24,buruk verivikasi mulu
5,2026-02-27 13:37:02,kendala log in
2,2026-02-27 12:05:36,call nya mati main game
1,2026-02-27 11:58:43,jelek akun tuju nya biar ngedownload mod suruh login gw lupa pasword nya
4,2026-02-27 09:02:29,bagus gada bahasa indo
1,2026-02-27 07:46:01,bikin akun cok pake nomor kirim sms nyaa pake gmail bisaa
1,2026-02-27 06:31:06,pas verifikasi akun email knp bugcord
1,2026-02-27 06:18:50,ulang kali kali login tolong sistem baik sistem terima kasih
1,2026-02-27 06:07:44,daftar bug download
4,2026-02-27 05:58:33,bagussnyaa komunikasi
5,2026-02-27 02:18:49,senang tiket ketemu gm
1,2026-02-27 00:08:01,kesel hapus akun bilang password does not match password nya bener make yng ttp ogah banget gamau download
1,2026-02-26 23:43:53,update jelek banget bug benci buka bug
2,2026-02-26 19:36:38,putar video layar tampil warna hitam audio dengar rusak grup audio jalan kali kali pilih copot hapus
5,2026-02-26 15:58:30,ribet pake ktp
1,2026-02-26 15:34:29,register blabalabala invalid mulu freak
1,2026-02-26 15:30:14,suruh join akun tolong benerin
1,2026-02-26 15:28:40,bug teman keluar server jaring
1,2026-02-26 13:58:47,apa ni pasword dah bener udh liat salin pasword password manager google tetep pasword nya salah pls ganti username seribet masukin password dah bener ni salahin
1,2026-02-26 08:33:01,aneh banget gw masuk akun gbsa hadeh
5,2026-02-26 07:46:35,w yng bikin dc masuk dc temen
3,2026-02-26 05:38:24,bagus sih bagus masuk susah banget kesana kesini
1,2026-02-26 05:18:16,aneh voice nya hp suka ngebug gada suara nya tnda ijo nya
2,2026-02-25 20:46:36,gimana masuk game nya
5,2026-02-25 15:55:36,seru banget wk
1,2026-02-25 13:43:47,login ribet banget jir parah
1,2026-02-25 13:26:32,apknya jelek bug udah login kali kali tetep udah ganti ganti akun tolong perhati bug nya tau uang
1,2026-02-25 12:56:52,burik hapus
1,2026-02-25 10:15:50,pesan diloading langsung muncul alhasil pesan baru muncul
1,2026-02-25 10:04:10,make redeem codenya gimna sih nemu dah liat tutorial
1,2026-02-25 08:32:05,dikit wait are you human gw robot gw udh verif bilang robot
5,2026-02-25 06:11:55,bagus nya akun ilang teruss
4,2026-02-25 05:22:02,nih sedia auto translate ku tambahin bintang
3,2026-02-24 23:00:01,gagal verifikasi akun robot gabisa skip ngulang
1,2026-02-24 22:15:54,bikin akun susah cocok gambar
5,2026-02-24 20:21:07,ni apk bagus banget bjir gua gatau orang bilang nya susuh login nya login nya mudah tolol
5,2026-02-24 20:16:46,bagus bangettt
1,2026-02-24 07:54:27,lu niat sih bikin login udah gitu benerin
5,2026-02-24 07:34:52,makas banget min mabar gm ken banget mabar
5,2026-02-24 07:13:49,bagus gampang komunikasi aman bug apa
1,2026-02-23 22:53:59,gajelas login akun pw nomor nya bener verifikasi nomor telepon gilir udah verifikasi kasih kode verifikasi udah ngajuin banding nya selesain panjang udah gitu bantu suruh banding kasih solusi
1,2026-02-23 19:37:11,atur ribet
3,2026-02-23 16:40:45,bug mic fungsi
1,2026-02-23 15:23:00,gua login gua udah masukkin
1,2026-02-23 14:41:45,gajelas pas share screen ngga ngomong ngga vois dah baik dahhh
1,2026-02-23 14:12:38,ok
1,2026-02-23 12:07:00,napa dah no hp udah bener tetep kirim kode verify nya udah hari coba tetep udah saran orang yt tetep apk urus hapus hapus play store
5,2026-02-23 09:54:58,dancok login susah tempek nggateli
1,2026-02-23 09:23:44,chat ter load muncul notifikasi
1,2026-02-23 07:27:23,login masuk
1,2026-02-23 07:20:22,gabisa akun
1,2026-02-23 05:45:30,kirim nomor hp kode verifikasi kirim jujur kecewa karna update bug dibenerin mohon
5,2026-02-23 02:47:54,notif mobile push nya muncul
5,2026-02-22 22:53:48,keren aktif
4,2026-02-22 21:58:59,bantu obrol tau sneaks update game voice
3,2026-02-22 19:28:57,kena bug spekear mic
5,2026-02-22 16:33:09,seru banget
1,2026-02-22 13:25:10,pas liat stream temen eror dah
3,2026-02-22 12:38:02,baik ya mesti mental call si moga baik cepat
1,2026-02-22 11:25:36,nih apk eror susah bener log in
5,2026-02-22 10:43:06,apk nya bagus komunikasi bagus grup apk
1,2026-02-22 09:15:51,kesal login alami kendala login verifikasi lokasi link verifikasi kedaluwarsa akibat ulang proses login kali kali mohon bantu sistem login stabil cepat expired terima kasih
1,2026-02-22 08:21:35,code nya udah masukin nomor telepon
3,2026-02-22 08:12:24,log in nya susah bjir
5,2026-02-22 06:10:40,apk guna informasi mudah erti hadiah
3,2026-02-22 04:17:49,informasi channel terima muncul rugi orang
5,2026-02-22 03:11:50,mabar talon kasih secret
5,2026-02-22 01:11:55,nya bagus
1,2026-02-22 01:01:27,apl bodo mo login susah udah passkey bilang invalid udah gitu pas coba pake akun suruh masukin code kirim email kasih code kecewa apl banyak syarat syarat
5,2026-02-22 00:59:40,bagus
5,2026-02-21 23:31:06,nya bagus dah males ketik
5,2026-02-21 21:01:04,guna bngt
5,2026-02-21 16:47:47,bagus banget nobar bokep bareng tmn tmn mantap
1,2026-02-21 16:16:06,alami login bikin akun masalah tolong baik ya
5,2026-02-21 15:41:08,guna
5,2026-02-21 13:54:58,bagusss
1,2026-02-21 13:01:38,tulis wait what are you human pw login
1,2026-02-21 12:34:53,apk gua akun dasar apk
1,2026-02-21 12:24:54,bikin emosi pas log in buat akun tolong baik
1,2026-02-21 12:02:56,daftar ribet
1,2026-02-21 12:01:41,apk nya coba log in gara fitur deteksi manusia pas log in kasih codenya dasar
1,2026-02-21 11:44:42,gbisa login udah coba kali error
1,2026-02-21 07:38:35,gw login gabisa email pw nya dh bener pls baik udah ampe baik niat g si
1,2026-02-21 07:23:03,masalah woy baik tot
3,2026-02-21 06:59:44,uhh download register somehow yaa coba pakai email pake register error karna email udh dipake ngpa ni
2,2026-02-21 06:57:04,pas login pake nomor hp nunggu digit loh muncul dah jam nunggu kasih mohom devolopernya admin baik cepat kirim gir verify nya
1,2026-02-21 06:50:03,susah bikin akun nya
1,2026-02-21 05:53:39,jelek verivikasi robot udah kali kali tetep masuk gimana login coba
5,2026-02-20 22:19:23,baik
5,2026-02-20 20:39:26,kntl nggae akun angel men kudu verivikasi barang
1,2026-02-20 17:22:16,allah sakit hati bener ngapa in akun ku cm vakum hapus akun login akun ku dipake nomor telp ku ilang akun akun tolong ubah
1,2026-02-20 16:33:27,bug register guna chaptca ulang kali jelas akun baik bug aneh tahan bug
4,2026-02-20 15:15:12,semenjak update baru ama fitur nya bagus tolong fix semenjak update for close mulu voice fc tolong fix
2,2026-02-20 13:45:11,install
4,2026-02-20 12:54:37,kasih nya gabung pi network
1,2026-02-20 11:55:06,ganti password akun susah hapus data bug
1,2026-02-20 10:16:21,tolong min bug notifikasi hilang dibenerin pasang hapus apk dihidupin motif tag dll muncul
5,2026-02-20 06:55:36,nya bagus manfaat cari teman
5,2026-02-20 05:38:00,keren luarbiasa serba serba cepat manfaat
1,2026-02-20 04:21:01,utuk login susah banget tolong baik login
1,2026-02-20 02:37:17,dah susah login suruh masukin nomor telepon abis suruh konfirmasi pake password lupa tombol reset passwordnya emang nih apk jelekbet akun kena hack
1,2026-02-20 02:22:43,apkasi buruk gmail udh bener nomor telepon udah bener salah udah laku hasil zonk emang udh rusak ni apk
1,2026-02-20 00:31:49,login akun bikin akun aneh banget
5,2026-02-19 21:17:53,perlu have fun bagus buat server
4,2026-02-19 14:54:23,pas bikin aman pas suruh temenku bikinin akun log out pas udah tinggal confirmasi nunggunya lamaaaaaa banget sampe jam sape jam
1,2026-02-19 14:43:24,susah banget daftar nya
5,2026-02-19 14:39:06,bagus samp rp
1,2026-02-19 13:59:05,tolong benerin apk sumpah gw kesel bet udh suruh masukin nomor ama akun eh mulu gjls bet dah
1,2026-02-19 12:21:30,ribet bet dikit dikit verify itu
5,2026-02-19 11:30:29,tambahin fitur desktop phone onboarding etc
5,2026-02-19 09:59:59,seru tp lupain ak
5,2026-02-19 09:54:53,tambahin bahasa indonesia napa
5,2026-02-19 08:41:52,bagus jelek
5,2026-02-19 06:50:03,suka gara fitur orbs
1,2026-02-19 06:07:10,update suara voice engga ngobrol
5,2026-02-19 05:04:52,guna suara beda langsung voice gamenya
1,2026-02-19 04:06:55,bagus cocok cari teman
1,2026-02-19 03:53:27,pasu nomor telepon email tolong baik
3,2026-02-19 00:05:36,mic suka eror mantul tolong baik
5,2026-02-18 23:35:47,guna
3,2026-02-18 16:54:49,tolong baik koneksi
1,2026-02-18 15:42:29,pas login coba buktin robot tetep dah bener robot dah coba kali ngawur rate benerin napa anti ai nya manusia ai
3,2026-02-18 15:02:20,orang toxic baperan bercandain dikit langsung besarin
5,2026-02-18 14:31:26,tolong adain bahasa indonesia developer lebih apk bagus
5,2026-02-18 13:55:17,coba moga bagus
5,2026-02-18 09:04:32,tolong gimana ya suruh verify phon gabisa teruss
5,2026-02-18 07:31:36,main game bareng bicara pokok nya bagus banget
2,2026-02-18 06:30:16,kirim video video nya video bawa bintang moga baik terima kasih
1,2026-02-18 02:25:28,susah login nya
1,2026-02-18 00:58:20,pas register loadingnya banget lag gada angin
1,2026-02-18 00:50:40,ni apk niat sih guna pass daftar udah ku masuk in identitas tuduh robot pas masuk periksa robot tuduh robot udah coba kali tolong benerin cuman bintang pringatan
5,2026-02-18 00:40:46,guna
5,2026-02-17 14:25:42,ok cari temen mabar
5,2026-02-17 12:43:25,cocok introvert hobi main game berkat ni apk mudah masuk komunitas game mana besarin jaring kota loading kadang karna lelet ya the beast
1,2026-02-17 11:48:43,umur umur
1,2026-02-17 11:47:37,gilir masuk nomor telepon dc mlh rate limited
5,2026-02-17 10:27:43,pokok bagus
5,2026-02-17 09:30:23,teman
1,2026-02-17 06:53:57,buruk
1,2026-02-17 05:37:35,update bug staf nya ngerti baikin ngga
1,2026-02-17 05:23:47,bagus
5,2026-02-17 04:57:45,mohon log in baik orang milik ganggu coba ikut instruksi log in kecewa log in pakai nikmat
1,2026-02-16 22:02:20,apk nya sih bagus login ulang loding nya banget udah gonta ganti jaring udh ganti wifi ganti kouta
4,2026-02-16 16:03:03,keren
1,2026-02-16 14:27:01,apk nya logout masuk pw email nya udh bner males main dc
5,2026-02-16 14:23:24,asli super duper asyik loh komunikasi whatsapp dengerin music main game meeting share screen kualitas video baik terimakasih udah uninstall hampa banget gabisa dengerin music buka apk spotify enak deh poko sehat baca ye
4,2026-02-16 13:33:31,ya kadang mic nya suka nyala kecewa banget
5,2026-02-16 11:12:27,bantu
1,2026-02-16 08:58:13,apa apk gj udah gw masukkin pw nm bnr bilang salah gw sampe akun tetep nih apk gj banget login diapk selamat lol developer lupa benerin loginnya ya udah dalem bug tambah masuk bug gila bugcord
5,2026-02-16 08:18:02,info tambah dukung bahasa indonesia versi kadang otomatis aktif sempurna terjemah cek settings language pilih bahasa indonesia paham bahasa inggris terimakasih
5,2026-02-16 08:17:12,mantap bantu
2,2026-02-16 07:44:59,kasih bahasa indonesia bikin komunitas susah karna ngerti
1,2026-02-16 04:43:27,gimana veify masuk nyaa email mauuu gimana banget tolong salah
1,2026-02-16 04:15:55,gabisa verifikasi nomer telpon masukin tolong udah rated limited
3,2026-02-16 03:11:31,sebenernya udah bagus banget call mic nya gabisa suara error gitu load nya
1,2026-02-16 02:09:12,tolong baik rusa buat akun no telfon udah alamat gmail sandi valid login akun
1,2026-02-16 00:45:53,mendownload alas memo penuh memo dah gb tolong dah ilang
1,2026-02-16 00:29:25,urus masak iya login masalah gabisa masuk baik ya urus bijak duit duit duit fitur nya rusa baik
5,2026-02-15 17:40:15,code verivikasi muncul udah nunggu jam apk rusak
5,2026-02-15 12:05:12,mantap pkoknya apk the best moga depan bagus amin
3,2026-02-15 10:47:09,udah lupa password pas bikin akun gabisa pake
2,2026-02-15 08:41:11,main sirkel sirkel an
1,2026-02-15 08:13:37,sih suka bikin akun
1,2026-02-15 08:00:18,penuh bug
4,2026-02-15 07:18:14,tolong adakan bahasa indonesia pliss
5,2026-02-15 06:07:56,apknya bagus
1,2026-02-15 02:59:53,hati instal rawan curi data
1,2026-02-15 02:05:27,sampah susah login
5,2026-02-15 01:49:28,main seru pemihbtaktik trik tugas misi saat sibuk sempet main yah pokok nya seru buru download let s go main
5,2026-02-14 16:16:01,oke
5,2026-02-14 14:06:22,ngebug mulu dah kirim chat
3,2026-02-14 13:44:55,ban lgsg ban kali kali
3,2026-02-14 13:25:26,lumayan login script
1,2026-02-14 13:19:11,tolong menginstal
5,2026-02-14 11:57:51,tambah sistem bahasa indonesia
1,2026-02-14 08:18:44,maaf ni kak sengaja kasih bintang nunggu kode daftarin nomor bener ya mohon tinjau
1,2026-02-14 07:37:11,woi apa gajelas gw udah download jam siang sampe jamsetengah pas login udah tau masuk serverjadi apus login dah dimasukin paswordnya email nya login loding loading
1,2026-02-14 07:17:43,masuk glitch bug tolong baik
1,2026-02-14 06:39:50,join motion ime dah udah join ilang aneh banget dah anjir
1,2026-02-14 05:18:24,rewel login akun satu suruh cek gmail pas pencet verify login suruh coba anj
5,2026-02-14 04:33:24,bagus banget mabar temen cari temen mic
4,2026-02-14 01:46:51,mudah simpel
5,2026-02-14 01:06:12,temu cinta
1,2026-02-14 01:03:47,pakai selingkuh
4,2026-02-13 17:26:43,guna indonesia usul tambah bahasa indonesia guna sulit baca menu atur bahasa inggris tambah bahasa indonesia alam pakai mudah nyaman moga saran timbang terima kasih kerja keras tim
1,2026-02-13 14:16:26,udah kasihvpw dah bener bener udah ganti pw invalid anehh
1,2026-02-13 12:14:55,pdf
5,2026-02-13 12:03:06,game enak banget kumpul bareng temen hobi ajar fitur stage voice channel nya bikin interaksi asa hidup bintang pokok
5,2026-02-13 09:48:10,hebat banget
5,2026-02-13 09:42:24,apk gg jir tau informasi game gw
1,2026-02-13 09:40:12,mrngirim pesan tuduh robot bug
5,2026-02-13 08:12:35,nyaman banar kawa bepandir lawan kawan
1,2026-02-13 02:17:11,fitur bikin ribet
3,2026-02-12 14:49:09,verifikasi ktp laku percaya platform turun jujur senang tpi berita hancur
1,2026-02-12 13:18:12,apk tolol bayar
1,2026-02-12 11:52:37,bagus tingkat aman janji
1,2026-02-12 11:52:04,masukin akun gabisa mulu kemarin kemarin jelek
2,2026-02-12 09:42:52,tolong baik login repot
1,2026-02-12 08:27:03,gimana login password email taro nama akun password akun biar gampang susah pake email tau hapus biar
1,2026-02-12 07:59:35,apa suruh resend email
5,2026-02-12 06:39:26,bagus
1,2026-02-12 05:06:44,bijak nya aneh
3,2026-02-12 03:52:52,gin deh udah tmbah bahsa indonesia
5,2026-02-12 02:34:56,apk nya bagus player jago
1,2026-02-12 02:13:54,bintang angkat orang salah bintang tambah batal batas akun
1,2026-02-12 01:30:17,apk yahudi
5,2026-02-12 01:27:06,mantap fiturnya muas
5,2026-02-11 21:47:43,oke
5,2026-02-11 12:38:00,apk bagus cari teman sahabat ku fitur fitur bagus bagus kadang pas loading nya yaa apk cocok introvert banyak stay rumah bisaa teman rekomen banget
5,2026-02-11 08:31:11,bagus info info
2,2026-02-11 06:50:50,pas gue share screen suara gw nya sih asa hp gue jelek ni benerin dc nya gada suara gw pas share screen on ol emang
4,2026-02-10 17:33:29,ganti foto
1,2026-02-10 16:25:46,akun ilang akses bikin akun biar ilang dapet error minimal kasih tau biar ilang
1,2026-02-10 14:32:00,masuk
5,2026-02-10 14:02:43,guna komunikasi
2,2026-02-10 13:40:44,sih susah banget register nya ih
5,2026-02-10 13:23:01,bagus onmic negara
5,2026-02-10 13:11:54,guna banget
5,2026-02-10 12:22:59,guna
5,2026-02-10 12:11:20,guna sesuai butuh
1,2026-02-10 11:55:58,bener kek akun nggak akun udah kasih gmali password dasar game burik
5,2026-02-10 10:50:39,ngak sepi main tinggal bosan kesini lag
1,2026-02-10 08:30:46,tolong bnerin bug gabisa dengerin musik gabisa on kamera on kamera udah gua pakai kali ketemu bug gua tolong benerin
1,2026-02-10 05:27:57,g temn
1,2026-02-10 04:42:49,akun gua tiba hilang akun susah
4,2026-02-10 02:09:52,jujur misi orb play game menit apa dapet orb point worth it download ber giga giga emang jual y silah gw kerjain moga baca
1,2026-02-10 01:17:18,daftar kali loading nya jaring mulus lancar
1,2026-02-09 15:41:42,bahasa indonesia negara negara
4,2026-02-09 11:56:02,apk nya bagus tolong fitur bahasa indonesia
1,2026-02-09 07:55:10,bahasa indonesia
5,2026-02-09 07:06:58,bagus telpon koneksi
4,2026-02-09 05:20:57,udah bagus sih bahasa indonesia doang
1,2026-02-09 05:09:37,discordnya aneh ya tuh akun log in emang aneh nih
1,2026-02-08 15:12:25,apk gajelas udah daftar imel login valid muluk udah masukin imel sandi ribet ni apk
5,2026-02-08 15:02:52,sih nyoba nyoba baca baca kesini pas maen manfaat pake bener sisa orang
1,2026-02-08 14:56:34,udah nyoba kali an stuck tes robot
3,2026-02-08 14:32:25,overall sih ribet login aktif vakum pake email bener bener cepet dapet verifikasi pake nomor banget nunggu kode verifikasi moga ubah ya
5,2026-02-08 14:07:25,kirim pesan
1,2026-02-08 09:52:16,apk jelek hitam bikin emosi mending kasi bintang biar login developer nya dongo perna baik hitam download
5,2026-02-08 08:44:54,laku semuah nya
5,2026-02-08 07:46:56,woi gimana batalin langgananya da
1,2026-02-08 07:28:42,daftar mulek ae sampah ulang sampah
5,2026-02-08 05:18:21,keren banget kayak gitu tambahin uang saldo nya biar top up game gitu orang
5,2026-02-08 05:09:36,bagus sih hehe
1,2026-02-07 21:59:30,login tuh capek udah kali cobain
1,2026-02-07 19:59:23,suara gw pas masuk game ad
3,2026-02-07 15:44:27,nya lumayan bagus tpi mobile optimal mobile engga nge deteksi ngapain denger lagu main game jdi checkpoint tampil top game main quest orb tugas main game menit mobile deteksi device support nya console desktop ngeclaim nitro support mobile
5,2026-02-07 10:35:44,bantu kerja
4,2026-02-07 05:13:28,verify buka nya muncul pakai endak kali verify masuk suruh tolong baik
5,2026-02-06 22:13:58,sepi senang teman rekomendasi orang introvert terimakasih
1,2026-02-06 18:09:57,sulit registrasi nomor telepon email
1,2026-02-06 16:13:16,sering error login pesan masuk kdang suka error
5,2026-02-06 15:19:32,bagus notip delay woilah udah jam notip buka tau ngechat
1,2026-02-06 15:11:50,login akun
1,2026-02-06 14:27:42,alami stuck loading coba buka alam mohon developer atas bug deskripsi update tulis baik bug ku update alami bug tolong developer baik
5,2026-02-06 10:27:44,nya bgus banget
5,2026-02-06 09:42:02,seru
5,2026-02-06 09:35:07,bagus seru ketemu orang pulau malas rumah apk bagus banget moga update ya
1,2026-02-06 06:29:53,akun keluar
5,2026-02-06 01:04:55,bagus banget cocok anak anak dewasa
4,2026-02-06 00:37:44,bagus
1,2026-02-05 14:19:44,login akun gara aktif multi faktor pdhal pake no hp email
5,2026-02-05 12:52:01,apknya bagus banget
5,2026-02-05 11:42:07,bagus afk
1,2026-02-05 11:05:39,daftar email pasword apk rekomendasi
5,2026-02-05 10:44:13,nya bagus bicara temen nggak cape cape twlpon
5,2026-02-05 08:37:35,bagus cuman pas login gagal melulu tolong baik
2,2026-02-05 07:39:19,nge bug jaring vc mati
4,2026-02-05 06:07:42,bagus ngobrol main bingung verifikasi email
1,2026-02-05 03:41:55,gamau login jir akun eror mulu
1,2026-02-04 22:06:01,apk masuk link grup tulis undang kadaluarsa
5,2026-02-04 13:56:23,bagus banget
5,2026-02-04 12:13:25,bagus teman mabar
2,2026-02-04 05:11:14,akun gw ilang gw suruh login ulang gw udah bener masukin pasword nya kagak masuk ama fitur reset pasword nya
3,2026-02-04 02:37:10,bulan x update coba bikin lot apk iya berat
3,2026-02-03 17:13:06,bagus komunikasi teman hubung grup komunitas sayang fungsi terjemah pilih bahasa indonesia
1,2026-02-03 15:54:43,sms kirim anti sandi
1,2026-02-03 15:42:53,login ribet banget are you human are you human ya human ya kali gw kuman gajelas ni apk aneh
5,2026-02-03 11:31:47,udah bagus sih ganggu notif join orang notifnya bikin ngeselin gangguin tolong update biar join orang notif chat orang gitu suka makasih
5,2026-02-03 08:01:10,mantab
2,2026-02-03 06:52:40,invalid mulu bener
1,2026-02-03 06:42:46,gimana join akun ku akun
1,2026-02-03 01:34:51,manajemen akun nya rumit
1,2026-02-02 16:15:14,gajelas gabisa connect akun yt dc tulis failed mulu
1,2026-02-02 12:37:09,masuk anehhh gakbisa bikin sistem rusak
5,2026-02-02 09:48:59,seru bgtt kaya ngechat wa nggk status
5,2026-02-02 08:32:38,bagus
1,2026-02-02 07:25:08,bagus
1,2026-02-02 06:16:42,tolong atur saran guna password sistem guna
1,2026-02-02 05:26:56,pas nyari username temen bener loh gjlss bgtt sumpahh apa
3,2026-02-01 23:53:30,bug tebar aman spam layar hitam dadak server dadak tekan voice voice main game
5,2026-02-01 23:19:10,ajar bagus
4,2026-02-01 18:10:39,tolong baik akhir bugg nya
1,2026-02-01 16:25:00,bugnya gila call kadang suara hilang versi dc sinyal buruk call suara hilang pas hilang hilang
5,2026-02-01 12:35:48,
3,2026-02-01 12:27:12,bug mana share screen suara ku hilang main tonton temenku dengar suara dengar suara share screen nya aneh karna abi buka suara ku muncul share screen share screen suara hilang mohon baik karna belum nya biasa tutorial dc
1,2026-02-01 08:44:29,masuk nya udah coba suruh ulang apk gj
5,2026-02-01 07:04:48,bantu update ya fitur baru
4,2026-02-01 07:01:16,tolong diperbaikin suruh verifikasi nomor pas udah dimasukin human habis nomor sesuai udah sesuai nomor hp nambahin teman nomor hp aneh banget
5,2026-02-01 06:39:30,bagus banget ketemu langsung developer kesukaankuu
5,2026-02-01 06:00:56,bagus main roblox ama kawan ku ngobrol gausah verifikasi roblox
5,2026-02-01 04:23:34,temu orang seru tertawa people come go terimakasih free trial nitro minggu sungguh alam harga kesan hidup injak dewasa pensi dunia game terimakasih mu mustahil komunikasi dunia game poet brings to you by jnthnnll
1,2026-02-01 03:49:03,pas masuk akun ganggu
5,2026-02-01 00:05:19,muas
5,2026-01-31 17:35:30,bagus komunikasi
1,2026-01-31 17:28:21,gajelas puzel dah bener salahin
5,2026-01-31 11:27:16,bagus anting wa
5,2026-01-31 11:12:47,nice bantu
1,2026-01-31 08:29:35,bikin akun dah ku coba kali tetep bikin akun masuk
1,2026-01-31 02:02:58,pas masukn knp gagal mulu sandi udah bener anji woy la benerin napa
4,2026-01-30 22:32:51,connect akun youtube
1,2026-01-30 18:37:29,nyoba daftar udah susah login
5,2026-01-30 15:32:43,untung
1,2026-01-30 15:00:20,niat kah udh bikin loh out udh gitu login ulang sumpah kl niat gt apk sulit
1,2026-01-30 12:21:36,susah banget nya masuk nya tolong baik yah plis akun nih
5,2026-01-30 10:49:47,bagus bahasa indonesia
1,2026-01-30 09:29:26,no telepon resah lupa password kirim sms kirim
5,2026-01-30 05:31:21,baik bangun komunitas nongkrong bareng teman fitur voice channel nya jernih banget minim delay cocok main game diskusi santai sistem role servernya rapi bikin manajemen komunitas mudah seru
5,2026-01-30 05:27:47,bagus banget ketemu cowo ku dri
3,2026-01-30 04:14:39,weh kode verifikasi muncul nunggu nomor verify your number kode muncul tolong weh baik ngechat nomor
1,2026-01-30 01:05:07,tolong baik bagi login ribet pass email udah bener invalid udah otak atik tetep invalid
1,2026-01-29 19:42:18,wait are you human melulu ulang ulang melulu gambar nyaa kecewa banget asli
5,2026-01-29 14:22:07,bagus
1,2026-01-29 13:36:14,akun retas
1,2026-01-29 13:33:56,bikin akun eh login discordnya pake link gitu
5,2026-01-29 13:03:20,enak pakai
1,2026-01-29 13:01:51,macet
4,2026-01-29 12:13:13,tambahin bahasa indonesia orang indonesia pakai orang indonesia bahasa negeri
5,2026-01-29 12:06:30,chatting teman
1,2026-01-29 10:49:19,login aj susah bngt
5,2026-01-29 08:56:06,platform komunikasi populer kalang gamer komunitas mampu gabung obrol teks suara video ruang organisir
5,2026-01-29 08:10:20,kasih bahasa indonesia nya
5,2026-01-29 02:32:05,terimakasih berkat teman jarak gugup bicara
4,2026-01-29 01:38:52,apk nya bagus sayang nya bug kirim pesan sinyal bagus
5,2026-01-29 01:21:54,puas teman tolong benar bug login suruh selesai verif human selesai coba login verif human muncul kali kali login gagal chat orang temu server verif human its okay not problem geser foto nya selesai verif nya berat gambar nya
1,2026-01-28 16:28:38,susah login taiii
5,2026-01-28 16:09:46,bagus karna harris
1,2026-01-28 15:52:41,semenjak uptade dm orang muncul chaptcha gilir udh pencet ngebug aneh
4,2026-01-28 13:50:54,bagus fitur nya
4,2026-01-28 13:00:08,mabar youtuber
5,2026-01-28 10:29:00,bagus mudah moga depan bagus cepat daun
1,2026-01-28 09:51:54,login masuk server vc pdhal udh mskin e mail
1,2026-01-28 08:51:52,apk cacat udh kirim kode valid kesel gw dh x dc gw ilang anj
5,2026-01-28 06:51:31,join discordnya gm masuk recordnya
1,2026-01-28 05:50:03,bug nya males makenya
1,2026-01-27 23:45:35,link bagi developer game buka masuk dicord channel ofisial game ku hapus akibat channel halang buk link tuju
1,2026-01-27 23:45:21,login pakai akun ku
1,2026-01-27 16:14:08,nggak muncul layar hp
5,2026-01-27 13:53:39,seru wa udah
4,2026-01-27 13:41:24,seru server kadang bug sksksk tolong baik ya semangat
5,2026-01-27 13:21:16,bagus guna banget dapet info
1,2026-01-27 11:29:33,susah akun data data akun spam wait are you human kesal akuuuuuu
1,2026-01-27 10:34:07,sampah register susah banget
1,2026-01-27 07:29:53,nitro mahal voice suara bot lagu nya pecah pecah
5,2026-01-27 06:24:01,good bahasa indonesia
5,2026-01-27 05:36:10,fitur bagus
4,2026-01-27 02:50:12,w a sapp bagus ngobrol bareng chating
5,2026-01-26 19:24:03,baik
1,2026-01-26 15:24:28,akun retas retas akun orang mohon tangan serius rugi kasihan milik akun
3,2026-01-26 14:20:40,seringkali lag internet youtube main game lancar gilir pake ngelag
4,2026-01-26 13:41:06,weh lu udah bagus gin awas lu ikut roblox turun tuh rating
5,2026-01-26 12:51:16,bagus ya tolong ya developer kasih bahasa indonesia hp dekstop ya orang indonesia hehehe faham bahasa indonesia bahasa inggris bahasa faham
2,2026-01-26 11:07:27,chat kirim relog work tolong baik internet buruk
5,2026-01-26 11:03:53,ok
5,2026-01-26 09:40:02,manfaat
5,2026-01-26 07:54:13,tambah misi handphone handphone akses sesuai misi where winds meet arknight endfield akses handphone console laptop mudah misi
5,2026-01-26 06:24:07,suka yaudah
1,2026-01-26 02:18:44,hadeh kagak bet apk gw login akun eh salah mulu sandi udh direset trus masuk ulng sandi salah mulu capek etdah
3,2026-01-26 01:43:33,sulit loginnya bayar dpt hero tolong bukti bayar langgan bukti bayar dlm bayar bikin pusing itu mudah terimakasih
5,2026-01-25 16:45:44,join chat
1,2026-01-25 14:03:58,udh daftar trus login gabisa karna ulas nomer pw udh bener udh simpen pas login tetiba muncul tulis sistem pw slah trus ulang tetep slah nya knp yak nge bug kah emng akun bner
5,2026-01-25 11:10:57,oke sih lumayan server liatin orang orang antem
1,2026-01-25 05:58:00,gua benci suruh kasih nomor pas gua ngasih error
2,2026-01-25 02:31:46,kena ultra rare fault atas nya
5,2026-01-25 01:58:20,bagus
1,2026-01-24 16:36:42,nitro scam ngedit theme tolong developer bener nitro mahal woi cape gw beli usaha nabung orangtua scam ngedit profile theme nya rusak tolong yah lapor prabowo cape tau ngumpulin uang
4,2026-01-24 16:22:19,alami ganggu login terima notif orang kirim pesan pas lihat mohon baik terimakasih
3,2026-01-24 12:38:47,kode verifikasi masuk sms tolong baik
3,2026-01-24 12:10:00,tambahin story kayak story ig gitu bagus sih cuman status keti gitu doang
5,2026-01-24 07:46:08,kirim foto ngefreeze apa bintang baca
5,2026-01-24 03:16:08,bagus chat bicara
3,2026-01-23 21:00:36,notifikasi dihp pas nelfon muncul ngeselin banget paok
4,2026-01-23 20:22:30,suara voice chenel ter rekam screen records tolong atas solusi nya
1,2026-01-23 16:59:35,bug ui beranta
1,2026-01-23 13:44:34,burik bug nya
4,2026-01-23 13:01:37,ganggu kirim pesan teman terkadang pesan kirim relog tekirim tolong atas
5,2026-01-23 09:58:13,tolong baik login
5,2026-01-23 08:18:32,mantap
3,2026-01-23 07:14:58,apk bagus tolong tambah bahasa indonesia
5,2026-01-23 00:56:18,distribusi informasi atur bantu
5,2026-01-22 23:10:58,multifungsi
4,2026-01-22 19:42:08,barang barang nya talu mahal ka
1,2026-01-22 18:34:37,buka si admin gajeeee muluuuhh
1,2026-01-22 17:39:58,ras udah pakee imel nya ber fungsi
1,2026-01-22 16:09:29,hey dc gimana si akun ko gabisa login tuh email aktif password nya please gabisa gabisa gara gara akun salah password salah email location please tolong baik yaa gamau tuh cuman maaf ngasih ratingnya jelek sumpah kecewa banget ama
2,2026-01-22 14:25:28,hp buka for close bug buka
1,2026-01-22 13:15:08,leg voice lihat muka susah login
5,2026-01-22 12:52:02,bagus sih
5,2026-01-22 12:44:38,guna
5,2026-01-22 12:43:14,guna komunikasi lain mksih byk
5,2026-01-22 11:58:47,nya bagus guna banget manusia makhluk sosial ntah
3,2026-01-22 10:30:38,ok bagus sih login
5,2026-01-22 09:26:34,seru banget dapet temen mabar
1,2026-01-22 06:03:13,robot bikin kesal
1,2026-01-22 03:18:18,donglow bikin ngelek hp
1,2026-01-21 14:06:05,regis make email aktif bilang email valid pake nomor hp kode konfirmasi nya masuk rusak tolong baik
3,2026-01-21 13:36:28,gagal koneksi akun youtube sinyal bagus tpi gagal laku hasil tpi muncul gagal koneksi tolong developer baik salah bug
1,2026-01-21 08:30:37,gajelas login susah password pas masuk bilang salah pas akun sulit
5,2026-01-21 08:10:07,bagus main roblox tau info info nya
1,2026-01-21 04:45:11,eror gw isi sandi email bener salah salahin trus ribet perkara daftar akun doamg
5,2026-01-21 03:24:15,apknya bagus h verikasi anah drag tolong baik developer
5,2026-01-21 03:15:02,manfaat main game
1,2026-01-20 16:46:46,server down apk sih cuman chatan susah nya ampun
5,2026-01-20 15:04:40,teman
3,2026-01-20 14:53:17,apk bagus udh stiap update nya gada bahasa indonesia coba update skali tambahin bahasa indonesia min
5,2026-01-20 13:20:21,teman
4,2026-01-20 13:12:38,bagus ngobrol bareng yutuber orang seru beda umur
5,2026-01-20 08:29:14,makasih berkat rasa someone special beda provinsi rasa dekat kontak fisik sukses love you clara
5,2026-01-20 06:31:10,aplikaai bagus stabil
1,2026-01-20 05:43:44,gw main web mesti suruh sanding akun hbs tuh coba login susah
5,2026-01-20 00:51:08,manfaat bagi informasi
3,2026-01-19 23:53:55,tambah fitur lupa sandi la
1,2026-01-19 16:18:12,tolong kikir cuman ngirim vidio limit loh tugas niat nya kirim enak tau limit
1,2026-01-19 15:56:36,kena hack tolong benerin akun
5,2026-01-19 14:38:21,bantu terimakasih
2,2026-01-19 14:15:20,pilih bahasa indonesia yaa rada mumet gitu nerjemahin otak nya
1,2026-01-19 14:07:14,buruk gua login sandi salah sma mental benerin tuh jelek kaya gin diemin
1,2026-01-19 14:00:51,apa gw ganti no telpon kirim woi sms wa gw tungguin nih sampe brp jam gtw lupa bener nomor nya udh bener kirim sms wa
1,2026-01-19 10:32:15,link expired tolong
1,2026-01-19 09:45:45,skor telpon wehh
1,2026-01-19 09:09:37,login dah tu bintang ku
1,2026-01-19 09:02:51,tolong apk daftar akun pasu imail sandi gagal sandi imail coba akun pasu nomor hp gagal no wa tolong baik update butuh apk
5,2026-01-19 08:04:12,bagus
4,2026-01-18 23:23:44,bug pilih server select server tolong baik
5,2026-01-18 16:53:20,uh uh uh bagus
5,2026-01-18 14:02:35,kesini gara nyari group theotown jir slah maglumin ya coy
3,2026-01-18 12:59:46,wifi dengar suara teman bicara voice teman koneksi wifi stabil
5,2026-01-18 12:58:00,liat gm tau info cepat
1,2026-01-18 12:25:09,login susah bet asu
1,2026-01-18 09:29:34,bagus si login nya kek ta
1,2026-01-18 08:44:20,dapet cowo tipu cowo ganteng kau janji
5,2026-01-18 08:08:40,bagus ak call an
1,2026-01-18 03:15:06,pas login tiba tuh pdhl udh konfirmasi ya seribet gitu loginnya aneh deh sorry tolong baik depan
1,2026-01-17 23:11:08,pelit mb kirim file telegram gb batas jelek banget mb kirim file
5,2026-01-17 16:00:50,apk bagus he dongo baik tuh makasih login bentar bentar invalid bentar bentar invalid aneh bener niat sih nih benerin makan nih bintang baca pakai mata kayak orang buta cape bener login jam masuk masuk bener susuai screenshot salah bilang maaf spasi ku coba pikir gua coba kali jam coba banget ya
1,2026-01-17 14:41:57,login nomor telepon email sandi bodoh
1,2026-01-17 12:55:15,tolong baik suara play music jelek ubah pas make desktop browser bagus bagus suara
1,2026-01-17 11:44:27,penuh orang txic
5,2026-01-17 11:06:01,bagus ini woi heran deh ngasi bintang tu syukur apk berbayarr
1,2026-01-17 07:18:44,pas login gmail nya salah pas nggak ganti email nya salah sandi tolong developer baik sistem login nya
4,2026-01-17 07:11:13,lumayan tarik chat voice
4,2026-01-17 04:22:22,jarang make sih seru
5,2026-01-17 03:44:29,loginnya lumayan ribet pokok bom pencet tombol putih buka login
3,2026-01-17 02:56:50,lumayan
5,2026-01-17 00:47:56,mantap tau update game roblox
1,2026-01-16 14:05:45,eh anding log in kagak
1,2026-01-16 12:17:59,susah masuk nya bngt
5,2026-01-16 11:09:58,ngebantu banget komunikasi
2,2026-01-16 07:01:40,sih dah bagus kasih bintang login akun pasword nya dah tolong baik yah
1,2026-01-16 06:06:51,didownload udah ngelakuin kayak masukin password dll pas pencet tombol bikin langsung bikin apk stupiddd
4,2026-01-16 04:38:56,dapet teman
5,2026-01-16 01:44:16,apk bagus komunikasi
5,2026-01-16 01:26:48,suka bantu milik handphone spek rendah cocok main game pc handphone kasih bintang karna bantu
4,2026-01-16 00:19:24,gampang ngobrol teman
1,2026-01-15 16:40:22,bug nya su
1,2026-01-15 15:27:22,akun
3,2026-01-15 14:49:37,udh bagus tpi tpi ken kustomisasi tampil gratis gitu loh biar bosen hrus bayar langgan nitro chat hrus join nitro nih udh kayak apk kapitalis
1,2026-01-15 14:11:02,temenku lag dc suara ilang an mulu kanjutttttt manaa ngomong suara ilang ilang tolong baik sumimasenn
5,2026-01-15 01:24:58,cari teman
5,2026-01-14 16:52:34,bagus main bareng sepi kasih bintang
4,2026-01-14 14:19:03,tambah bahasa indonesia sempurna
5,2026-01-14 12:21:49,bagus iklan lancar nya luarrrr
1,2026-01-14 12:09:41,susah login
5,2026-01-14 03:52:20,bagus komunikasi
1,2026-01-13 09:44:06,apelikasinya bagus bangget bugg bangget suka fc bangget
5,2026-01-13 09:42:39,bagus cuan teman mabar
5,2026-01-13 08:57:13,manfaat
1,2026-01-12 14:01:34,ya allah dana hilang karna ngga sengaja langgan potong otomatis banget ngga beli bukti lengkap tolong kembali karna butuh tolong kerja nya ya bayar didik
5,2026-01-12 12:26:09,hai kenal nama apakabar akbar anjay bilang seru temu teman teman jelek hehe thanks
1,2026-01-12 11:22:08,bruhh lambat banget asli register aj ampe nunggu jam bruhh
5,2026-01-12 09:02:45,asli bagus apk
4,2026-01-12 08:07:35,bagus guna
3,2026-01-12 07:16:27,kasih bintang pakai bahasa indonesia
1,2026-01-11 13:32:19,bug cok knp gua chat
5,2026-01-11 13:26:01,bagus
1,2026-01-11 12:56:36,login ribet susah bug hapus kayak gin
3,2026-01-11 12:39:23,aduhh minn kirim link server bnyk orang gabisa chtan aku susah hapus download apk nya update berat astaga
1,2026-01-11 11:54:53,jelek loginin bikin akun hadeh perbaikin bug nya emosi bikin akun udh bikin geramnyoooooo akiuuuuuu
5,2026-01-11 10:55:04,nya bagus chatting ngirim voice role role nya laku fitur keren selain
5,2026-01-11 09:31:31,bagus tarik simple
3,2026-01-11 07:34:52,bagus nya ngobrol mas nya log in nya pake password akun nya akun google tolong kasi tau ya
3,2026-01-11 06:14:19,akun ku ku apainn pasword nya loginin aneh udah ganti pasword nya nya tpi pas pencet ganti ngestuck ngga ganti coba kode verifikasi nya muncul
1,2026-01-11 05:48:09,knp login ya pdahal email sandi ny udh bener tpi ko tolong dev benerin dongg
5,2026-01-11 02:26:57,seruu ngobrol temen dapet temen jugaa
5,2026-01-11 02:07:37,nyaman ngobrol btw tambahin fitur story ya
1,2026-01-11 01:10:17,masuk susah hadeh gimana sih tolong baik ubah
5,2026-01-10 22:38:09,bagus komunikasi
1,2026-01-10 17:52:53,salah mulu gmail
5,2026-01-10 16:19:52,nya bagus bagus orang nya
1,2026-01-10 16:01:44,suara putus ilang bilang dengar
1,2026-01-10 14:50:47,plisss update nonton film rilis bro nonton film rilis pacar gua soalnyaa
1,2026-01-10 12:10:02,aneh udh main nga muncul checkpoin
2,2026-01-10 09:30:43,bug update ngaruh
3,2026-01-10 09:26:22,bagus sih login tuh kayak i m not robot
2,2026-01-10 08:46:17,apk aneh
5,2026-01-10 04:42:32,bagus bgttt ketemu org negeri seru seru mksh
1,2026-01-10 03:38:31,ngebug chat nggak kirim chat nggak kirim
5,2026-01-09 23:48:36,mantab
5,2026-01-09 21:28:52,senang
1,2026-01-09 17:30:44,milik gambar profil ribet mb gambar pilih capek scroll cari gambar
2,2026-01-09 16:58:38,suka apk suka bug general
5,2026-01-09 15:25:37,sulit login pc login hp hilang
1,2026-01-09 15:22:24,udah bikin akun suruh bikin akun pas bikin akun masuk halang in human
4,2026-01-09 15:16:38,membanttu
1,2026-01-09 13:52:09,download susah banget loh kaya sulit salah aneh
5,2026-01-09 12:07:17,bantu
2,2026-01-09 11:32:01,notip mmg
2,2026-01-09 11:07:23,masuk salah server bug
1,2026-01-09 10:51:18,akun pas pakek nomor telpon kirim dh tunggu rusak kalok rusak hapus
2,2026-01-09 07:05:37,pasu tanggal lahir login tpi baik pls ya moga baik
5,2026-01-09 06:47:26,bagus manfaat
1,2026-01-09 04:49:13,sulit masuk verifikasi kelar tolak tolong ya perbaikin mlas makenya proses nya sulit
5,2026-01-09 04:19:17,seru temennya
1,2026-01-09 02:13:34,tolong benerin bug avatar decoration server udah nyoba ganti eror mulu nampilin dekorasi munculin dekorasi pilih
4,2026-01-08 21:21:05,guna setia apresiasi layan efisiensi privasi guna saran tambah fitur hapus pesan direct messages dm hapus manual praktis guna riwayat pesan fitur aspirasi guna harap saran timbang terima kasih
2,2026-01-08 15:23:48,masak masukin pasword bener bilang salah gw bingung
5,2026-01-08 10:45:18,simple
1,2026-01-08 01:54:57,login susah masuk
3,2026-01-07 21:28:41,login dc kunci mfa error sebelumya mohon baik
5,2026-01-07 15:39:07,segi fitur nyaman guna fitur histori chat bantu telusur cakap masuk tarik fitur video history momen sama video call simpan alam teman seru
1,2026-01-07 13:59:25,apk susah login udh bener
1,2026-01-07 13:38:43,susah log in cek pesan gmail
2,2026-01-07 12:47:07,bagus suruh verif gmail chatting server terima telat kode robot muak mohon baik
1,2026-01-07 12:06:10,nemu kode verifikasi mulu notif kacau ah
1,2026-01-07 10:29:06,gajelas nih apk verifikasi nomor email udah gitu tinggal tidur jam kirim kode nya apk busuk
5,2026-01-07 09:59:43,bagus suka malas ketik ketik bagus banget
1,2026-01-07 07:20:08,knp masuk disscord
1,2026-01-07 03:53:49,versi email nya ge
4,2026-01-06 16:39:36,tolong sistem safety nya optimal karna pasang safety apa kena hack wlaupun gapernah pencet link aneh aneh oh iya bkin biar bs status video hehe
5,2026-01-06 15:30:43,wow cari teman negrii
5,2026-01-06 14:59:40,bagus perfect good keren apik pokok baguuuuuuss bangeeet
1,2026-01-06 13:47:06,sakit benerin dah tu login salah mulu register salah mulu aneh
1,2026-01-06 13:13:51,super duper ngeselin login ribet banget
1,2026-01-06 12:57:22,nya ya sakit robot sesuai gambar sesuai salah gimana sih udah betulin
5,2026-01-06 09:22:41,bagus manfaat guna
1,2026-01-06 06:07:49,ketik cari teman ya sinyal bagus cache sih
1,2026-01-06 02:16:05,eror udh selesai robot ngulang trs situ udh pas ngulang lgi udh pas ngulang lgi gitu trs
3,2026-01-05 19:00:35,tolong atur bahasa bahasa indonesia supa erti bahasa inggris pakai bahasa indonesia mudah erti
1,2026-01-05 15:14:25,sulit masuk akun kirim kode otp sms tunggu masuk bikin sandi pasword ngebug
5,2026-01-05 15:00:40,bagus hibur
2,2026-01-05 12:19:42,erorr pas login gara email sandi invalid pake nomor hp
1,2026-01-05 08:48:20,login gagal
5,2026-01-05 05:03:21,seru
5,2026-01-04 17:29:21,lumayan bagus kadang nyebelin
1,2026-01-04 17:11:39,sbentar pending kirim chat pdhal inet lancar
1,2026-01-04 15:55:59,masuk akun verifikasi nya susah kek
5,2026-01-04 11:35:08,download foto masuk masuk jam
1,2026-01-04 09:19:59,udah bener email sandi nya udah bener login apk nya rusak
1,2026-01-04 06:31:48,udah kasih gmail no tlpon tetep g tru tolang tambah bahasa indonesia biaa bahasa inggris sulit login developer nya gimana sih
1,2026-01-04 03:56:58,rusak teman teman mabar roblox
1,2026-01-04 02:48:09,udah daftar pas tes udh hasil ulang ulang
1,2026-01-04 02:16:00,bagus cumak setipa bikin akun udah kasih notelepon alamat iml bisah
5,2026-01-04 01:33:23,daftar masuk lapang kerja konoha
1,2026-01-04 00:55:46,lol login verrivikasi robot nya masuk apk lol
5,2026-01-04 00:41:49,bagus informasi bagus
5,2026-01-03 23:14:30,suka bener ngejokes ajak main super bear adventure gift server seru banget
1,2026-01-03 22:49:27,nggak simpan foto
2,2026-01-03 20:52:20,kocak gw login password nya dah bener
5,2026-01-03 20:42:23,bagus ketemu teman rumah jirt suka interaksi online langsung temu
5,2026-01-03 19:11:40,mantap cocok butuh hari info info game vc alam main teman seru bagi informasi
5,2026-01-03 18:33:38,hibur
2,2026-01-03 16:53:46,susah loginnya
1,2026-01-03 16:11:23,gajelas banget voice suara orang udah sampe reset akun pas login sulit pake alesan
5,2026-01-03 14:50:38,mantap love you dev
4,2026-01-03 08:30:23,bagus sih moga update tambahin bahasa indonesia nya auto kasih rate bintang
2,2026-01-03 08:02:55,bolehin log in udh correct passwordnya
1,2026-01-03 07:45:00,nge chat orang are you human
5,2026-01-03 06:23:54,ny bagus minusny kadang suka kek ubah gitu baik y
1,2026-01-03 02:11:31,kga masuk
1,2026-01-03 00:00:22,malas masuk udah bikin password ama email
2,2026-01-02 22:58:19,buka upgrade
3,2026-01-02 18:38:38,tools ajar sederhana sreg tampil nya
5,2026-01-02 16:25:01,tolong benarin micnya
1,2026-01-02 11:43:57,busuk ni banyak login email bla bla lo ya mua dah
3,2026-01-02 11:34:21,bug keluh dipeebaikj
1,2026-01-02 07:42:51,bikin aqun login knpa gin
2,2026-01-02 03:07:08,kadang kadang susah buka sih
5,2026-01-02 01:38:39,dc kek anj update kangguru
5,2026-01-02 01:25:35,bagus komunikasi sosial
1,2026-01-01 13:52:22,update mulu ubah bintang untuk
3,2026-01-01 12:51:24,udh bagus bikin kesel captcha loop nya
5,2026-01-01 10:51:37,terimakasih dc temu thanks you so much moga apk jd bnyk kenal
1,2026-01-01 10:30:57,admin selesai quest point orbs nya pas jalanin nyelesain misi nya mulu kasih tau
5,2026-01-01 10:01:58,apk menbantu trade fisch
1,2026-01-01 09:27:43,gw kasih bintang karna notifikasi
5,2026-01-01 07:25:30,senang bicara teman
5,2026-01-01 04:45:59,bagus iklan login cepat
1,2025-12-31 18:03:33,aneh pelit huu
3,2025-12-31 16:43:17,aelah bug mic mulu heran gajelas banget
3,2025-12-31 16:22:12,apk nya ngeragebait mulu login pake nomor tel bilang nya gabisa cari pake gmail bilang nya dah registered bikin akun gitu pas masukin kode verifikasi kirim
1,2025-12-31 16:04:46,guna thx
1,2025-12-31 15:24:34,mohon developer hilang previkasi nya sulit previkasi gagal
3,2025-12-31 14:58:19,ya login gabisa pas coba kali kali tetep gabisa akun tetep gabisa tolong baik main sma temen virtual mohon
1,2025-12-31 14:49:10,pas udh login suruh verify by phone pas masukin nomor hpnya
1,2025-12-31 14:48:07,ribet loginnya verify by phone
1,2025-12-31 14:11:36,login nya sulit suruh liat email pas klik link nya bilang detik pas bikin akun make no wa kode nya kasih moga sulit login rezeki nya potong mati cepet
5,2025-12-31 11:26:13,alas guna main teman
4,2025-12-31 10:03:05,main bagus masuk iklan kasih bintang deh obrol youtuber kenal kek kasih nilai iklan
5,2025-12-31 09:05:00,bintang
5,2025-12-31 08:15:29,apk teman main
5,2025-12-31 00:41:43,bagus banget
5,2025-12-31 00:22:54,bantu
3,2025-12-30 23:50:39,say login karwna bksan menguninstal apk mendownload apk pake akun
1,2025-12-30 18:20:36,bug login normal akun google kecewa
1,2025-12-30 16:48:02,sampah ngobrol chanel kamera buka minim privasi sampahhh
5,2025-12-30 12:52:30,bagus banget
1,2025-12-30 11:10:35,nya login fix sih kasih email crash
5,2025-12-30 10:56:33,bagus ngobrol curhat main game kenal gara covid rumah ya main game pandemi kenang kenal teman daerah ya tingkat aman privasi hukum adil terimakasih
1,2025-12-30 08:44:45,bikin fitur robot gaguna bug nya jdi gabisa login
1,2025-12-30 07:58:05,jelek ganti password mulu gabisa jelek terjemah pokok ya bahasa indonesia ya log ut ganti password masuk
1,2025-12-30 07:55:05,login afk baik
1,2025-12-30 06:23:46,ribet
1,2025-12-30 05:21:09,uang saldo hilang ambil langgan sistem langgan tahu konfirmasi bayar langgan tuju sistem komputer waktu tahu saran orang guna transaksi bayar langgan pasti klik nonaktif langgan monthly setel konfirmasi tahu uang ambil
1,2025-12-30 05:14:35,kyak ya gw coba login salah pasword apa salah coba poko gw ceklis buruk
1,2025-12-30 05:13:36,wktu login mlh ngulang lgi tampil pas nyoba register mlh unabled hadehh tlong fix bugnya ngeresahin bngt
5,2025-12-30 01:06:35,bintang can you fix the bug when verifying the number i m so frustrated because it always says invalid phone number or just remove the number verification i want my account back edited ubah bintang masuk akun neng banget masuk web pc
5,2025-12-30 00:40:54,enak banget ny
4,2025-12-29 16:21:58,tolong tambah multi translate
4,2025-12-29 16:05:35,apk nya baguss pass login slalu ad iklan mohon henti iklan yaa developer aj ku trimakasih
2,2025-12-29 15:17:35,woiiii suara mic mobile suka ad suara nya tolong baik
1,2025-12-29 13:17:23,karna login ngebag chat nya saruk saruk
5,2025-12-29 11:53:41,apk nya bagus free harga premium nya murah bantu afk roblok
1,2025-12-29 11:22:34,email udah sandi udah gabisa masuk
3,2025-12-29 10:00:18,gmna ya chat komunitas suruh verifikasi email pas udh verifikasi email pemberitahuan nya udh masuk gmail pas coba nge chat komunitas nya ttep gabisa verifikasi ngebuat bingung banget ngerti gimanain karna udh coba ttep gabisa chat komunitas tolong gimna
5,2025-12-29 06:10:58,mantap
5,2025-12-29 04:52:26,enak banget pake
1,2025-12-29 02:02:48,developer in apk byk pakai orang mudah log in sy verifikasi akun registrasi ulang masuk apkh in bug salah sistem sy lebih maaf
1,2025-12-29 00:15:49,add indonesian language
1,2025-12-28 13:23:46,pas pake voice chat ngelag parah
5,2025-12-28 12:24:24,fitur bagus bagus mabar main game guna cari informasi
5,2025-12-28 12:22:33,bagus komunikasi orang teman
3,2025-12-28 11:20:37,g daftar
2,2025-12-28 10:22:09,mohon maaf developer bintang alasanya email login verivikasi halaman email
4,2025-12-28 09:22:01,bagus tolong kikir rangin dikit kirim file ukur gede bayar yaampun emoji macem bayar
1,2025-12-28 05:38:26,ken registrasi mental mulu knapa dh
1,2025-12-28 03:15:59,woi gw bikin akun jam jam stuck verivikasi robot
2,2025-12-28 01:02:43,halo developer milik ganti foto profil tolong develover baik
1,2025-12-27 19:05:49,tolong sulit lupa pasword
5,2025-12-27 16:25:53,introvert cocok orang introvert
5,2025-12-27 15:46:10,bagus membernya toxic
4,2025-12-27 09:47:45,gw kasih bintang pas resend verification email sempet ngebug overall dah bagus
5,2025-12-27 09:45:35,apk ny bgs ngobrol komunitas pas login ny soalny disruh masuk email nmr tlpon tpi mas slh
1,2025-12-27 09:05:09,apk update tpi jdi bug follow channel ganti profil pulih akun login akun ngasih nomor tpi kode otp masuk baik tolong
1,2025-12-27 08:57:54,fitur log in nya ribet ya gua kasi gin
5,2025-12-27 05:59:30,bagus banget ketemu orang orang negeri ngechat telpon kasang kadang telpon ngelag error denger orang server join server kirim video susah karna bawah menit pake nitro ngirim tiktok youtube makasihh
1,2025-12-27 05:49:25,
5,2025-12-27 04:39:35,mantabb
2,2025-12-27 04:01:30,share screen mic
1,2025-12-27 00:52:10,verifikasi nya ilangin verifikasi bikin akun gw gagal
1,2025-12-26 18:27:20,prosedur kayak ngejek hp orang aneh butuh ferifikasi makek imeyl makek nomor sms dah kayak bobol sekuriti akun orang ajing aneh
1,2025-12-26 14:22:17,apa register email lalau akun
5,2025-12-26 13:00:10,dpt org bicara jdi
1,2025-12-26 11:22:32,kurang kendala
1,2025-12-26 07:59:06,sulit login
5,2025-12-26 07:51:39,fungsi komunikasi
5,2025-12-26 07:15:42,pasang profil suka mental
1,2025-12-26 04:17:47,guna daftar sampah
5,2025-12-26 04:17:33,bagus udah mantep
5,2025-12-26 02:13:49,sumpah ribet banget dah login trs kek dora gw tuh manusia robot hewan njink tanya buang buang aj login gw kasi bintang biar lu lihat susah login dc
1,2025-12-26 00:33:00,suruh resend email mulu udah kali kali verifikasi tetep kira buka resend email terus
1,2025-12-25 19:50:44,susah masuk nya udah bner usn fw nya ttep masuk
1,2025-12-25 14:54:15,biaa login
5,2025-12-25 13:57:02,apk rusak system nya tolol gabisa login akun ku tuan akun sengaja beri bintang biar lihat setlol systemnya
1,2025-12-25 12:56:51,register buka login
1,2025-12-25 12:03:16,jelek banget rekomen chat verifikasi no hp udah ngirim nomor bener respon kode invalid nomor the resource is being rate limited males banget
5,2025-12-25 12:01:48,bagus sih dapet info
1,2025-12-25 10:08:16,gilir isi maksa nomer telpon gilir isi emg gin sih
2,2025-12-25 09:36:08,nya bagus komunitas lebih kurang kesel login akun utama tulis login password not valid mohon explanation nya ya developer login akun kali kali ganti sandi atas akun alami tolong developer atas
3,2025-12-25 08:47:00,login ulang sertifikasi akun kesal no rekomendasi
1,2025-12-25 07:55:53,login udah ku kasih no tlp email mas lot
1,2025-12-25 06:30:22,bagus tpi udh masukin no email nya knp login suruh versivikasi udh
1,2025-12-25 06:12:18,ribet banget pake email tinggal akun udh selesai harus nya gitu gausah pake email nya aman pake email ribet bintang gua cocok
5,2025-12-25 04:04:14,yesss main
3,2025-12-25 03:27:56,bagus bagus pas nge dm chat teman verif email verifikasi udh kaya sent verify email gt cek gmail tp ad addres nya mohon baik karna jg jd pas ngechat temen karna sngt tp hrs verify email dl pdhl udhh
1,2025-12-25 02:34:13,meng klik apa dana potong tolong segara refund meng klik apa
2,2025-12-24 23:48:00,pakek nya gimana bjir ngerti gue
5,2025-12-24 23:11:48,ak sukaa bttt bisaa ketemu org org luarr komunikasi whatsapp
5,2025-12-24 15:48:58,bantu
2,2025-12-24 15:22:43,bener orang bagus bagus sih orang sih
1,2025-12-24 14:06:26,apk jelek bikin akun bet alas nya email udah pake orang la la pas pake no tlpon login coba apk rusak pantes banyak orang kasih bintang apk tolo
3,2025-12-24 08:38:31,tolong adakan bahasa indonesia tolong buat bahasa indonesia
4,2025-12-24 07:21:45,lumayan bingung nya join servernya
2,2025-12-24 07:02:33,somehow nothing is loading on my account like every time i m trying to chat it won t load muncul akun kali coba obrol loading
5,2025-12-24 06:19:02,seruu banget teman
1,2025-12-24 05:02:34,gimana si gua nunggu kode verify nya banget dah gua dapet dapet kode verify gimana gua login coba baik nih nya gimana si nunggu hari gitu dapet kode verify ya
4,2025-12-24 04:48:21,kurang menyettingnya susah pake bot moga setinggnya mudah ting manual milik server
1,2025-12-24 04:05:54,huhh install hapus gagal trus login tetep usaha masuk bahasa indonesia server indo error
1,2025-12-24 03:45:19,gabisa login email pw no tlp
1,2025-12-24 03:29:31,ai nya ngawur gw bot
5,2025-12-24 01:24:10,gw dapet temen cuy orang nya asik
5,2025-12-23 23:05:42,mantaf
5,2025-12-23 20:40:41,keren
1,2025-12-23 17:57:03,bagiin layar pake layar ambang and stay apk dc nya tolong baik
1,2025-12-23 14:23:51,login verifikasi robot login pas udah imel nya salah
1,2025-12-23 14:09:22,stream gada suara wok rispek banget teman teman tada dengar suara stream gwah wok
1,2025-12-23 14:08:34,kau namanyakan update jaring stabil lambat banget masuk voice rtc terus
1,2025-12-23 13:38:45,apk nya instal
4,2025-12-23 12:42:22,bahasa banyak tk tau bahasa inggris
5,2025-12-23 12:39:59,lumayan bagus wa dah gitu bye
1,2025-12-23 11:57:39,akun masukin lgi
1,2025-12-23 11:36:46,developer gimana sih login akun pas verifikasi robot pas verifikasi udah selesai bilang akun valid tolong benerin gabung server kali delapan roblox gara gara doang
1,2025-12-23 11:27:35,kendala pas login email sandi udah bener gagal teruss bingung emosi dikitt ku kasih bintang
1,2025-12-23 11:09:43,bantu login loginkan hapus salah baik
4,2025-12-23 10:35:05,turut salah ngobrol baik pas ngerjain quest dapet orb nonton video sinyal bagus tau bug tolong baik
5,2025-12-23 08:31:31,bagus
2,2025-12-23 08:25:47,apknya udh rusak tolong baik login g
1,2025-12-23 07:36:00,lu play store si hapus benci pas google muncul gua benci banget
1,2025-12-23 07:30:15,cacat bener kadang send pesan sinyal bagus
3,2025-12-23 03:22:58,kak mw log in kox kasih kode otp nya gmna sih
2,2025-12-22 22:22:37,digit nomor telepon
5,2025-12-22 22:15:12,bagus titik kumpul informasi kumpul bagus banget
1,2025-12-22 13:32:20,benerin server login kirim sms verif kirim smsnya login buang
5,2025-12-22 13:16:12,apk bagus komunikasi orang buat translate negara indonesia
3,2025-12-22 11:55:06,tingkat kualitas
5,2025-12-22 07:42:38,dah
5,2025-12-22 05:23:35,lumayan mod game jara gratis pajak koruptor hehe
5,2025-12-22 03:11:13,aplikasih bagus
1,2025-12-22 02:39:06,bug sebentar langsung dah bikin stres tau
1,2025-12-21 23:53:04,alah dc gajelass lu nambahin email verifikasi invalid pw email nya bner sehat dh apk sampah
1,2025-12-21 16:53:31,akun hilang senyap musnah login udah sesuai pass nya gegara mfa nya aktif usef jadul mentingin kembang software ko kontrol bilang males bikin akun bikin pke no hp terima wes wasalam weh
5,2025-12-21 15:27:41,ringan telpon grup
2,2025-12-21 12:50:45,mobile ubah update quest orbs shop orbs
5,2025-12-21 06:34:42,dapet tonton bagus vip si wkwk
1,2025-12-21 05:48:34,ribet banget login nya
1,2025-12-21 03:59:14,kode verifikasi kirim nomer login udah bulan loh tangan ya
2,2025-12-21 03:16:04,hello tolong baik bug log in no hp
5,2025-12-21 02:42:42,bagus anjir
5,2025-12-21 01:44:05,anjir gw cari kode ff old susah
1,2025-12-21 00:26:10,quest diplay apa stupid
1,2025-12-20 19:05:57,ngirim pesan tanda merah mulu pdhal ngomong toxic
1,2025-12-20 18:02:39,login dah pw udah bener tetep bilang salah
4,2025-12-20 14:53:37,engga login baik
2,2025-12-20 12:37:19,bug quest handphone android quest force close tolong baik
1,2025-12-20 11:40:32,konfirmasi nomer telpon lelet sumpah
4,2025-12-20 10:37:01,lumayan sih main game bareng orang pro toxic hasil dapet toons suka ku dandy s world
5,2025-12-20 07:16:43,tololll udah login gabisa apk mending bikin
5,2025-12-20 04:15:15,terimakasih iya banget sih
3,2025-12-20 04:05:27,kasih bintang tolong bahasa nya kasih bahasa indonesia biar paham daftar pake bahasa inggris sulit banget sampe hapus download tolong ya tingkat bahasa nya in pake bahasa indonesia terimakasih
1,2025-12-19 15:09:15,update chatnya delay parah menit kirim block alas please fix this bug
1,2025-12-19 14:38:27,game bayar anak anak main gam
3,2025-12-19 14:16:01,kecewa hilang suara lost main game
1,2025-12-19 14:10:33,buruk
1,2025-12-19 13:47:04,tolong proses verifikasi baik
1,2025-12-19 13:43:20,susah nge add roblox kali kali failed mulu nyebelin bantuin jgn diem udh excited join server biar main roblox bareng temen online tpi jdi bikin kesel yaudah uninstall
5,2025-12-19 11:54:33,chatting baik fitur limpah thx developer
1,2025-12-19 11:54:17,akun nya tolak udah bener
4,2025-12-19 10:27:46,bagus sebenernya cuman login dapet ultra rare eror mulu
5,2025-12-19 07:17:50,nya bagus gw akun
4,2025-12-19 07:15:15,ngebug isi diri masuk pas voice mohon baik
1,2025-12-19 02:33:18,masuk sya mah download masuk udah coba kali kali kali salah udah rekomendasi
2,2025-12-19 01:48:41,mayan guna ya pas join nya pakgm resend ferification email pas isi tetep kembang baik mudah bintang
1,2025-12-19 00:27:32,kendala login akun tolong benar
3,2025-12-18 23:38:07,atur bahasa indonesia woy
5,2025-12-18 13:25:47,bahasa indonesia
1,2025-12-18 13:10:01,sistem verifikasi lu sampah tolol bawah sistem verifikasi email facebook x instagram sistem lu kampung
1,2025-12-18 12:54:14,logiiiinn o iya bintang enol ya karna bintang
3,2025-12-18 07:26:54,bnyk bug
1,2025-12-17 18:28:43,suka
5,2025-12-17 13:06:56,solid sayang kendala pulih akun nomor lebih pulih akun loginnya nomor ponsel baik terimakasih developer
1,2025-12-17 12:01:04,download normal tinggal apk minggu buka suruh log in masukin email pake nomor tetep uninstall
5,2025-12-17 11:45:04,bilang mantap aj sihh
5,2025-12-17 10:22:30,bantu banget bagus deh pokok
1,2025-12-17 09:39:17,maaf kasih bintang ya gimana tolong mudah login susah masuk developer tolong plissss mah masuk login susah banget tolong ya development
1,2025-12-17 09:03:46,suruh selesai puzzle not ai udh salah mulu muter muter mulu
1,2025-12-17 07:42:58,akun udah masukin pasword email pagi sampek siang nungguin
1,2025-12-17 07:41:46,pas masuk pake register unable to register ya
1,2025-12-17 07:16:57,bikin akun pas verifikasi robot
2,2025-12-17 02:01:47,kode sms masuk masuk ya emang kartu axis sinyal kuat
1,2025-12-17 00:47:12,akun bahaya rugi main
5,2025-12-17 00:33:23,cocok selingkuh ni
1,2025-12-16 15:06:40,game jelek bug item suka hapus
1,2025-12-16 14:51:55,sih gw udah pas gambar gagal mulu sampe emosi gw
1,2025-12-16 13:34:22,tolong sih join temu suara suara teman yah
1,2025-12-16 11:52:40,susah login banget bug nya
1,2025-12-16 11:38:22,gimana sihh udah coba masukin email udah bener tetep g g keliru sedikit capek bolak google gimanasihhh
5,2025-12-16 10:58:17,mohon dev tolong tambah bahasa indonesia apk
1,2025-12-16 10:43:58,susah login ambil link
1,2025-12-16 10:36:25,tolol kadang jinx udh masuk stuck gaada suara jaring aman stiker suki mulu dibanyakin fix bug noh
1,2025-12-16 09:14:12,bug
5,2025-12-16 09:08:02,teman
5,2025-12-16 07:45:28,temen pajar hamil gara gara
5,2025-12-16 07:34:55,tau bintang
1,2025-12-16 07:15:29,habis kali coba ngirim nomor telpon udh kasih kode asu
1,2025-12-16 04:28:03,tau masuk pake kode
5,2025-12-15 23:44:55,bagus banget gw teman rumah buru download bagus banget loh
1,2025-12-15 17:30:07,gjs ngebug
5,2025-12-15 15:39:50,apk guna
4,2025-12-15 15:31:24,cuan keren
5,2025-12-15 14:26:37,bagus banget nya informasi komunikasi bintang ya
5,2025-12-15 12:48:35,apk kayak jmbt jembatan komunikasi
2,2025-12-15 11:26:26,kadang suara suka ilang
1,2025-12-15 10:24:04,sampah daftar akun doang ribet nya udah kaya nyoblos wapres sampah
5,2025-12-15 10:07:47,mudah kerja
1,2025-12-15 08:51:21,mobile kirim nomer telpon iya tau pake email akun coba resend email
1,2025-12-15 07:37:47,bintang karna coba dc kelas king
5,2025-12-15 07:21:06,medsos bisnis kini
1,2025-12-15 06:08:38,email password masuk sih butuh nya mohon baik y udah baik ksih bintang
5,2025-12-15 05:45:07,iki epep
5,2025-12-15 04:40:55,bicara
1,2025-12-15 01:22:13,apk nyesel daftar kiraiin gratis bayar
5,2025-12-15 01:12:45,bagus kasih rating bintang
1,2025-12-14 15:52:20,servis buruk dc windah ilang gaje pdhl udh k member apacoba
4,2025-12-14 14:03:42,tolong tambahin bahasa indonesia
4,2025-12-14 14:00:10,nya bagus cuman bahasa indonesia
1,2025-12-14 13:41:03,jelek suara dengar udah izin akses mikrofon
1,2025-12-14 13:37:44,ngasih sandi akun email salahin emang gimana udh akun maksa banget udh kasih sandi pas banget udh ku update sandi nya sadar sih gw udh nungguin jam bikin akun google kasih sandi akun google terima gw udh buang buang gimana gw tungguin dibenerin gw hapus tuh gw sebarin
5,2025-12-14 12:02:25,bantu komunitas
1,2025-12-14 11:46:19,knp dah apk dc gua error muluu dahh
1,2025-12-14 11:43:15,apk nya bagus bantu nya login no tlpn alamat gmail nya bilang akun valid banget login nya lelet bener bener lelet banget mohon baik rusak banget nih apk
5,2025-12-14 08:51:07,nya bagus ngelag
1,2025-12-14 08:23:19,palsu akun log in bikin akun ngak palsu
2,2025-12-14 05:38:56,notifikasi kadang muncul perangkat mobile download ulang notifikasi itu tahan udah hilang
5,2025-12-14 04:37:59,good ajar guna
1,2025-12-13 18:56:43,bug nyaman iklan
2,2025-12-13 18:43:18,kenapaaa yaa fitur nonton nya apk serenrak
1,2025-12-13 14:04:21,nya udah bagus baguss banget ganggu eror gituu nerimaa minta teman verifikasi mulu udahh mintain no telpon wa kasihh mohon bantu ya vevek suruh baik eror nambah parah memeq udah ulang ulang bikin akun suruh verifikasi tolong ya owner nya baik
5,2025-12-13 13:38:10,mantap apk nya
5,2025-12-13 12:57:08,bantu bicara main kumpul
5,2025-12-13 12:45:03,tolong buka channel
5,2025-12-13 12:01:52,bagus maen fish it
4,2025-12-13 11:34:28,puas apk fitur ganti user cepat praktis moga baca yaa
1,2025-12-13 08:23:52,mohon maaf karna login register nya susah
5,2025-12-13 07:47:44,nya bagus lancar
1,2025-12-13 07:47:33,diskord ulang kali coba paswordnya kesel nih
5,2025-12-13 07:39:19,keren teman
1,2025-12-13 05:41:57,fix streaming nitro nya ringanin udh beli nitro pas pake fps resolusi buffering burem parah kualitas stream nya bagus pas sblm buy nitro sinyal dah kenceng kabel lan tetep buffering lag parah pas nyalain stream gin jadi sia beli nitro
5,2025-12-13 03:44:34,sippp double tap emoji udah nonaktif
5,2025-12-13 01:38:43,maaf sopan kasih bintang
3,2025-12-13 01:13:41,baik isi coba
1,2025-12-12 19:18:53,kaga banget gw udah akun dc kaga bgo
5,2025-12-12 15:28:34,bagus
5,2025-12-12 15:27:32,whatsaap seru
5,2025-12-12 13:55:28,ngebuat temen internasional kadang kadang cuekin cuman apk emang seru banget nyaman banget sih gaada bug ku kasih rating bintang thank you
5,2025-12-12 12:38:30,hp ngelag patah patah main tenang cocok hp kuat main geme
5,2025-12-12 12:22:27,kerja bagus
5,2025-12-12 11:50:49,aman record
1,2025-12-12 10:51:32,wow jelek kali kali login masuk kasih bintang
1,2025-12-12 10:43:33,tolong bener apk ya akun code ya kirim kirim tolong
1,2025-12-12 09:19:32,login udah masukin email password udah bener login udah login ulang mulu reset password udah bener sandi gmn login susah nya kayak cari sudut bumi
1,2025-12-12 09:04:35,hack anying
5,2025-12-12 09:03:44,sanggat menbantu
1,2025-12-12 07:46:07,fitur multifaktor akun hack kembali akun email pribadi akun
2,2025-12-12 07:29:23,shop ngebug tuh terus refresh
1,2025-12-12 03:47:39,jelek banget ngentiauuddaew
1,2025-12-11 16:42:45,bagus sih bagus tp iya buka ni apk doang benerin ngapa apk udh up udh jaring kenceng an masuk masuk channel bikin cape masuk masuk baik lgi rusak benerin woy benerin
2,2025-12-11 12:46:47,login susah banget udah reset password dipentalin apk udh bikin nostalgia maaf kasih rating login nya susah
1,2025-12-11 12:39:19,anak anak nak tipu rawan cabul kurang waspada orang tua masak guna nya guna cermin pribadi buruk tau orang tau taham kedewasan sikap anak anak nahu media sosial saran orang tua brhati hati trimksh
3,2025-12-11 09:39:50,halo gatau bug coba masuk server pas udah hasil masuk servernya pas udah hasil masuk tiva click link nya udah bener tolong baik
1,2025-12-11 09:28:28,daftar susah
1,2025-12-11 09:21:37,masuk pasword nama
5,2025-12-11 09:18:48,nyaa baguss
5,2025-12-11 08:56:18,bagus hp tecno
5,2025-12-10 14:04:19,lumayan enak chat sharing tahu
1,2025-12-10 12:57:55,kagak tolak mulu aneh
4,2025-12-10 10:52:05,tolong sedia bahasa indonesia depan ya dev populer indonesia
3,2025-12-10 09:13:56,ngecrash dowload gambar gagal mendownload hasil chrome ngelag pas kirim pesan kadang layar gelpa
1,2025-12-10 07:43:55,masuk padala pencet ihemo
5,2025-12-10 07:24:51,main bagus
1,2025-12-10 06:27:32,member cundang ya salam orang sunda
2,2025-12-10 05:48:23,boros kuota bug benerin minimal
5,2025-12-10 03:40:23,tarik operasi mudah
5,2025-12-10 01:23:15,game guna afk game
5,2025-12-10 00:48:23,tolong tambah opsi bahasa indonesia bagus translator obrol posting informasi bantu suka guna universal bagai negara terimakasih
5,2025-12-09 23:55:41,bahasa indonesia
5,2025-12-09 14:48:22,bagus banget cold nya sumpah
5,2025-12-09 07:57:25,tolong kasih bahasa indonesia ya
2,2025-12-09 07:46:20,bagus yah masuk pdhl udh kasih passwordnya tpi tetep salah matiin nyala passwordnya dapet daoet kirain wifiku error eror tolong benerin ya
1,2025-12-09 06:09:07,nih banget login
5,2025-12-09 05:37:20,bagus cari teman mabar saran gaul nya hati hati ya
5,2025-12-09 03:57:39,bagus komunikasi teman teman tugas kantor sekolah
5,2025-12-09 01:49:09,bagus afk
5,2025-12-09 00:42:20,ingat developer alami ganggu login selesai longiin pesan tulis unable to register we cant create an account for you right now developer tolong tangan kali login masuk bintang
5,2025-12-09 00:03:55,ukur berat
5,2025-12-08 22:53:21,bagus banget komunikasi nal teman teman
5,2025-12-08 20:59:55,keren bagus afk bel murah gerat pake cloud moon
1,2025-12-08 19:15:31,seru susah pasuk nya coba register log in tetep coba password akun keliru coba tetep rame tolong betul alami main teman teman join coba tolong baik kasih rate
1,2025-12-08 14:39:35,tolong volume mic hp besar
2,2025-12-08 12:50:24,gajelas daftar udah bikin pasword suruh reset udah reset suruh reset kali bolak gituan doang aneh apk eror gejlas
3,2025-12-08 09:29:15,gtw pakenya
4,2025-12-08 07:52:14,kali rating hapus ruang penyimpananya pas login akun lupa sandi google tuh pas pakai akun google ko ngetik nya bener tolong radak baik biar orang orang nyaman biar lupa sandi kasih tunjuk akun google nya
1,2025-12-08 06:56:55,tiga kali email sandi login bug mohon baik
1,2025-12-08 05:35:26,apasih anjir gw coba log in pake email pw pw nya ganti ketat nya
4,2025-12-08 04:33:07,udah bagus ko update yaa update update
5,2025-12-08 03:42:44,manfaat
1,2025-12-07 17:37:39,masuk main val temen gabisa masuk pusing tau bug bug pls fix
1,2025-12-07 13:29:44,gajelas ngefreezee mulu nih gw kasih rating dh
5,2025-12-07 13:21:40,work thanks
5,2025-12-07 13:06:39,kemren ganti whatsapp
5,2025-12-07 04:54:39,bantu info group bisnis
1,2025-12-07 03:03:18,orb claim
5,2025-12-07 02:39:46,mod kucing super bear adventure yehhhhhh
4,2025-12-07 00:30:06,ngalamin bug pas masuk voice channel pas main game depan tolong tambahin tombol mute soundboard orang biar mencet orang mute soundboard biar praktis
1,2025-12-06 14:00:06,kasih border imut adil
1,2025-12-06 13:26:41,link platform
3,2025-12-06 12:21:43,bagus suka cuman yaa voice out voice nya pas main roblox temen kesel cape bolak udah download ulang sampe kali tetep perbaikin sih biar kaya gitu sinyal bagus banget
1,2025-12-06 11:35:42,frame kucing
3,2025-12-06 11:11:12,daftar lihat bincang publik guna bingung teman
1,2025-12-06 09:57:38,halo bantu coba login salah sandi email sad ku meng fix bug moooohhooonnn bintang
5,2025-12-06 08:18:05,guna
1,2025-12-06 06:35:41,gw capek bolak verifikasi eh error
1,2025-12-06 01:55:08,halo discrod verifikasi nomor telpon masuk cuman salah ketik cari teman
2,2025-12-05 23:21:25,notifikasi nyala notifikasi fungsi
1,2025-12-05 19:52:53,gabisa masuk grup
1,2025-12-05 17:42:45,akun ya pas login sistem bilang email masuk akun ku
3,2025-12-05 16:33:18,telegram lengkap fitur ni jeleq tampil nya
5,2025-12-05 16:00:45,update ganti account pls biar pake ganda
1,2025-12-05 15:44:48,user main apk coba register akun susah udah pakai email nomor telfon create account notif system are you human terus udah drag fits the shape tetep are you human kecewa sytemnya rate bintang ya terima kasih
1,2025-12-05 12:34:43,milik terjemah bahasa indonesia jelek
5,2025-12-05 09:06:05,hmmm cuman minus nggak uang langgan nitro umur idup
5,2025-12-05 08:05:00,bagus tingkat interfacenya mudah
5,2025-12-05 05:03:32,keren banget mabar pois we gantiin whatsa
1,2025-12-05 03:16:44,tolong buat bahasa indonesia
1,2025-12-04 22:43:10,indonesian language release
1,2025-12-04 20:18:07,operasi ganti hp rusak
3,2025-12-04 15:04:41,update ngecrash yakali hpku kentang cuman doang
4,2025-12-04 13:11:43,baguss kadang suka lag telpon wifi nya bagus
5,2025-12-04 13:05:45,bug salah satu sharescreen gada suara
1,2025-12-04 08:55:19,terima verifikasi akun nomber
1,2025-12-04 07:23:39,gabisa login daftar gmail masalah ribet dah
4,2025-12-04 07:00:34,si log in susah bangettt informasi bener email pasword kadang suka error udah verifikasi email tetep login log out susah masuk lagi mohon developer tolong baik terimakasih
5,2025-12-04 00:22:12,bagus karna ak chatan sm fsyal virtualk
5,2025-12-03 14:54:54,tolong kasih bahasa indonesia
1,2025-12-03 13:06:46,sulit masuk udah kode verifikasi langsung masuk
4,2025-12-03 11:07:55,akun ubah nggak sengaja hapus number phone pikir coba masukin nomor telpon codenya nggak muncul tolongin nggak tombol send back
3,2025-12-03 10:25:11,sing rating e jelek ngak iso inggris tah wkwkwkk
2,2025-12-03 05:59:40,ui ribet dah update performa
4,2025-12-02 23:19:45,ya kadang buka dc stuck logo masuk pas udah nungguin
2,2025-12-02 15:36:09,tolong baik bug mic suara kendala laptop nya update install ulang restart suara mic aneh
3,2025-12-02 15:12:05,apknya bagus cuman banget bug atur atur nguawor
1,2025-12-02 13:24:55,udh verifikasi suruh verifikasi suruh kocag dah
5,2025-12-02 13:21:42,terimakasih cipta ajar kenang lupa
2,2025-12-02 12:25:18,ngerti gua bahasa inggris login ngerti masuk orang ngerti jirrtssss tolong lahhh bahasa indonesia gitu kek biar paham
5,2025-12-02 11:47:38,bagus komunikasi orang
5,2025-12-02 10:20:01,mudah komunikasi professional
1,2025-12-01 11:48:29,benerin bug nya
1,2025-12-01 11:41:54,verif login bodoh tunggu email verif pas coba email verif muncul
5,2025-12-01 05:39:11,bantu
4,2025-12-01 05:24:30,bagus cuman tulung yak gw make ni kadang ngerash
5,2025-12-01 04:11:54,komen rate jlek ngerti bhsa inggris kek sdm sampe
5,2025-12-01 01:51:55,bagus keren
2,2025-11-30 15:35:27,haloo tolong mudah ganti sandi akun pas pasword masukin pasword dlu ya lupa pasword jdi mo pasword sistem kayak lupa pasword akun google tpi pas ganti cuman masukin kunci hp doang biar enak gitu mohon mudah
5,2025-11-30 15:07:08,seruuu bangettt kenal teman bagi negara
1,2025-11-30 13:09:53,sih seru pas voice chat mantul pas bareng main game nyambung voice chat nya tolong benerin
4,2025-11-30 10:19:44,udah bagus mabar komunikasi orang ntah kadang kasih link masuk grup nya tulis nya link has expired sisa nya udah bagus keren
1,2025-11-30 09:50:08,ribet anjir ni susah masukin akun mohon upgrade sampe emosi gara gara nih gabisa masukin akun
5,2025-11-30 06:47:32,bagus ram nya tolong kurang orang pakai hp kentang
5,2025-11-30 04:07:35,muas
1,2025-11-30 02:32:59,aplh gbs login dibuatin akun gw udh ulang tetep udh la
1,2025-11-30 02:02:00,udh coba bagi login
1,2025-11-30 01:55:21,dapa akun sanggat jelek
5,2025-11-30 00:28:10,download memori penuh
5,2025-11-29 09:42:42,bagus tolong tambah bahasa indonesia
4,2025-11-29 08:21:20,tolong adain bahasa indonesia
5,2025-11-29 06:41:30,hey kembali speaker ku mute akuuuu
1,2025-11-29 03:21:02,unduh file langsung menginstal baru baru
1,2025-11-28 15:51:34,bug
2,2025-11-28 15:21:40,seru ngobrol info mabar tolong ngasih quest game bayar gampang
1,2025-11-28 12:58:13,bahasa indonesia mending rating biar puas
5,2025-11-28 04:31:29,jooosssss
1,2025-11-28 03:15:07,hp kirim pesan panding sampe pesan batal kirim
1,2025-11-27 20:19:54,apk buruk login register sesuai tunjuk atur apk nya kait robot mulu manusia robot
2,2025-11-27 16:02:26,login pake nomor sulit sampah
5,2025-11-27 15:24:34,bagus banget teman
1,2025-11-27 13:10:11,udah kali kali masuk email verication udah pake email asli nomor tlp ku invalid pesan download
2,2025-11-27 12:12:41,daftar sih
1,2025-11-27 11:09:11,min hapus robot min ribet kaya daftar ktp cepat min gcc
1,2025-11-27 05:32:41,add teman veriv udh veriv smua udh bner tp ttep ggal gbs tolong dieprbaiki
5,2025-11-27 05:14:28,ngbrol sahabat mudah
1,2025-11-27 05:13:45,tolong tambah opsi verifikasi login nomor telepon email
5,2025-11-27 01:25:43,seruu
1,2025-11-26 23:03:25,akun kesuspen gara gara pp curi foto mah apk buruk
1,2025-11-26 17:19:27,voice suara dengar suara orang bego gimana
5,2025-11-26 16:38:16,guna tunjang nilai uji
1,2025-11-26 14:52:43,woii gw ngetik server gw ngobrol orang tulis resend verification email gw pencet trs suruh ngasih gmail pasword tetep ngetikkkkk gw dah ngulang trs ngasih gmail nya terus tau brp kali tetep kagak ngetik rusakkk rusakkkk
1,2025-11-26 13:43:00,susah bikin akun ato login salah pdahl udah bener ngetik pw nya
1,2025-11-26 13:40:48,banget masuk nya sinyal bagus
4,2025-11-26 12:46:54,terkadang mati suara deteksi mic
1,2025-11-26 05:13:35,akun lupa password nya sampe email udah email ganti password tetep g masuk
5,2025-11-26 03:22:02,nya baguss banget temen tinggal teman teman lupa download yaa
5,2025-11-26 02:44:12,bagus suka
1,2025-11-26 02:13:45,apk tolol login emaildan sandi bener masuk apk rusak
2,2025-11-25 22:24:38,gimana ya anuin nya karna udah update
1,2025-11-25 18:11:50,aneh login tinggal kasih kode sms digit pergi massage sms pesan sumpah koneksi wifi stabil isi nomor
4,2025-11-25 17:01:00,bagus nyaman pakai saran harap fitur depan blokir buka blokir add friend tambah tanda notif bedain pesan baca baca terima kasih
1,2025-11-25 12:39:32,hapus ae apk ne cowoku mentingin dr vc pdhl loh ngegame ngobrolnya pake mik game tp pake bih bih
1,2025-11-25 12:39:06,busuk gabolehin me telpon sma nayra dasar dc
1,2025-11-25 05:41:11,apk nya bagus minus nya susah login kadang chat nya kirim
1,2025-11-25 04:48:28,aman aman stream suara dengar teman jaring aman aktif auto sensitivity suara stream
2,2025-11-25 04:34:33,oke udah bagus karna akun ku kembali
5,2025-11-25 03:42:24,bantu informasi
3,2025-11-24 23:18:54,bagus banget sayang dapet bug kirim video foto collab gambar
5,2025-11-24 16:20:16,suka karna teman relasi obrol teman larut habis terimakasih
5,2025-11-24 14:23:51,ok terimakasih
1,2025-11-24 13:44:48,login jaring bagus ko masuk asik kedip aj tuh titik blt kcl
3,2025-11-24 13:17:27,dc susah telp an ya suara
5,2025-11-24 13:10:44,bantu bisnis
5,2025-11-24 12:57:46,ajak temen chatan
2,2025-11-24 11:56:32,kirim video sending buka channel isi forum loading kirim video forum sending inti kirim video
5,2025-11-24 11:09:32,game seru
1,2025-11-24 08:53:11,share screen suara gw kedengeran temen gw
1,2025-11-24 07:46:16,dah uninstall login ribet
1,2025-11-24 06:52:05,kamera ngebug tecno pova g video call kunci layar izin dc kamera ok kamera auto stop beda poco m pro redmi pad pro layar kunci oun kamera nyala
1,2025-11-23 23:51:52,rawan selingkuh
1,2025-11-23 20:24:49,udah login pake passkey terus pake sandi akun kelogin
1,2025-11-23 17:36:42,verifikasi manusia robot bener ulang ulang kali
1,2025-11-23 14:38:31,gameny bagus ngirim vidio chat bagus dll rating
2,2025-11-23 14:01:47,gimana resend nya udh pencet kali kali
2,2025-11-23 13:35:52,jelek kah liat sharescreen menit ngelag menit ngelag voice sharescreen ngelag ngelag tolong banget baik udah main sampe kali kecewa mksh
3,2025-11-23 13:09:13,jelek berat ngga praktis hp ku spesifikasi tengah kendala performa jala tolong laku optimasi
4,2025-11-23 13:00:38,banget youtuber mayan senang sih
5,2025-11-23 12:53:19,kerennn
5,2025-11-23 12:42:55,karna seru
5,2025-11-23 11:16:00,langsung dapet tmen jir
1,2025-11-23 10:43:30,suara vn nya kayak map proklamasi
1,2025-11-23 09:59:02,sesal mengupgrade versi baru versi
1,2025-11-23 04:31:04,anjg nitro nya mahal nitro gratis cmn akun akun cmn bs liat akun pke nitro gratis
2,2025-11-23 04:26:24,bug ngeganggu anj
3,2025-11-23 03:32:51,tolong jasa instal ulang apk id pass pake daftar ulang trus pake email no hp gimana login
1,2025-11-23 02:10:06,aduh kurengg
5,2025-11-23 00:22:43,dapet teman
1,2025-11-22 19:35:49,milik pasu nomer telepon tolong solusi
1,2025-11-22 16:32:41,kesel banget nunggu robot ap gw manusia woy
1,2025-11-22 14:33:30,maaf aplikasih sy paksa uninstal karna bahasa lalod perna masuk
5,2025-11-22 14:11:53,guna gw guna mana pakai obrol
3,2025-11-22 12:44:03,kadang susah login bikin akun karna pake email pw nya udah bener gagal voice bawa mabar kadang ilang suara please tambahin fitur registered
5,2025-11-22 06:55:36,mendownload gagal
4,2025-11-22 05:28:06,tida dpat login lgi
5,2025-11-22 05:17:25,oke gw ardman c ya gan
5,2025-11-22 05:13:27,bagus komunitas
4,2025-11-22 05:09:50,teman sosial top
1,2025-11-22 03:55:48,tahun pakai rating kali optimal muat data cakap merespon nyaman kecewa guna
1,2025-11-22 02:20:24,jelek akun susah dasar sampah
1,2025-11-21 16:59:56,udh coba login kali kali g krn bag dr sistem suruh konfirmasi g robot tp gagal trs pdhl ngikut pandu gjls blm login aj d kasi bag
5,2025-11-21 15:19:43,ya bagus mantap
3,2025-11-21 12:34:23,ni alpikasi dah kalok black scree starting susah banget baik nya alpikasi chatt komunikasi pliss utamain fitur baik black screen dll
1,2025-11-21 09:59:43,login coba ulang kali
4,2025-11-21 09:00:08,ya sulit cari youtube bener baruin
1,2025-11-21 05:10:47,gua login ku salah mohon coba akun bagus tinggal login
5,2025-11-21 03:06:59,bot a nya macet notif nya muncul kedip mata bug
1,2025-11-21 02:51:19,nih susah masuk ya email sandi bener tetep geh masuk gimana nih dc
5,2025-11-21 01:05:44,kasi cocok game
4,2025-11-20 13:41:03,bagus sih cuman tambahin fitur rating orang bagus biar seru gitu
1,2025-11-20 13:35:03,bahasa indonesia
5,2025-11-20 12:57:13,bagus banget karna main teman pergi voice not kaya whatsapp bagus bagus bagus nya
4,2025-11-20 12:13:02,tolong baik bug audio mana teather stage audio audio panggil telepon audio kasar enak dengar bug cek atur pilih outpit audio tolong atur output audio desktop terimakasih
1,2025-11-20 10:48:15,login gw tau susah
5,2025-11-20 10:44:39,bagus ngomong bestie bestie ku gosip
3,2025-11-20 10:11:40,kontak tambah teman ya teman acak
3,2025-11-20 10:03:43,sedia bahasa indonesia
5,2025-11-20 08:32:57,guna
2,2025-11-20 06:25:18,akhir gajelas join org denger musik tp suara pke wifi sinyal lancar
1,2025-11-19 23:23:23,login bikin sinyal aman aman
5,2025-11-19 16:19:30,tolong tambah connection telegram pilih quest
1,2025-11-19 16:06:04,share screen voicenya mati pas download
4,2025-11-19 14:14:50,nya lumayan dikit dikit disconet internet lancar
1,2025-11-19 11:50:35,maaf ya susah banget log in
5,2025-11-19 11:19:02,ketemu komunitas orang frekuensi
1,2025-11-18 23:26:30,login sulit kayak bikin ktp
2,2025-11-18 22:40:22,lumayan sulit loginnya orang login error
3,2025-11-18 18:08:24,nya bagus enak bnget sumpah chat enak voice chat enak ribet masalah hp aksesoris nya beli quest dikhususin hp kaya nama mobile orbs tuh mobile nya adain quest khusus mobile hp
5,2025-11-18 16:52:43,kerja kelompok
1,2025-11-18 15:40:10,tolong developer nomor kode verifikasi coba masuk nomor klik next invalid number phone tolong baik
1,2025-11-18 14:23:53,kocak
1,2025-11-18 14:22:54,jelek suara nya hilang
1,2025-11-18 14:02:22,verify mati ama login syulit
1,2025-11-18 14:00:05,ribet dftr nya bkin ksel
1,2025-11-18 13:12:21,akun ku kena hack ngga pencet link apa
1,2025-11-18 13:00:38,login nomor telpon ribet banget salah pakai nomor telpon trouble kayak
1,2025-11-18 10:41:22,sumpah gua pas bikin akun unable to register nya tolol
2,2025-11-18 09:42:19,knp ya reset pw gabisa udah coba gabisa
3,2025-11-18 09:25:20,bagus kurang pilih bahasa indonesia sayang lumayan komunitas indonesia kadang berat guna normal optimasi bahan evaluasi developer
1,2025-11-18 07:49:42,settingan nya bikin pusing hp tolong benah
3,2025-11-18 01:23:56,bgus update suara teman sya yah suara sya loh sya dengar suara
1,2025-11-17 16:08:18,susah login pdhl udah bener mas kasih jelek
4,2025-11-17 12:02:12,mantap bagus tambahin bahasa indonesia kasi orang orang ngerti bahasa inggris
1,2025-11-17 10:51:32,verify nyaa susahh stuck muluuu padahall email no nyaa udh benerr tolong perbaikii ini ya
1,2025-11-17 08:28:34,apk buruk login ganti email ganti ganti sandi login nya login pesan orang buruk mudah rumit telegram efektif
4,2025-11-17 07:27:20,sayang pakai bahasa indonesia
1,2025-11-17 02:52:43,nya rusak berat
5,2025-11-17 00:48:27,nya bagus ngelag gratis main pokok bagus dah afk fish it roblox game bagus pokok tunggu langsung download ya
1,2025-11-16 17:49:15,susah anj loginnya
4,2025-11-16 14:38:19,tolong bahasa indonesia
4,2025-11-16 14:36:31,bagus kurang pas voice record pakai xrecorderz recorder suara nya muncul media suara mikrofon muncul alangkah baik tim ya suara media mikrofon dengar record alfian
3,2025-11-16 14:23:36,tau bagus yaa kesel bnget lupa ngetik yaa kayak gitu pencet aneh trus dibanned adminnyaa udahlah admin grup discordnya emng anu males mas mending anu wa udah bagus salah yaa kasi bintang yaa udah ilang
5,2025-11-16 14:15:13,gampang manfaat
5,2025-11-16 12:38:21,wapex snnay mantap moga wapex snnay tolong org tengah bawa
5,2025-11-16 12:29:52,kasih bintang suka kayak buka
1,2025-11-16 12:25:29,gabisa verifikasi akun
4,2025-11-16 12:23:03,bagus ganti photo profile mulu kayak gitu
3,2025-11-16 07:05:12,gw gabisa buka lebih aman
5,2025-11-16 07:00:28,terima kasih kabsn
5,2025-11-16 04:52:13,apl bagus banget suka mabar slebew yutuber kaya bangett
3,2025-11-16 04:00:35,hubung nomor hp bilang troubleshoot kait nomor hp akun
4,2025-11-16 03:21:51,pake get key
4,2025-11-15 18:33:39,enak si kadang kendala suara hilang suara dc an pacar kirain kacangin emang dc nya udah pake wifi ganti kuota tetep hummm yaudah deh moga depan masalah
1,2025-11-15 16:56:52,ya akun ku pas login gabisa masuk email password udah bener gabisa masuk tolong min baik balikin akun ku isi akun ubah rate nya udah benerin akun ku makasih
2,2025-11-15 13:35:33,update ubah
1,2025-11-15 10:45:43,aktif notifikasi notifikasi
1,2025-11-15 09:40:52,daftar ribet jengkel pas gecek robot pas udh pas sin gambar gmw ribet bet anjg bikin emosi kasih rating ribet jengkel
1,2025-11-15 08:54:55,kode tunggu jam jam kaga gilir invalid code nya adeh
3,2025-11-15 08:43:43,eror kah masuk akun sandi nya udah
4,2025-11-15 08:04:50,developer kadang kode verifikasi muncul jaring bagus bug tolong baik
1,2025-11-15 05:40:30,pacar suara voice
3,2025-11-15 03:37:48,notif nya kadang muncul
1,2025-11-15 01:24:28,tolong perbaikin login nya update bug masuk suruh verifikasi email pas udah verifikasi pake email tulis email kocak email pake akun ku bantuin benerin bug nya dc nya
1,2025-11-15 01:02:57,sih mabar teman pake kadang kedengeran suara kadang kedengeran suara budeg teman ku aneh
3,2025-11-14 13:51:01,bug pas voice kadang suara putus putus share screen suara dengar plis baikin bug nya
4,2025-11-14 12:48:51,tolong buat bahasa indonesia nggk erti bahasa sedia terimakasih
1,2025-11-14 12:35:29,udhmah loadingnya tambah kudu kuota wifi roblox ngga ngambil wifi masuk apk nya bintang
5,2025-11-14 11:57:28,bagus banget mingisi luang jenuh
5,2025-11-14 09:36:55,saran terjemah bahasa
5,2025-11-14 07:42:48,banyak download gabung server samp
5,2025-11-14 00:53:40,nuh uh
1,2025-11-13 21:45:27,woi gw log in gw ama captcha woi males gula log in baik plis
1,2025-11-13 14:52:13,yaallah tolong kembali uang tiba tarik otomatis akun dana nila sengaja pencet fitur langgan nya mohon kembali uang butuh
5,2025-11-13 11:36:36,senang mudah pakai
1,2025-11-13 10:51:37,apelikasi akun suru masuk kode pas liat kode ya kirim
5,2025-11-13 09:45:32,wow suka
5,2025-11-13 09:34:08,seru gobrol bareng barudak tobroz
1,2025-11-13 08:43:38,daftar susah banget pakai no wa pakai email pw nya salah pas udah login log out alas gabisa login akun udah log out
1,2025-11-13 07:56:49,bikin gw ganti email lu batas gw gw ganti email situ tulis sebut password password password email akun
1,2025-11-13 06:17:59,apk gajelas masukkin nomor gimana coba chat bareng temen gj
5,2025-11-13 05:07:24,bagus komunikasi teman teman ku mes nya pakai pusing
1,2025-11-12 18:46:28,download daftar daftar ya eror
1,2025-11-12 12:46:24,gabisa masuk gmail pasword bener tetep gabisa masuk kocak emang
1,2025-11-12 12:13:49,jelek pas login masuk nya nggak tes ai males jelek banget asa jelek huh bikin kesel tolong baik susah register susah login ni tolong baik bikin susah login kesel tau gakk males pake apk udah akun nya login baik liat ulas laen gimana sih
1,2025-11-12 11:22:21,kakak dis susah sih chattan ama temen kota gimana ingetnya knp sih pasword banget ribet inget nya
2,2025-11-12 09:13:50,susah login ulang
5,2025-11-12 00:10:18,senang
4,2025-11-11 16:29:56,bahasa indonesia
5,2025-11-11 14:42:48,nya bagus susah paham bhs nya susah pas akun nya in bhs indo biar orang indo paham tolong baik nya udah ferry fikasi langsung muncul baca unable to register tolong ilangin biar login nya gampang
3,2025-11-11 13:02:58,gabisa login ulang akun baik sinyal uda bagus login ulang
5,2025-11-11 11:23:49,wow
1,2025-11-11 10:10:21,aneh yah kasi kode smsnya yah salam
1,2025-11-11 10:01:05,staff nya bener apply balas balas kena ban karna alas masuk akal bener bener kecewa
1,2025-11-11 08:00:07,loading bad
5,2025-11-11 05:43:18,konfirmasi email daftar pakek hp blm perna email
1,2025-11-11 01:44:01,hubung keyoutub muncu kode eror
1,2025-11-11 01:35:54,verifikasi error pdahal akun ganti password mohon baik
1,2025-11-11 00:35:33,suka ilang suara wifi data lancar
5,2025-11-10 14:08:37,mantap mudah urus
1,2025-11-10 13:27:03,bener masuk game suara nya sempak
5,2025-11-10 10:13:54,mantap banget
5,2025-11-10 10:09:50,rating jujur komunikasi cari teman baik gw boong gw nemu temen online introvert download
1,2025-11-10 08:06:45,apk gajelas udah bikin akun logout pas masuk kode verifikasi muncul muncul
5,2025-11-10 07:19:37,
1,2025-11-10 04:33:45,mohon maaf masuk server pakai sandi pas bikin gmail pas udah bikin teka teki nya kasih bintang
1,2025-11-09 16:05:24,apk bloon suruh nunggu verif kirim kirim kode verifnya
5,2025-11-09 15:46:31,enakk voice
3,2025-11-09 14:30:39,verifikasi sulit udah nunggu kode verifikasi kirim kirim tolong baik sistem verifikasi kode nya lambat ya sisa
3,2025-11-09 10:01:23,tolong kualitas suara fitur voice note baik
5,2025-11-09 08:27:52,
1,2025-11-09 06:08:09,bug kacau suka reset dll
1,2025-11-09 03:31:45,banget langgan download saldo kirim apk aneh nih apk nguras saldo dana hilang kaya hack saldo ngeri kali jan gitu males banget aju kembali dana nya hak orang ambi aduh
1,2025-11-09 01:47:18,susah bikin akun
5,2025-11-09 01:31:07,plss kirim sticker pake nitro
1,2025-11-09 00:26:04,sih bot double counternya dihilangin kasih solusi nyalahin gara akun udah verifikasi sana hilang guna engga banget
1,2025-11-08 23:58:48,bagus guna script join ku reting
1,2025-11-08 15:37:54,bintang bahasa indonesia atur setting
1,2025-11-08 14:07:26,ampas login akun katany email daftar pas masuk bilang sandi salah udah ganti sandi email bilang udah ad ken ny sih
2,2025-11-07 17:10:47,not bad gw suka ni apk pas gw voice aman temen temen gw pas main game ilang disconnect jaring gw udah bagus udah makek data seluler wifi tolong developer perbaikiin
5,2025-11-07 15:43:12,bagus
5,2025-11-07 14:57:54,fungsional chat
1,2025-11-07 14:23:36,gajelas udah bener masukin pw email salah kocak kocak gpunya fitur simpen kah tlol pdhl dh bnr pw nya
5,2025-11-07 13:58:33,min kasih masuk nih tolong activity privacy android aktif biar enak share aktivitas makasih
1,2025-11-07 13:20:47,verifikasi data
5,2025-11-07 13:12:06,bantu grup main onmic game nya nge bug pokok mantap dev
1,2025-11-07 12:56:07,benerin ya suka eror suara nya ilang masuk ilang masuk aneh
4,2025-11-07 09:55:42,bagus platform kurang ngeleg
1,2025-11-07 08:33:15,skip join server chat server abai pp
1,2025-11-07 05:51:20,notif gaperna muncul tolol
1,2025-11-07 03:39:40,susah login verif login nya ampun login aman aman tolong
5,2025-11-06 17:15:34,pokok keren
1,2025-11-06 15:25:42,kode verifikasi kirim
2,2025-11-06 15:21:39,pas login akun code verifikasi lambat kirim kirim tolong baik
5,2025-11-06 15:19:43,keren cuman pas sharescreen suara ya
1,2025-11-06 15:05:39,apa gua udah bener lo suruh masukin pasti robot gitu gua udah muak gua hapus
4,2025-11-06 13:29:21,masukkkk dc
1,2025-11-06 09:45:32,monyet akun
5,2025-11-06 09:10:32,lumayan seru cuman kadang kadang suara teman hilang
1,2025-11-06 03:17:45,susah banget daftar unable to register
1,2025-11-06 02:52:47,bikin akun
3,2025-11-06 02:36:58,tolong ya update remix edit foto langsung balikin kayak plis malas edit langsung galery
5,2025-11-06 02:04:36,apk bagus cuman bahasa tambah orang didik kek susah erti bahasa inggris
2,2025-11-05 22:10:17,nanya min knp roblox burem yaa padhal wifi lancar abis make data knpa yaa update kyk gitu update burem device hp ngaruh teman ngalamin gitu knpa yaa
1,2025-11-05 16:30:08,apk akun gw kena suspend permanen x gw ngirim apa plis tanggung apk useless lu ngesuspend gw salah gw
1,2025-11-05 12:02:35,uda cacad rf sumpah ping stabil beli bagus eh game busuk nyesel
5,2025-11-05 11:58:02,mantep
5,2025-11-05 09:16:50,bikin mabar seru senang
1,2025-11-05 07:31:25,udah vertikasi email nomor telfon tinggal passwordnya lihat sms lihat tulis udah bener benerrrrr banget salah tolong gimana
5,2025-11-05 05:53:15,halo developer tolong kompatibel versi android nya akun ken banget mesti akun supp kasih bintang
1,2025-11-05 05:18:58,kirain pake passkey ribet ribet banget akun gara gara passkey nihh ku kasih bintang
1,2025-11-05 03:55:58,akun ngebug fitur servertag komplain dev susahh
1,2025-11-05 00:55:36,ribet bikin akun verifikasi akun
5,2025-11-04 23:57:57,bagus alangkah baik tambah bahasa indonesia
4,2025-11-04 17:58:46,kulatias suara nya beda pc latency mic external
5,2025-11-04 16:53:03,hebat dua
1,2025-11-04 16:23:46,registrasi susah bangat email daftar
5,2025-11-04 15:08:54,tarik
4,2025-11-04 13:19:16,tingkat kembang
4,2025-11-04 12:14:56,crash emoji stiker tolong baik emoji ngecrash
5,2025-11-04 10:10:02,mambantu banget komunikasi
1,2025-11-04 09:52:56,dah bener pasword nya
4,2025-11-04 09:41:32,bagus koo suka apk kayak suruh verify tau verify
2,2025-11-04 04:19:38,role tag member notifikasi role admin server
1,2025-11-03 13:59:27,skrng mudah kena bug masuk orang kendala macet tolong baik hbis install device dukung
5,2025-11-03 13:24:49,rekomendasi
5,2025-11-03 13:14:32,gue pusing lihat udah pakai
1,2025-11-03 11:55:29,apk ngebug masuk nomor hp akun hapus
5,2025-11-03 11:50:55,yyyeeeeyyyy masuk thanks devnya udah dengerin keluh kesah
1,2025-11-03 08:28:36,loading pesan aj nunggu mw kirim foto aj banget jd males bukanay
2,2025-11-03 07:47:17,tolong baik login akun habis autentikasi faktor sulit login akun
5,2025-11-03 06:56:12,bagus bnget
5,2025-11-03 04:48:22,guys download bahaya candu judi
1,2025-11-03 04:35:39,bahasa indonesia susah
1,2025-11-03 03:09:01,susah nak login udah bener ganti pasword
1,2025-11-02 09:45:08,jelekk banget kaya muka mantan
5,2025-11-01 23:39:48,manfaat komunitas
1,2025-11-01 19:06:11,asik banget login susah kek ngelamar kerja niat bikin si banget syarat nya kek rumah sakitt ishh geramm nyee
1,2025-11-01 16:38:35,niat bikin lol susah banget daftar doang
1,2025-11-01 15:58:36,apa selesai call trs call dengar suara bicara bug kah nyaman masuk dc baik suara lg event game
1,2025-11-01 13:55:41,rakus banget imel verifikasi ribet
1,2025-11-01 11:46:20,voice bentar langsung tekeluar kocak si emang org meeting
5,2025-11-01 10:40:46,sungguh takjub
5,2025-11-01 10:30:58,penting tunjang performance bm bintang
5,2025-11-01 09:01:00,karna cinta aplikasi beri bintang
3,2025-11-01 03:57:50,butut te nyambungken spotify jeng roblox balaga nolak wae
1,2025-11-01 02:01:14,gajelas udh gua kasi email gua gabisa gua kasih nomor telepon code muncul tolong baik stress
1,2025-10-31 20:25:32,pake bosan gagal verifikasi sengaja
1,2025-10-31 19:01:54,tolong admin dc banget masalah discordnya mohon benerin
1,2025-10-31 18:55:05,banyak bug layar hitam
1,2025-10-31 17:45:06,sampek login pake nomer hp sulit sms code verifikasi nggak udah kali kali ulang tolong baik login
2,2025-10-31 15:45:29,maaf banget tolong login username ya verif gagal banget kemarin beli nitro log out sndiri sia sia tau si min mohon bangett nya perbaikin udah nyoba dri tdi engga balikin akun dc ituu akun dc bener bener bgtt uang sia sia banget beli setup nitro langsung log out sndiri sinyal engga si min
1,2025-10-31 15:12:43,nyebelin gara apk tinggal pacar rekomen main pou ketimbang download
1,2025-10-31 13:47:12,susah login
5,2025-10-31 13:24:45,bantu wawas maju positif
2,2025-10-31 13:00:05,kasih bintang pas cari username teman nya arah akun teman arah kenal orang tolong baik
1,2025-10-31 12:43:44,bug panggil telepon share screen
1,2025-10-31 11:59:39,orang coba masuk akun ku udah ku ganti sandi nya masuk orang masuk akun ku ku kasih bintang karna orang nyuri akun ku
2,2025-10-31 11:56:42,udh updte masuk poice suara nya
4,2025-10-30 23:42:44,bagus sih cuman tolong kasih bahasa indonesia bahasa india indonesia
1,2025-10-30 22:08:58,mohon maaf nih developer gimana gw kasih bintang rendah kayak gin gw connection akun youtube gw claim role membership youtube error baik dibiarin gitu
5,2025-10-30 19:33:23,bagus ya nya
5,2025-10-30 10:52:04,bagus komunikasi
5,2025-10-30 05:28:43,bagus bagus
1,2025-10-29 23:41:41,tolong bahasa indonesia nya bintang bahasa indonesia nya
4,2025-10-29 13:30:44,tolong kasih bahasa indonesia kasihan erti bahasa
1,2025-10-29 10:48:52,tolong bantu code gimana heeeeeeei perbaikiiiiiiiiii
1,2025-10-29 08:46:23,chat teman besok pagi check akun hilang udah kali loh
1,2025-10-29 07:55:12,tolong tambah multifungsi masuk kadalam apk nya g bahasa inggris sulit mengdaftar tolong baik bahasa nya
3,2025-10-29 06:08:52,kurang tambah translate apk dc moga fitur translate apk
1,2025-10-29 05:55:09,gimana login kocak kocak gw uninstal rabu oktober
1,2025-10-29 04:00:36,masang mfa tiba logout kode authenticator udah kali ganti akun logout sistem tanggung pokok kasih tau kode backup nya gimana akun
1,2025-10-29 02:41:17,kasih bintang bahasa indonesia
5,2025-10-28 18:53:02,keren
2,2025-10-28 14:56:50,ratting ah kesini ribet verif email nya
2,2025-10-28 13:26:18,sebentar buka translite login ulang layar pusing sering reaload ulang
5,2025-10-28 12:05:59,
1,2025-10-28 10:45:36,udh muakk liat gw verifikasi nomor telpon code trus gw coba ulang ulang nomor gw limeted
1,2025-10-28 10:27:41,apk sandi email no tlepon salah nya dh bener lolot banget ni apk
1,2025-10-28 09:23:31,udah masukin sandi email masuk
4,2025-10-28 08:59:53,main hp
1,2025-10-28 01:31:18,apk kali gw pake apk gw ngomong chat aneh aneh add temen lebih grup game doang brp pake udh nonaktif email ingat apk gw pake ribet banget mending apk belah
5,2025-10-28 01:23:56,bagus terimakasih
1,2025-10-28 01:02:42,gajelas pw gmail dah bener salah
1,2025-10-27 21:51:37,login mohon baik
1,2025-10-27 15:57:39,bahasa indonesia
4,2025-10-27 13:48:24,bagus pas ngeclaim gift nitro trus verif ituu gabisa trus kayaak eror truss ituu jugaa veriffnyaa susaah kali maaf
1,2025-10-27 09:23:17,susah difahami
5,2025-10-27 07:41:40,gila sih keren sih mc kayak perfect
1,2025-10-27 07:15:09,nya pas verifikasi udh bener salah udh bener masang nya salah udh masang puzzle nya bener tetep salah ku kasi bintang
5,2025-10-27 07:14:14,keren mabar mabar youtuber beh langsung neng
1,2025-10-27 05:39:47,gw udah akun
5,2025-10-27 03:47:57,nya tarik
1,2025-10-27 02:35:06,halo admin kena hack kali kali akun ganti passnya tolong balik minimal hapus akun aman
2,2025-10-26 17:09:44,alam susah login cuman hapus sebentar suruh login log udah bener pw email nya
2,2025-10-26 14:07:55,update soalny tombol upload imagenya error atur file foto sesuai date ambil baru line foto ambil handphone plisss baik
1,2025-10-26 13:13:00,login verifikasi pas verifikasi gabisa masuk tolol lu lu pikir download ai gitu manusia developer tolol otak
1,2025-10-26 11:03:04,gimana vertif pake no hp pas udh pake no hp muncul kode sms nya plis udh ganti email kali kali download hapus
1,2025-10-26 10:10:57,ferifikasi sulit tlp gambar gera
2,2025-10-26 09:54:15,chat guna nomor telepon guna masuk nomor telepon kode verifikasi mohon baik
1,2025-10-26 07:01:34,coba free ni bayar gaktau
1,2025-10-26 06:12:08,tolong pas verif ngetik pesan nya kirim kirim telpon tolong ya
5,2025-10-26 05:03:38,suka
5,2025-10-26 02:21:15,keren bikin main seruuu
3,2025-10-26 02:05:24,bagus nyaman teman
5,2025-10-26 01:22:35,apk nya seru bagus
3,2025-10-26 01:18:25,gabisa buka ya kemaren notifnya masuk chat pikir jaring chat gabisa udah bersihin chace udah diupdate logout gabisa login tolong
5,2025-10-25 20:23:58,halo deploper hormat tolong b indonesia orang bahasa asing kecewa karna bahasa asing pesan tolong tambah b indonesia udah thanks you
5,2025-10-25 12:31:00,bagus banget tau info sab
1,2025-10-25 10:19:15,login ya pdhal email nya udh bener password jg udh bener
3,2025-10-25 08:35:45,tolong tambah bahasa indonesia kasih bintang pasti
4,2025-10-25 07:43:38,eee ku scam bagus
4,2025-10-25 06:11:09,bagus sayang nya bahasa indonesia
2,2025-10-25 02:42:11,voice suka pas main game buka tolong baik voice biar ngak disconnect pas main game moga baik
5,2025-10-25 02:09:01,temen ku
1,2025-10-25 01:03:37,tolong perbaikikan pasword nomor orang indonesia nya nomor orang indonesia angka masuk butuh angka masuk tolong baik baik timbang kasih bintang terimakasih
4,2025-10-25 00:46:29,si update bikin status kaya status whatsapp hehe
2,2025-10-24 23:22:35,suara sharescreen dengar orang
5,2025-10-24 14:15:33,bagus banget nih cocok suka komunikasi temen jarak
1,2025-10-24 12:43:34,ribet gblg login
2,2025-10-24 11:23:20,nya bantu main game suara teman ku sinyal bagus tolong baik
5,2025-10-24 07:03:08,bantu mudah guna cocok pakai hari telegram fitur lengkap wajib download deh jamin nyesel deh
3,2025-10-24 04:37:06,ken buka thread bug thread orang liat
5,2025-10-24 04:11:50,bagus bantu
4,2025-10-24 01:05:23,ajar
1,2025-10-23 17:26:12,udh veryfikassi ulang mulu
5,2025-10-23 14:55:59,terimakasih dc
5,2025-10-23 14:36:22,baik
5,2025-10-23 11:27:26,bagus bantu
2,2025-10-23 11:07:49,bug koneksi jaring aman stabil
1,2025-10-23 10:46:09,udh masuk email salah bintang
1,2025-10-23 06:41:09,akun hilang akun
4,2025-10-23 06:39:59,gimana
4,2025-10-23 05:38:32,bagus sih hapus pesan bikin beranta
4,2025-10-22 19:36:46,cocok
1,2025-10-22 16:45:31,buruk bug sinyal bagus bug buat perintah indonesia kah kayak sampah
3,2025-10-22 16:27:39,
5,2025-10-22 16:08:43,tolong bahasa indonesia
5,2025-10-22 14:56:32,puas kinerjanyaa
4,2025-10-22 14:27:38,nya ngeleg anjer
4,2025-10-22 12:19:29,keren diskusi
2,2025-10-22 11:43:23,mohon maaf kode verifikasi muncul jaring bagus masuk kode ayo henti sulit main kurang ketat atur
1,2025-10-22 10:34:27,hacker liar aman tolong ketat
2,2025-10-21 15:29:28,akun verifikasi nomor telepon coba kali kali
5,2025-10-21 13:20:04,bantu main game
5,2025-10-21 11:11:04,mantap ngobrol online teman teman akhlak jomok
5,2025-10-21 04:17:37,baik poko
5,2025-10-21 04:08:40,bantu orang jarang pakek wa
1,2025-10-21 02:50:48,sampah bayar ganti profil banner mesti top up
5,2025-10-21 02:07:02,proposal tolong buat lapor uang kingdom animalia ikut kak yunda ubah proposal abad tengah musim panas kingdom animalia
5,2025-10-20 16:19:08,bagus komunitas nya luas cari
4,2025-10-20 13:54:18,pake ni cuman masuk gta apknya lancar sih the best
5,2025-10-20 13:21:24,bagus bantu
1,2025-10-20 13:02:22,disconect voice trs tinggal main game susah join dalem server udah connect dlm server suara streaming suara jirrrr temen ku settingan bug bawa hp ku eror benerin pls enak orang dengerin nafas stream live nya kocak bikin ngantuk invite temen dalem server udah acc temenan
1,2025-10-20 12:27:51,hp utama matot ganti hp login akun fa lupa mati dapet kode sms gmn udah gituu penyelesaiinnya
5,2025-10-20 12:07:00,udah dw ngarti ngimans login nya kek nya bagus sih mantap mudah login nya yaa heheeeee tambahin sandi susahhh
1,2025-10-20 11:48:43,login masuk nomor email kode dpt masuk
1,2025-10-20 10:36:08,apk nya bagus bangettt keren ngobrol saudara jauhh keren banget pokok kasih bintang
5,2025-10-20 09:55:45,oke bagus bagus
4,2025-10-20 09:21:47,nya bagus bahasa indonesia ngerti atur
5,2025-10-20 08:06:11,sagat bagus
5,2025-10-20 06:24:22,bagus apk nya tolong bikin notifikasi online nya
1,2025-10-19 12:41:36,kek tai
1,2025-10-19 12:34:52,apan jir kon kemaren ken masuk akun katein human tolo ferifikasikan udah kali masuk kali ji ng
3,2025-10-19 11:18:44,log in gagal password reset password kirim kode tolong baik
3,2025-10-19 11:11:43,gimana ya kirim video bukti kirim video bukti cheater ngecheat developer gamenya ban ngerti
1,2025-10-19 10:57:26,pesan delay kirim
5,2025-10-19 09:43:51,bgs
2,2025-10-19 07:34:51,maaf pakai vpn masuk server
5,2025-10-19 07:18:20,bagus banget sih ngobrol teman join komunitas kenal kenal dar senang senang
1,2025-10-19 05:07:39,udah login gabisa tinggal verifikasi nomor telpon nomor telpon invalid nomor telpon udah bener
1,2025-10-19 04:42:32,apk join server ajg sya tunggu tombol masuk servernya tolong baik diam
1,2025-10-19 04:30:05,masukin akun google masuk password udah bener
1,2025-10-19 04:09:57,pw salah mulu kocak suda bener sampe simpen pas dimasukin salah apl tua doang kaga perna dbaiki
2,2025-10-19 01:42:39,akun nonaktif
5,2025-10-19 00:45:21,login suruh verifikasi no hp
1,2025-10-18 21:09:12,tolong baik notifikasi muncul nya kadang server terima pemberitahuan tag reply accept friends
2,2025-10-18 17:45:07,ngebug mulu tolol
1,2025-10-18 15:49:37,masukin pasword google tulis salah reset pasword
5,2025-10-18 14:51:08,bagus cloud game favorit ku
5,2025-10-18 11:52:43,nya bagus
1,2025-10-18 10:16:08,batal langgan tetep dana sedot tolong gimana
4,2025-10-18 09:40:51,bgu
1,2025-10-18 08:52:44,update problem apk mending gausah update umur hidup bug
1,2025-10-18 07:45:57,login register
5,2025-10-18 04:44:28,bagus ngbrol
5,2025-10-18 02:27:13,ya bagus
5,2025-10-18 01:50:10,sarang heyo eh eh eh
1,2025-10-17 18:24:48,login register gabisa login gabisa email udah bener pw udah bener salah
1,2025-10-17 15:25:31,login udah bikin akun bilang password is incorrect
5,2025-10-17 14:55:23,cakep
1,2025-10-17 14:50:43,woi notif server suka gada udah server gw butuh notif server nya kocak aelah ribet banget males gw dah
5,2025-10-17 14:45:50,top up robux
1,2025-10-17 13:55:21,suara suka
5,2025-10-17 12:24:43,mantap banget server voice chat pokok five star
1,2025-10-17 12:11:40,invite server dc tema bkep pdhl mah massuk
3,2025-10-17 11:57:23,join sever muncul server veryfikasi nya swperti nya
3,2025-10-17 11:47:31,blm familiar guna
1,2025-10-17 10:53:08,gajelas njing login nya susah sandi udah bener hapus ni sampah
5,2025-10-17 09:17:56,apk bagus tambah fitur simpan akun kayak google log out akun nya simpan ow yeah
1,2025-10-17 08:48:29,knp akses
1,2025-10-17 07:42:33,verifikasi lot konek game hadeuh parah parah
1,2025-10-17 03:49:36,tambah hapus pesan dm hapus pesan dm
1,2025-10-16 17:17:34,notifikasi delay
5,2025-10-16 15:38:17,buster gratis
2,2025-10-16 12:04:48,masuk ya udah masukin email password nama masuk udah coba kali
5,2025-10-16 11:30:37,terimakasih terimakasih satu rumah cerita room pribadi pikir etik rasain keluarga giat sekolah ceritain makasih ya
4,2025-10-16 11:09:12,ni ni napa ko rerror kamera share screen akan mati ni kamera
5,2025-10-16 10:40:55,mudah komunikasi main game milik fitur bagus
1,2025-10-16 10:21:21,tolong benerin log in password bner
1,2025-10-16 09:19:44,pakai nomor ribet gmail biar mudah bikin pusing
1,2025-10-16 08:35:06,ndak login udah ganti sandi tetep gabisa loging
5,2025-10-16 07:04:17,perfect wa opini gw ya
5,2025-10-16 04:13:07,tarik
5,2025-10-15 22:28:57,log
3,2025-10-15 18:13:57,gabung group link nya muncul pasuk
1,2025-10-15 16:20:16,pake selingkuh suami wkwk
5,2025-10-15 13:54:35,ku tau manfaat karna ngobrol org pintar ajar org
1,2025-10-15 12:36:10,discrod nya masukin email udah akun udah tetep gabisa email akun tetep supah banget
5,2025-10-15 11:25:07,bantu mudah mudah
1,2025-10-15 09:49:00,gw beli apa tranfer rebu apa gw ngapa in
3,2025-10-15 09:46:33,gimana sih masuk masuk udah kasih lihat nomor phone gimana sih tolong baik
1,2025-10-15 09:28:05,muncul iklan link google ngeselin anj skip arghhhhgggg
1,2025-10-15 09:15:35,busuk regestrasi bisa
1,2025-10-15 08:45:24,guna indonesia support bahasa indonesia
5,2025-10-15 06:55:54,udah dc nih top best apk deh pokok
4,2025-10-15 05:37:56,lumayan bagus mabar bareng temen
1,2025-10-14 16:21:12,minimal langgan premium confirm code kek gw butuh duit gatau nonaktif langsung sedot duit jadiin premium dasar stres ya refund gabisa duit penting desak kocak
5,2025-10-14 11:06:42,jujur suka banget fitur masuk komunitas cari teman sharescreen gampang pakai pc fitur fiturnya thanks
5,2025-10-14 09:48:27,daftar
1,2025-10-14 07:30:39,susah banget dapet verifikasi code email hp hari verifikasi
1,2025-10-14 07:10:08,bagus nggak daftar bikin akun udah bener masukin email nya coba ulang kali nggak tolong mohon baik ya
1,2025-10-14 06:34:35,gua login susah banget sandi udah gua nya gua ulang dasar login kayak bujuk cewek dasar gua benci banget pokok hari gua buang gara gara login doang
4,2025-10-14 04:58:57,bagus sih rekomended chatan channel kategori grup minus baca pesan klik mohon tambah baca chat pesan merah ribed
1,2025-10-13 16:05:15,akun gw ban mulu buset dah ban
1,2025-10-13 15:23:15,kembali gartic
3,2025-10-13 14:20:28,maaf dev nih bikin akun verifikasi pas joint server orang
5,2025-10-13 13:32:25,saranin sih komunikasi pertama kawan nomor wa
1,2025-10-13 10:57:24,kompleks verifikasi verifikasi masuk servernya aneh jelek
1,2025-10-13 09:41:40,verify phone codenya kirim x coba tolong baik
5,2025-10-13 08:31:56,bagus saran tambah bahasa indonesia temenku login gabisa bahasa inggris
3,2025-10-13 05:38:03,susah login udah akun bilang akun mu nye nye nye bacot
5,2025-10-13 04:40:13,bantu good job
5,2025-10-13 00:39:18,aga ribet pakai
4,2025-10-12 23:33:52,fitur udah bagus cuman sayang atur ketat salah ngomong dikit langsung ancam kena perma ban
1,2025-10-12 17:07:46,out mulu server dasar apk kocakkk
1,2025-10-12 11:19:50,apa ni udah masuk grup keluar verificasi udah nguawur
1,2025-10-12 11:05:35,geser hewan email robot
5,2025-10-12 09:42:10,singkat bagus
1,2025-10-12 09:22:38,verif no telepon gabisa pasword nya
5,2025-10-12 08:39:40,ter hubung ngobrol rekan bahan negara
1,2025-10-12 07:56:56,tolol anj register akun ribet banget anj tolol
4,2025-10-12 01:49:31,menngisi nomor hp bisa
1,2025-10-12 00:52:57,rusa verify code karna code kirim massage gmail maaf bintang karna bug resah
1,2025-10-11 17:14:43,apk paok username pw uda sesuai gabisa masuk
5,2025-10-11 16:19:41,seru teman mabar
5,2025-10-11 15:56:28,cari redz hub
3,2025-10-11 15:02:13,tibatiba share screen suara suara semenjak update aga
1,2025-10-11 12:51:18,mengcancel nitro
1,2025-10-11 12:43:35,verif no telpon mulu tolong benerin bug nya
3,2025-10-11 12:41:56,anj rusak
4,2025-10-11 12:40:50,kasih bintang karna login akun susah proses buat akun mudah ya
5,2025-10-11 12:36:07,tau
2,2025-10-11 12:28:03,baik suka ngebug ngevoice suara y tolong baik nyaman
5,2025-10-11 11:13:50,bagus bangettt tolong tambahin bahasa indonesia
1,2025-10-11 10:43:03,enak enak an vid nya ngefreezee enak
5,2025-10-11 04:35:33,bagus komunikasi teman keluarga dapt untukinformasi
5,2025-10-10 19:25:15,guna banget jirrr
5,2025-10-10 17:30:22,bagus sih pas ngehapus grup ny kek ny tuh raju
1,2025-10-10 16:31:23,bahasa indonesia
1,2025-10-10 15:32:23,kn kode otp gimna login
1,2025-10-10 15:24:51,knp pas sharescreen trs apk nya tutup suara gaada apa apa
5,2025-10-10 13:54:56,bgus suka interaksi orang
1,2025-10-10 12:44:09,fitur backup sampah bikin ssh orang dah kasih bukti bales email nya
4,2025-10-10 12:29:15,seru banget nge chat gausah pake email nmr tlp ya
5,2025-10-10 12:14:20,semangat
4,2025-10-10 10:57:03,halo udah akun hapus pas masuk tiga akun masuk
5,2025-10-10 10:54:35,tolong tambah support bahasa indonesia
4,2025-10-10 09:01:38,hmm sbnrnya bgus cm mes nya ad notif gtu kya ganggu ak main trus notif kaya ganggu gtu atas baca notifnya udah si mes nya doang sisa nya bguss
1,2025-10-10 06:29:34,woi dc verifikasi email benerrrrrrr email doang invalid email gausahhhhhh
4,2025-10-10 04:16:07,banget bagus sih join dc ku temen ku tau
5,2025-10-10 00:49:11,seru
1,2025-10-10 00:24:26,dengar user data leak hacker tolong tingkat aman
4,2025-10-09 23:07:50,puas apknya cuman kenpa nitro nya kebel tida beli beli apk tolong lihat lihat beli nitro nya
1,2025-10-09 20:47:29,bug resah voice
5,2025-10-09 17:28:46,filter suara gacor
1,2025-10-09 16:44:13,kesel kali udah login login pakai device device ku rusakk gimana curi orang hilang akun lucu banget verifikasi ribet
5,2025-10-09 16:28:25,pliss developer tolong tambah bahasa indonesia
1,2025-10-09 15:28:47,memex udh jam gua msuk akun sndiri udh gnti sandi nya msih mintk verify udh gmail emng kntol nih sistem nya
2,2025-10-09 15:20:35,error masuk channel menit
1,2025-10-09 12:15:24,login nya susah pasword nya salah bener
5,2025-10-09 07:33:12,bagus
5,2025-10-09 07:04:21,guna teman
1,2025-10-09 06:12:13,benerin tuh bocor data
3,2025-10-09 02:34:40,server chanel pdhl penuh link server sllu buka server buka
5,2025-10-09 01:43:26,min tambahin fitur tampol online
1,2025-10-08 23:12:08,login akun tulis salah salah mulu
1,2025-10-08 18:36:18,dah bikin pasword terima mulu pasword nya
1,2025-10-08 15:05:55,buka apk gw gamon mlu dah
1,2025-10-08 14:24:01,udah bikin nih apk nya sampah nya
5,2025-10-08 14:11:21,keren harap loginnya baik mudah masuk akun
4,2025-10-08 13:52:41,bng dc bng
5,2025-10-08 13:39:37,kak d scord bug gabisa buka tolong bantu
1,2025-10-08 12:32:49,gw pas masukin qr tolak hapus tolol babi
5,2025-10-08 12:23:17,apk bagus
1,2025-10-08 10:50:43,tambahin bhs indonesia
4,2025-10-08 10:26:32,tambahin biar update status
5,2025-10-08 09:19:44,apk keren sih sumpah thx developer buat apk
1,2025-10-08 06:25:50,jujur kecewa masak akun dapet fitur akun dapet fitur akun dapet fitur tarik bagus akun kenal akun nihil teman liat coba
5,2025-10-08 02:05:20,udah oke saran buat fitur switch account desktop mudah pindah akun
4,2025-10-08 01:43:00,tolong tambah bahasa indonesia
1,2025-10-07 16:53:17,akun hilang akun verifikasi bye
5,2025-10-07 16:45:54,tolong buat tayang ulang dc kayak tiktok biar kece
5,2025-10-07 12:58:17,main hibur penuh tantang
1,2025-10-07 12:46:08,masuk apk layar redup pencet tolong solusi dev
5,2025-10-07 12:09:55,gatau
1,2025-10-07 10:13:25,tbtb uda main dc thn akun jdi hilang keluarin dc tolong kerja nya uda marah coba login gabisa
2,2025-10-07 02:25:00,gas tambahin fitur bahasa indonesia
1,2025-10-06 22:49:11,main data dalam akun banned sampe keluh dengar banding terima mnyt
4,2025-10-06 14:44:19,oiiaioiiai bis ngobrol teman kenal
1,2025-10-06 11:12:50,uda login udah login enek
5,2025-10-06 11:00:24,bagus banget ber kata pokok nya bintang dah
1,2025-10-06 10:11:30,fiturnya bagus pakai email bilang salah gimanaya
5,2025-10-06 07:58:08,radiat hidup hari komentar apa jalan pulang rumah makan mulya nu d jalan anyar tea dingan ka urang teh hijau kenal orang nama lengkap hidup hari komentar apa jalan pulang rumah makan mulya nu d jalan anyar tea dingan hidup hari komentar ap
5,2025-10-06 07:07:31,mh syahrial ngapain kasih bintang lelet hp lo apk nya
5,2025-10-06 02:43:52,notif gajelas kadang kirim komen tag kotak
4,2025-10-05 16:57:10,lmyn guna
4,2025-10-05 16:48:59,kadang suara hilang jaring lancar
1,2025-10-05 16:31:55,sharescreen suara jelek no worth it tolong masukanya bro kl dh kasih bintang
1,2025-10-05 14:57:36,bikin bingung guna
1,2025-10-05 14:27:14,update bagus rusak
1,2025-10-05 14:26:33,update rusak
5,2025-10-05 13:37:38,baik
1,2025-10-05 12:54:25,akun bsa join dg chanel naru
1,2025-10-05 08:07:04,login kode email pw kocak bener maksa ku rating rating nya gabisa mohon nya jan maksa
1,2025-10-05 06:19:31,tolong ku pakai foto profil gagal ganti akun download lgi hasil
1,2025-10-05 04:49:31,susah bet log
4,2025-10-05 03:32:36,bagus boros guna data kuota boros baterai device tuntut sinyal ping bagus suara robot voice saran pakai wifi
5,2025-10-05 01:46:38,serubanget
3,2025-10-04 17:33:48,p adain fitur sekli liat
1,2025-10-04 11:01:18,update baru android hp vivo v fitur share screen masalah mic langsung mati detik suara dengar versi mic audio sama mohon baik mic aktif share screen background
1,2025-10-04 11:00:59,mes udah neng pas ganti sandi akun eh pas login pemberitahuan deteksi email login perangkat what how akun ku salah sih akun sambung selesai register how g block t i pg
1,2025-10-04 07:26:41,akuu download apk ini gabisa registrasi udaa isi data baca are you human gua klik muteeerrrrrrr teruuuss sampek menit nungguin bisaaa bisaa tetep loadinggg kesel betmut
1,2025-10-04 01:14:50,kali kali log in password sesuai kena salah paswordnya
5,2025-10-04 00:20:25,baik fiturnya main bareng bicara teman kendala contact support help nya fast respond nyaman ajak bicara just like a real friend
1,2025-10-03 23:32:51,daftar ferifikasi salah
5,2025-10-03 21:00:45,tambahin bahasa indonesia
1,2025-10-03 16:40:41,apk kagak login nya ribet langsung pasang akun google dah kelar nunggu kode apa apk kagak jelassssss baca nihhh
3,2025-10-03 15:08:55,enk sih download mls
3,2025-10-03 15:03:15,tolong regerstasi nya jagan sulit email no login tambah bahasa indonesia
5,2025-10-03 14:54:09,tolong tambah terjemah indonesia nya
1,2025-10-03 13:35:41,error susah gabung grup dc link dc nya masuk grup terahir buka
5,2025-10-03 13:18:07,game seru
5,2025-10-03 10:37:07,guna notif grow a garden roblox dll
4,2025-10-03 08:14:12,udah bagus bgtt komunikasi salah bahaya karna ngomong orang kenal wajar sihh predator ped bahaya
5,2025-10-03 06:24:27,setting an bahasa
1,2025-10-03 05:50:03,orang kayak besar kayak sma gitu hapus teman situ ya content creator
4,2025-10-03 03:56:19,seru bangetttt angker
1,2025-10-03 00:07:02,tolong sedia bahasa indonesia nya
1,2025-10-02 15:01:20,tolol anj login pake email susah nya ampun suruh ganti sandi mulu mudah anj login nya kesel gua pake apk butut gin gua pas login pake apk gmail sandi pas login suruh ganti sandi mulu baik login nya anj turut gua kasih masuk anj pura pura liat admin nyusahin apk nya dah bagus login nya nyusahin
2,2025-10-02 14:34:44,aneh suara suka hilang jaring gw main mobile legend ngga lag suara suka hilang hilang
1,2025-10-02 14:32:39,ko update gabisa buka ya udah restart hp bersihin cache pas buka langsung gabisa buka pake laptop loadingnya lamaaaa banget akun banned emang discordnya masalah ya
1,2025-10-02 13:55:49,verify email nya nyebelin udah kirim kali notif
1,2025-10-02 13:42:10,ya ku masuk grup pencet link masuk grup play store
1,2025-10-02 13:29:05,login susah nunggu email masuk masuk
5,2025-10-02 12:30:28,guna gamer cocok gamer gamer luar
1,2025-10-02 10:39:39,orang transfer milik server hapus account kali akun kena hack server milik member server sulit akun sebar link link aneh menganggu orang tolong urus pertimbankan saran masuk orang orang bintang bagus
3,2025-10-02 06:14:11,akun
5,2025-10-02 05:47:42,bantu
5,2025-10-02 02:48:03,bagus ngobrol teman
2,2025-10-01 13:52:53,masang nomor telepon kode alamat email daftar sih main
5,2025-10-01 13:12:20,apk keren komunikasi org tukar info sangant bagus
1,2025-10-01 13:10:20,asu pasword email isi error nya download
1,2025-10-01 12:23:27,baik apk bak muncul kode verifikasi
1,2025-10-01 11:51:58,bug tolong baik
2,2025-10-01 11:02:28,orang laporin bug anjir dah otak atik suara tetep samsek dah ganti device lapor via banget isi udah isi error
1,2025-10-01 10:43:23,udah pakek pasword bener bilang salah
5,2025-10-01 09:30:38,bagus masuk game online
5,2025-10-01 09:22:00,guna sekali
2,2025-10-01 07:49:16,notifikasi outside nya kadang bug
5,2025-10-01 06:09:48,bayar nyaman
1,2025-10-01 03:49:25,kembali gartic phone
5,2025-10-01 03:04:19,kasih bintang lupa update kasih player bahagiya selamanyaaa
5,2025-10-01 02:54:50,akun dah buka aman bintang
5,2025-10-01 02:42:07,moga senang
1,2025-10-01 02:19:06,iya knp skrg login susah mentok mlu
5,2025-09-30 20:29:56,sarana komunikasi super lengkap keren chating voice call video call teman apk gabung grup resmi main main apk bahasa indonesia atur tolong tambah bahasa indonesia update mind baca tuju
5,2025-09-30 19:29:50,ngga bahasa indonesia nya yah
4,2025-09-30 17:14:34,apk nya bahasa indonesia nya
4,2025-09-30 16:51:37,bahasa indonesia
1,2025-09-30 14:31:53,yaa tidaa sukaa login ulang gmail no telepon
1,2025-09-30 13:16:57,lok in jagan dang lot
2,2025-09-30 12:52:48,server bang windah hilang server nya tolong baik
5,2025-09-30 12:40:14,bagus banget temu teman online dll makasih bantu orang
5,2025-09-30 11:42:26,keren ngobrol teman teman
2,2025-09-30 10:54:44,masuk link tolong baik
1,2025-09-30 10:07:15,masuk nomer blok
3,2025-09-30 09:21:43,min tolong kasih bahasa indonesia
4,2025-09-30 05:54:39,baguss bangett masuk game sus maksih kadang bug
5,2025-09-30 04:27:11,bagus banget orang orang toxic
1,2025-09-30 02:48:53,mau gimana taut email masuk email invalid lol
5,2025-09-30 01:53:17,mendownload delta executor
1,2025-09-29 16:25:51,apk sampah udah login udh bener bikin salah
1,2025-09-29 15:52:39,banget botsnya ngajak ribut sumpah banget ngajak ribut tolong botsnya perbaikin hilangin botsnya plus botsnya nama circle ngeban ngekick dll orang grup bela ngancam lu ngajak ribut gua ban lu langsung diem ya gua tetep yapping terima gua anggota grup gituin tolong ya perbaikin botsnya nama circle rusak banget botsnya
2,2025-09-29 14:19:10,apa hilang fitur deteksi robot susah aman sulit login bagus
5,2025-09-29 13:43:16,bagus error
1,2025-09-29 12:36:20,woy ajg pas pake wifi rumah lag pas pake wifi tetangga aman
1,2025-09-29 10:21:13,puki bdh reset pw pake backup kode back up kode login liat
4,2025-09-29 08:46:28,enak banget ngobrol temen
5,2025-09-29 07:55:04,bagus dh
5,2025-09-29 04:38:11,bahasa indonesia
1,2025-09-28 15:30:01,nya gw verifikasi pake no telp nya ngirim code nya code nya muncul muncul muak gw anying pas gw verivikasi akun dc gw crome lo gagal ya anjng udh beber masuk sandi gmail mas g apk cacat
5,2025-09-28 14:52:35,bugnya ok
1,2025-09-28 13:25:31,voice pacar disconnect mulu sinyal bagus
1,2025-09-28 11:13:33,loading nya login akun nya
5,2025-09-28 09:18:36,asik gin brok loginnya susah akun ez login nge crash tolong kaki sakit baik
1,2025-09-28 08:11:36,susah nyala notifikasi nya
1,2025-09-28 07:55:34,hp laptop login
1,2025-09-28 06:12:39,apk gila veryfikasi udh hp kentang
1,2025-09-28 06:04:54,ya login login masuk email sandi salah google reset sandi salah ya jelek hancur butut rekomendasi
1,2025-09-28 05:12:40,apa login langusng bug gitu channel channel bingung banget uninstal udah download pas login pake email apa
1,2025-09-28 04:10:39,login
5,2025-09-28 00:57:23,guna chat obrol bicara main kumpul whatsapp bingung bahasa sedia bahasa indonesia ya
1,2025-09-27 16:05:59,suka mental voice nyangkut pas bikin voice
5,2025-09-27 15:33:38,dpat kawan asik
5,2025-09-27 14:51:40,fun banget
5,2025-09-27 14:21:37,verifikasi email
1,2025-09-27 12:23:07,ribet banget pake apk guna tolol
5,2025-09-27 11:57:08,mantap btw nawar turbo kasih diskon ajar
2,2025-09-27 10:28:04,masukin otp masuk masukin nomor gabisa masukin kode masuk aneh aneh
1,2025-09-27 08:49:19,udah kaya dah voice gw buka aps hp nya kadang ngebug voice nya suka frame drop aps nya kaya semenjak update juli agustus deh tolong baik
1,2025-09-27 08:16:35,jelek loding nya
5,2025-09-27 07:39:03,bagus ajar and temu teman daerah
1,2025-09-27 07:21:37,g login gblk biadab tolol jaring aman aj g biadab tolol lu biadab tolol goblog dongok anj kon emang g akhlak anj anj
1,2025-09-27 01:29:00,login akun duh susah ampun password ku masukin bener sampe aq ubah kali kali coba login hasil capek pake nih
3,2025-09-27 00:33:20,pas nge voice suka disconnected jaring bagus
1,2025-09-26 18:43:52,kesal login multifaktor autentikasi sulit gmail
1,2025-09-26 16:38:04,lodingnya banget jam wib wib
1,2025-09-26 16:17:45,suara suka ilang
3,2025-09-26 14:25:34,discort nya lumayan
5,2025-09-26 13:32:06,bantu komunikasi dll
4,2025-09-26 13:02:54,udah bagus g bahasa indonesia nya ribet tolong next update bahasa indonesia nya min
5,2025-09-26 12:04:47,pas login gatau ngapain
5,2025-09-26 11:45:02,apk cocok bagus fitur nya bilang sempurna hubung sosial lai wajib bintang
5,2025-09-26 11:23:09,apk baik bikin join komunitas bagus banget telpon ama temen ngeleg kayk minus ya bikin status kayak whatsapp apk jelk
5,2025-09-26 10:57:14,apk nya bagus moga update depan fitur account
4,2025-09-26 09:14:07,enak komunikasi
1,2025-09-26 08:17:22,apalahh gabisa loginnnnn pas pake email pas verif bug gw coba gabisa gw kesel banget sih ama jelek bisa bugg doang sampahhhh baca gw udah uninstallll hamasaaa
3,2025-09-26 07:16:12,kesal login udah liat tutorial nya tolong baik
5,2025-09-25 22:14:29,terima kasih bicara main manfaat suka terima kasih google
5,2025-09-25 22:08:47,please update indonesian language
1,2025-09-25 21:57:15,login akun email nya salah liat login kacau emang apk dak login
1,2025-09-25 17:52:47,mati enak sleep call mati tuh bikin emosi banget
1,2025-09-25 17:47:48,nyusqhin bet mqsukin nmr hp paswordnya susah
5,2025-09-25 13:29:58,tolong tambahin opsi bahasa indonesia
5,2025-09-25 13:21:12,apk bagus banget nihh main bareng kawan youtube v
1,2025-09-25 12:48:52,apaansih nih lag delay wifi issue emg delay
1,2025-09-24 22:24:50,ni apk udah bilang robot terima nya
1,2025-09-24 18:37:45,baik bug kirim emoji stiker kadang suka fc
3,2025-09-24 17:23:22,coba kasih atur bagasa indonesia terjemah bahasa asing mudah
1,2025-09-24 15:28:14,call an gada suara nya aneh
1,2025-09-24 14:50:10,bug udah naroh email paswrod tetep
1,2025-09-24 13:53:03,
1,2025-09-24 07:52:27,tambah bahasa indonesia
1,2025-09-24 05:15:09,update pental jelek
5,2025-09-24 04:56:37,bahasa nya indonesia nya kadang paham bahasa inggris iy susah bahasa indonesia
5,2025-09-23 21:54:43,bagus dukung fitur tarik pokok rekomend banget dah
5,2025-09-23 15:19:21,suka
1,2025-09-23 15:17:05,suara kedengeran on mic suara hilang main game
5,2025-09-23 14:42:51,alamak bagus nyeeeeee
1,2025-09-23 14:30:59,suara hilang tbtb luar
1,2025-09-23 12:48:58,ya pas udah masuk grup eror gabisa buka muncul notifikasi jaring aman aman
1,2025-09-23 12:16:40,beli nitro saldo kurang akses nitronya
1,2025-09-23 11:50:52,update bener nyusahin
2,2025-09-23 11:47:20,knpaa ko stak truss konfirmasi human robot ya login regis ttp stak konfirmasi human or robot ndk pilih gambr sprti stak loding trusss min tolong bantu solusi gmna
3,2025-09-23 09:39:04,notif nya update udh uninstall dlu ttp
4,2025-09-23 02:32:41,tutor switch account log out dc ku fitur last update sep
3,2025-09-22 16:07:47,update discrod android bugnya
3,2025-09-22 14:31:13,kl telpon putus tolong benerin
3,2025-09-22 13:42:50,knp ya connect in spotify gabisa jdi suruh msukin email masukin kode digit email udh kirim tuh kode tp pas tulis websitenya kotak gbisa pas tulis angka kotak ttp kosong udh coba kali gmn ya
5,2025-09-22 13:03:47,coba kayak bagus ni
3,2025-09-22 13:01:08,ya
1,2025-09-22 08:37:57,benci banget login akun utama suka pakai email nomor handphone salah
1,2025-09-22 06:56:27,arah akun biar mudah bikin akun bingung
2,2025-09-22 06:00:50,bagus suruh verifikasi email nomor eror tolong tiada bug aneh ganggu
1,2025-09-22 05:39:37,hallo tolong unkuk kembali saldo uang nila uang sedot langgan nitro boost mohon kembalilan
5,2025-09-22 00:53:34,cocok komunikasi jarak main komunikasi maksimal
2,2025-09-22 00:31:20,bagus bisnis karna teman server server bantu bisnis maslaah asih bintang limit ganggu bisnis limit chat pribadi orang tolong hapus limit kena limit x bulan tolong baik alami
5,2025-09-21 23:15:48,bagus banget pois enak pokok
1,2025-09-21 21:38:35,buruk
4,2025-09-21 16:31:05,kasih bintang dlu ya karna ngerti pakai
1,2025-09-21 16:28:47,guna setia kecewa update an kali masuk game mental nama update tuju baik bug parah kasih bintang stabil bintang
1,2025-09-21 13:42:53,dc dc nomer aing daftar tulis sumber daya batas hadehh
4,2025-09-21 12:46:04,min tolong tambahin bahasa indonesia
5,2025-09-21 11:59:29,bagus banget
1,2025-09-21 11:03:07,kaga bat ni bug mulu heran gw fix kek ngeselin bat udah disconnect suara pas buka discordnya tau disconect pas lansung masuk kek ngebug gitu anehh anehh
4,2025-09-21 10:23:10,tolong min optimalisasi discordnya force close update
2,2025-09-21 07:46:36,hapus pesan aman
5,2025-09-21 06:50:59,main south bronx asik
1,2025-09-21 06:45:10,eror
1,2025-09-21 05:23:52,bahasa indonesia bintang
4,2025-09-21 04:46:40,suka chat luar negeri rumah kurang hp fitur hp laptop bintang
1,2025-09-20 19:04:41,voice call hp disconnect sinyal aman sentosa tolong baik
5,2025-09-20 18:22:20,bagus
2,2025-09-20 18:09:14,update temen ku update mic pas share screen
1,2025-09-20 17:57:56,udah masuk susah bikin susah pas bs nlis d server gua udah taruh email sandi katnya daftar lu suruh daftar udah daftar ngpain ngetim kocak lol banget nih apk lol banget download cuih najis
1,2025-09-20 12:46:16,apa dikit wait are u human gabung grup doang emg aneh
2,2025-09-20 12:42:24,verifikasi bel belit
1,2025-09-20 10:08:37,gila verif email pas verif gabisa gua asikin chattan kit heart
1,2025-09-20 09:19:09,udah kali reinstall masihnaja bug asik ngobrol voice mati masuk biar masuk voice nih knp verifikasi pake nomor telpon suka error jgn cmn nyaranin reset perangkat doang hasil error minimal benerin
2,2025-09-20 06:58:58,susah register nya pakai email no hp
4,2025-09-20 05:33:16,jalan atur notifikasi tetepi muncul bar notifikasi
5,2025-09-20 03:23:50,bokep sih
4,2025-09-20 02:04:44,kode verifikasi nomor ponsel masuk nomor ponsel valid
1,2025-09-20 00:11:16,kadang disconek voice pas bukak emotikon pas update update nya internet nya stabil main cloud game lancar pakek internet paket
2,2025-09-19 22:27:23,tolong baik suka disconnect gajelas
3,2025-09-19 21:29:46,ain fitur translate nya bintang fulll
5,2025-09-19 20:08:17,please add indonesian language
1,2025-09-19 17:15:48,gatel akun susah kayak jembot
5,2025-09-19 16:16:12,paten ni apk
3,2025-09-19 14:07:43,maaf send video orang teman teman nya gambar nya abu abu gitu
1,2025-09-19 13:06:27,suka ngebug teman suara suara nggak mute admin
5,2025-09-19 12:22:21,bantu
3,2025-09-19 11:47:34,bagus sih cuman knp yah quest pke laptop pc user handphone kn jg
5,2025-09-19 10:34:12,semenjak update aktipin screen live live stream game mic nya muncul latar muncul mic nya
4,2025-09-19 10:33:17,akun masuk karna surah akun sums
5,2025-09-19 08:58:13,gacor sih bagus banget mabar temen sayang verivikasi lumayan susah sekian terimakasih
5,2025-09-19 08:03:48,bagus bet nih apl
3,2025-09-19 05:28:02,ganti was up kesal karna pas akun banyakk kali kendala
5,2025-09-19 03:25:38,gamenya seru asik
1,2025-09-19 01:38:01,update disconnect voice lock hp bentar udah disconnect udah nyoba saran saran udah kasih developer disconnect
2,2025-09-19 01:32:57,pas akubmau verifikasi codenya sms nya ya
1,2025-09-19 00:57:32,disconnect nge ganggu banget ken make bagus
1,2025-09-18 18:47:17,otp no telp masuk masuk kelas
1,2025-09-18 17:55:02,jelek avatar beli shop permanen permanen expired nya update tambah aktivitas hp laptop suka kurang avatar nya orang beli frame avatar design nya beli buang buang uang fitur khusus nitro muak
4,2025-09-18 16:23:48,tolong developer tambahin subtitle indonesia
1,2025-09-18 15:06:11,apasih disconnect jelek banget dah
5,2025-09-18 14:18:02,bug muli min suka out main gamw
5,2025-09-18 12:51:01,mudah aplkasi discrodnya
1,2025-09-18 12:27:31,terkadang pesan kirim
1,2025-09-18 09:24:19,bahasa indonesia nya
4,2025-09-18 07:47:50,pls tambah bahasa indonesia
3,2025-09-18 06:55:06,disconnect buka main game tolong baik
5,2025-09-17 23:00:39,bagus bingung kali unduh arah teman mudah whatsapp
5,2025-09-17 15:03:27,seru cuman ribet teman susah bikin akun nya
5,2025-09-17 13:19:14,udah teman devan
1,2025-09-17 11:40:55,please deh bug teruss
5,2025-09-17 11:02:39,cuman bagus
5,2025-09-17 08:43:10,mabar
1,2025-09-17 03:50:02,login udah masukin email tolong bantu
1,2025-09-17 02:33:55,uninstall ulang kaya baik bugnya ngelakuin suka lakuin disconnect eh
1,2025-09-16 23:52:15,jelek server call tendang jaring wifi lancar
1,2025-09-16 23:28:25,woi pilih kasih login lupa password pas tungguin jam notifikasi verifikasi kode dasar pilih kasih
1,2025-09-16 21:57:26,suruh nulis sandi kirim sms
5,2025-09-16 16:41:38,no coment biar bintang bicara
2,2025-09-16 15:57:47,tolong dc server tampil dc teman selingkuh dc server
1,2025-09-16 15:07:12,hp realme log in dikit dikit bilang error
5,2025-09-16 14:07:35,gua suka gw tau bhs ingris praktis
5,2025-09-16 14:00:36,sangad bagus jual item growtopia
5,2025-09-16 13:05:33,baguss bett woii
1,2025-09-16 12:29:20,buka lancar keluar
1,2025-09-16 07:40:26,daftar udah sandi imal
1,2025-09-16 02:21:49,update pesan kirim gagal kirim sinyal wifi data aman aman
4,2025-09-15 13:14:59,bug nya tolong baik
2,2025-09-15 11:03:32,aj
5,2025-09-15 09:59:58,bagus
3,2025-09-15 08:33:39,kembali gartic phone plis
1,2025-09-15 07:36:58,suka ngebug voice suka voice
5,2025-09-15 06:43:51,gengsi fhg
1,2025-09-15 06:35:10,bugnya tolong baik
1,2025-09-15 05:10:32,yah idiot hubung email hubung nomor telepon pas login ulang email butuh verifikasi nomor telepon gimana maksud masuk tolong bodohhh
4,2025-09-14 23:39:41,apk nya bagus radak ngebug hp gw
1,2025-09-14 17:49:11,suka bug delay tetiba out jaring lancar
1,2025-09-14 16:52:37,asu login susah anj
5,2025-09-14 16:29:21,bagus main game
1,2025-09-14 16:20:56,bug hilang bug muncul
2,2025-09-14 15:29:24,sih masukin nomer kode nya banget muncul nya banget
1,2025-09-14 15:26:23,udah update versi android uninstall onmic share your screen onmic
5,2025-09-14 15:12:06,keren seru mabar voice keren
1,2025-09-14 14:48:14,suka gajelas ngobrol sinyal bagus gaada kendala suka gajelas
5,2025-09-14 12:24:47,lumayan tau seed romanesco stok
1,2025-09-14 09:46:08,knp game ny njir bnget
1,2025-09-14 09:29:12,udah nggak login aplinya kek kontoll
1,2025-09-14 08:29:02,ngebug voice kadang suara temen ngecres gitu ngomong kagak masuk fix ya admin
1,2025-09-14 04:37:06,captcha robot benerin noh click gabisa
1,2025-09-14 00:32:58,mending install apk deh nyesel ntar
5,2025-09-13 23:00:27,suka banget game ngobrol ya cuman temen gapapa deh tetep bagus aseli
5,2025-09-13 22:33:04,fitur dll bagus hnya tambah bahasa indonesia
5,2025-09-13 20:22:26,suara nya sukan hp
2,2025-09-13 12:11:37,ngapa ngapain jaring bagus udah instal ulang tetep susah sebentar bentar buka tutup
1,2025-09-13 07:49:08,gatau main gamenya
5,2025-09-13 06:54:39,suka pokok mah
1,2025-09-13 05:31:07,ampas bikin error mobile gausah bikin
5,2025-09-13 03:40:16,bagus banget bicara teman ku
1,2025-09-13 03:06:35,capek gua register bilang daftar log in invalid capek gua
1,2025-09-13 00:01:38,bug nya muat chat menggangu jaring
1,2025-09-12 19:37:11,update kek gmn gtu skrng buka apk voice chat disconnected fix min
1,2025-09-12 18:03:36,kasih bintang akun pribadi kena ban pakai bot auto balas message update an aneh rugi
2,2025-09-12 16:06:09,voice out jujur menggangu
5,2025-09-12 14:10:45,bagus internet indo kacau gara gara dpr
1,2025-09-12 14:03:31,kasih bintang masuk bilang robot human apa nyata nyata manusia knp bilang robot human coba pake data seluler pake wifi kagak ubah bahasa indonesia
2,2025-09-12 13:39:26,mic mati
1,2025-09-12 08:17:04,login sulit banding mending bot verifikasi masukin codenya codenya mana ngedapatin nya
1,2025-09-12 05:44:22,banget buka
2,2025-09-12 03:55:25,gua doang gimana ya login akun nya gmail salah gmail pakai udah
3,2025-09-11 18:55:58,tambah bahasa indonesia
1,2025-09-11 18:38:32,bugnya dikit dikit mental apa bugnya sampah
1,2025-09-11 17:59:38,bikin akun rawan kena hack apa telpon mati mati suara mendem banget jujur gamau kasih bintang
1,2025-09-11 17:03:14,dc nya sih pencet aneh banget voice tiba
1,2025-09-11 15:24:35,kesan kek g niat bikin hp
1,2025-09-11 14:50:10,tolong baik putus putus
1,2025-09-11 12:16:43,kesal kali verifikasi nomor telepon kode verifikasi masuk ponsel
1,2025-09-11 07:45:37,sampah udah join link
5,2025-09-11 07:16:33,senang moga memori turun amin
1,2025-09-11 04:42:38,kode verifikasi kirim lo
2,2025-09-11 00:00:20,streaming displaynya loading melulu dengar suara
2,2025-09-10 15:51:38,agustus kemarin main adem ayem buka sama disconnect masuk apk nya reconnect ganggu pas mabar ama teman giat mohon fix
1,2025-09-10 14:39:11,crash pas didiemin
1,2025-09-10 14:19:38,bahasa indonesia nyaalahh payahhh
1,2025-09-10 13:54:02,disconnect buka jaring bagus udah maka data wifi hasil tab nya udah ku lock diskonek mohon fix bug edit its still not working bruhh that bug from the apps
1,2025-09-10 12:01:31,apk ny susah verifikasi udah make akun gg daftar masukin akun aj aneh trus kaya gin lg min developer kode phone muncul mulu cape nungguin mulu
3,2025-09-10 10:41:58,sumpah login susah sih kemarin udah bikin pas logout in langsung simpen trus email pake kemarin gajelas bangt
1,2025-09-10 08:32:30,coba dikit dikit bayar
5,2025-09-10 05:54:05,respon komplain
5,2025-09-10 00:04:53,cuman kasih saran reorder channel voice sampe buka buka setting server mudah fitur reorder buka setting channel
5,2025-09-09 17:12:58,nya bagus bug bug nya tolong rangin kadang kadang voice nya suka kadang kadang pencet
1,2025-09-09 16:34:14,salah gmail sandi nya udah bener salah
1,2025-09-09 15:40:54,tolong kembang baik bug karna voice voice masuk nya otomatis join voice nya
1,2025-09-09 13:27:07,aneh banget suara nya ilang voice sinyal lancar
5,2025-09-09 11:22:12,mantep si ngobrol sm org negri negara dll
5,2025-09-09 10:46:01,bagus komunikasi
1,2025-09-09 09:17:38,apk bug verifikasi nomer codenya masuk sms
1,2025-09-09 08:10:45,susah login sms masuk masuk tes gabisa jelek
1,2025-09-09 02:50:48,susah banget login
1,2025-09-08 23:25:32,gimna sih call error mulu waiting endpoint sinyal bagus trus jg kdang kadang lgi call disconnect
2,2025-09-08 22:47:22,jam call mati jaring wifi data aman lancar pakai nonton film call disconnect connectkan muncul tulis waiting endpoint tolong baik karna ganggu
1,2025-09-08 22:08:00,maksa update server konfirmasi login sendat gara gara maksa minggu update
1,2025-09-08 18:45:09,akun gw kluar pepek udhlah susah login udh berapaa kali gw ganti akun susah kali
3,2025-09-08 17:34:40,ni bagus pilih bahasa indonesia tolong masuk bahasa indonesia
1,2025-09-08 16:33:10,gajelas ribet banget ngeselin ganti sandi gabisa gajelas
1,2025-09-08 15:12:54,kali buka apk disconnect tolong bug baik ya nyaman bet
1,2025-09-08 14:49:12,kesel banget voice masuk tolong cape bet jaring aman hp aman bug mulu
1,2025-09-08 14:15:24,apk error hilang akun gw
1,2025-09-08 12:47:43,kesel banget disconnect udah gitu suara udah pake wifi data
2,2025-09-08 12:28:38,masukin nomor hp kirim kode digit banget udah tuh nomor tolong cepat
5,2025-09-08 09:34:41,tolong tambah bahasa indonesia atur bahasa terimakasih
5,2025-09-08 09:01:37,cocok banget mabar minecraft
1,2025-09-08 08:43:27,disconnect main buka ganti wifi data mengrestar hp lancar disconnect
5,2025-09-07 23:02:13,bagus teman
1,2025-09-07 16:50:11,tolong bug nya difix ngegnggu banget apa in sinyal bgs tpi kluar sndri dr voice cht tks
1,2025-09-07 16:17:42,notifikasi muncul
1,2025-09-07 15:44:40,baik keluar main game jaring ping hijau aman sentosa update nya bagus
1,2025-09-07 15:38:42,haduh kesal banget voice teman teman ku pas voice buka game disconnect kadang kadang suara voice nya hilang jaring ku lancar lancar gitu kali kali kayak gitu tolong developer baik bikin slh paham jaring dh bgus wifi data
3,2025-09-07 14:39:57,pusing verifikasi apa aduh pusing
3,2025-09-07 13:39:12,asa pas voice hp otomatis deh kadang kadang voice auto disconnect buka game nonton youtube mohon baik semenjak update auto disconnect jaring wifi data memori berat tetep auto disconnect
1,2025-09-07 13:14:28,apan login susah bener email pasword udah bener suruh ganti password mulu capek gw bolak kagak beneh
5,2025-09-07 13:11:33,apk gaje gw sengaja kasih bintang biar baca alas nya gw login register trus gw masukin tuh email gw gw sampe reset ganti password tetep gw tolong developer nya periksa jgn sampe bug kek gin bikin gw frustasi ampe stress tolong baca developer
5,2025-09-07 12:17:54,bagus hebat main genshin lancar jaya kendala
2,2025-09-07 11:17:23,bug stuck logo buka apk bug kluar voice
5,2025-09-07 10:02:30,bagus rumit fitur nya
4,2025-09-07 09:13:39,disconnect tolong perhati nya
5,2025-09-07 09:03:36,ya loh blog ok
1,2025-09-07 05:18:38,dana
1,2025-09-07 03:05:42,sih main teka teki main ah bikin kesel tolong main teka teki yah ku mohon o ya lai kotong manusia robot kotong mausia emang robot udah menguwasai bumi hah bom to kayak udah menguwasai bumi sa e hah kayak kotong robot bangaet
4,2025-09-06 18:23:55,baikk
1,2025-09-06 16:35:55,kode verifikasi nomer nya muncul coba nya kali kali
4,2025-09-06 16:18:11,kadang dc pc error tolong baik
1,2025-09-06 14:20:49,susah bet masuk akun
5,2025-09-06 13:32:29,cuman donwload mc patch
5,2025-09-06 11:56:59,manteb pas main game pake latar suka channel nya bug tolong baik
1,2025-09-06 10:50:59,apk kontolodon anj udah akun gua coba coba pake login g
5,2025-09-06 10:18:12,bagus bet
1,2025-09-06 08:46:37,kena tipu rb nama tipu admin robux reza
5,2025-09-06 07:31:31,nya baguss
1,2025-09-06 06:39:16,capek login ngapain download login mending nonton download mabar ama temen eh nya kayak gin
1,2025-09-06 06:26:32,vc disconnect jaring bagus
1,2025-09-05 21:50:05,ikutin kasih tau human puzzle manusiq robot ah kecewa kaya manusia rumit masuk akal ken versi ribet kaya kaya gin selesai versi ribet kecewa banget
2,2025-09-05 19:44:12,bagus bnyak bug kntl
4,2025-09-05 18:25:43,nya bagus banget hp ku riset ilang nya pas download login pake akun gabisa udh lengkap bener trus ku cek akun gogle ku aman sampe usaha login nya
3,2025-09-05 17:30:32,update kadang ngefrezee
1,2025-09-05 16:33:02,tolol gua login susah banget eror mlu
1,2025-09-05 14:38:19,yah solusi apk buka pesan masuk muncul notif gilir buka mental
1,2025-09-05 08:50:05,suruh verifikasi no gilir udah kasih dapet no verifikasi sms
1,2025-09-05 07:36:57,bintang karna loading delay banget asww uninstall install ulang selesai download loading pasang apk nya najiss
1,2025-09-05 07:26:23,coba salah ngulang ngulang coba
3,2025-09-05 05:28:46,gabung grup komunitas harus tulis nomor hp kirim kode otp ku tulis kode otpnya solusi
1,2025-09-05 04:39:47,login akun email pasword login
5,2025-09-05 04:25:05,bagus komunikasi teman teman
1,2025-09-05 00:53:45,script halang
5,2025-09-04 15:17:48,proyek mantap
1,2025-09-04 14:18:55,menang main chess lawan teman dc eror
1,2025-09-04 14:07:50,kaga register mulu setan
1,2025-09-04 11:50:23,bug ya gampang hack tolong baik
1,2025-09-04 11:43:47,apk kocak ken masuk grub hapus play store
1,2025-09-04 10:27:25,link masuk server
1,2025-09-04 10:17:22,akun loh fix fix ken ngobrol youtuber fix in
5,2025-09-04 09:01:23,youtube dsri dipake
1,2025-09-04 08:40:42,paksa download ama script
4,2025-09-04 08:08:04,gatau suka bentuk emojinya
4,2025-09-04 07:24:32,registrasi mentok loading doang
1,2025-09-04 05:04:26,cacat hapus pesan ribet banget udah close dm pas clik kontak eeh chat muncul parah cacat nya hapus pesan hapus akun untinstall cacat
1,2025-09-04 02:25:58,akun udah coba kali kali pake nomor wa pake email
1,2025-09-04 01:06:21,apk rusakkkk kaga mulu gw login akun pw gmail gw ganti sialannnnn
4,2025-09-04 00:07:01,menu translate
5,2025-09-03 16:22:44,buka main beda suka ter disconnect alami bug alami minggu
1,2025-09-03 15:37:03,kualitas nya jelek bangett audio ngga dengar jelass tolong upgrade audio sharing screen nya tolong baik kualitas nyaa
3,2025-09-03 15:04:47,bug bug mic bug render chat server chat pribadi depan tolong developer perhati
5,2025-09-03 13:30:40,tolong baik freeze tiba disconnect g buka apk apa hp posisi dingin g panas ram tolong ya pliss
5,2025-09-03 13:19:12,sumpah orang nolep kaya nga
1,2025-09-03 13:04:17,masuk ultra error
1,2025-09-03 12:33:24,modus tipu
1,2025-09-03 11:31:26,bug suara suka hilang
2,2025-09-03 11:26:08,mudeng halaman beranda media sosial banyak menu cari cari server grup seringkali join server aktif taut undang alas invalid akun teman join baik sempurna
1,2025-09-03 09:21:12,mentall mulu ppek update cepattt
3,2025-09-03 06:25:32,kali error call viedo call suara kali muncul video kali macet hilang suara please fix it
1,2025-09-03 06:05:29,pental gue woi sih
4,2025-09-03 02:50:42,dr pakai apk ngobrol teman live streaming dll banyak bug suka disconnected live streaming telpon ama teman tulis pakelah data wifi kencang gua pake data liat nembus ms wifi kencang bikin j nkel bug nya baik developer disconnected user nya kena bug
3,2025-09-02 21:21:47,sebenernya enak turut ribet nyaman guna alami room voice mode jaring masuk room anggap offline mode jujur menggangu giat room sinyal stabil device mohon benar bug thanks
1,2025-09-02 16:42:20,masuk kode kirim masuk akun susah salah
1,2025-09-02 15:32:35,ngelag problem woi dev benerin tuh voice relog kocak
2,2025-09-02 13:11:11,banget ni log in password nya bener pakek nomor verifikasi nya bener ngetes sabar gimana
5,2025-09-02 12:22:53,bagus bantu komunikasi
2,2025-09-02 12:20:41,bingung banget pas mastiin robot tuh jam jam loading nya gabisa login
2,2025-09-02 10:42:11,paham isi metode informasi
5,2025-09-02 08:38:17,bagus fun ketemu idola
5,2025-09-02 07:22:12,keren bagus
5,2025-09-02 06:30:58,mantap
1,2025-09-02 03:30:35,banyak konfirmasi ribet hubung telegram
5,2025-09-01 22:59:51,stress sengaja kasih bintang biar muncul biar baca register nama lw nya catat pas masukin salah gila reset pw ulang masuk pw tetep salah pasword apk stressss
1,2025-09-01 22:47:11,verify kode nya muncul muncul udh nunggu pagi ampe malem kode verify nya muncul muncul kah bug macam tolong baik orang sulit ambil kode kode nya muncul pas verify bagus
5,2025-09-01 19:13:03,bagus usernya doxing link phising tebar
5,2025-09-01 16:05:32,pakai aplk bagus
1,2025-09-01 15:08:27,baru voice room putus alih buka
1,2025-09-01 12:33:05,aneh akun
1,2025-09-01 12:09:20,fitu akses kontak ganggu jaga privasi temen sekolah add friend tolong tambah fitur guna
3,2025-09-01 10:15:16,ganti akun nomor telepon verifikasi kode kode nya tolong mohon baik ganti password akun nomor telepon resah kode verifikasi nya
1,2025-09-01 10:12:18,perangkat masuk karna verifikasi code coba baca artikel bantu
5,2025-09-01 08:41:54,seru bgttt sumpah main hari bosen bosen main ayo main
2,2025-09-01 07:56:54,tolong perbaikin eror nya update eror
1,2025-09-01 07:18:34,susah banget login
1,2025-09-01 05:56:25,bug masuk voice jaring stabil bug popup voice suka bug tolong baik
5,2025-09-01 01:33:28,bahasa indonesia fitur language
5,2025-09-01 01:27:01,tolong bantu hubung youtube tolong bantu admin terimakasih
5,2025-09-01 01:04:43,kali beli bundle avatar dekor duit sedot hasil bayar tp item masuk solusi lgi dri csnya email refund item jg wkwkwk
4,2025-08-31 21:41:24,bagus bahasa indonesia tunggu ya updatean nya
1,2025-08-31 16:41:06,sumpah bikin jengkel pakek wifi kenceng tetep lag gimanasih gajelas
5,2025-08-31 16:36:20,hasil temu wanita cantik aman rahasia mudah percaya bagi temu lanjut
3,2025-08-31 15:05:11,update dc hari sring disconected voice grup stiap join jeda menit join voice jaring aman kencang tolong baik bugnya terimakasih
2,2025-08-31 13:36:12,tolong min bug nya baik masuk voice terkadang masuk ngestuck logo
1,2025-08-31 13:23:26,haduh kesal banget voice teman teman ku pas voice buka game disconnect kadang kadang suara voice nya hilang jaring ku lancar lancar gitu kali kali kayak gitu tolong developer baik
1,2025-08-31 12:43:08,asa beli nitro uang sya ambil dana harga ribu tolong kembali uang ambil
1,2025-08-31 11:24:53,kali beli nitro bulan rbu hitung rugi sihh spesial tetep bingkai beli lagi animasi serba beli nya udah nitro free lahh
5,2025-08-31 11:09:37,menyukaknya
2,2025-08-30 20:58:48,tolong baik terkadang voice
5,2025-08-30 16:19:49,bagus bet
1,2025-08-30 14:17:47,bug voice share screen bug
1,2025-08-30 14:14:04,masukin nomor telepon email udah gajelas
5,2025-08-30 12:28:37,bagus bangett
5,2025-08-30 12:27:34,adak tau
1,2025-08-30 12:27:07,selesai update bug nya bener developer update nya
5,2025-08-30 11:54:00,pas main temen ngeleg
1,2025-08-30 10:45:02,bener gmailnya nyoba passwordnya eh gagal salah gmail password asa bener passwordnya
5,2025-08-30 10:35:44,tolong depelover apk sidiakan bahasa indonesia player player game indonesia cepat mudah paham atur apk tolong banget mah euy
5,2025-08-30 07:20:45,berat jalan
1,2025-08-30 06:03:36,login reset pw kali gabisa tolong fix
4,2025-08-30 04:42:45,enak mabar sebel suka disconect
2,2025-08-30 02:56:44,menginstal muncul henti
3,2025-08-30 00:39:46,alami bug ganggu layar kosong buka forum
2,2025-08-29 16:25:04,ganti foto profil ny udh tunggu hari
1,2025-08-29 15:47:09,apasih suara gua ilang ilang
1,2025-08-29 14:57:54,jelek login login susah
3,2025-08-29 12:57:20,nya bagus obrol teman bug iini plcccc
1,2025-08-29 11:27:47,jelek rto connecting lancar alah jembot pake jaring mana wifi seluler puki
5,2025-08-29 10:15:41,mantap bikin teman gua kawan putus gua bilang emak nya nonton bkp
5,2025-08-29 05:08:27,bagus banget bantu tugas komunikasi teman teman main vc konten kreator terimakasih
2,2025-08-29 04:36:17,punya login ya
1,2025-08-29 00:14:10,kecewa buruk bual gagal raih syarat tertentuk join mengunakan sulit guna aman tulis buruk
3,2025-08-28 22:36:09,login ulang sulit password ganti tetep gabisa login
1,2025-08-28 22:30:42,daftar suruh verifikasi robot udah verifikasi x
2,2025-08-28 14:36:42,bug notif hp pc kgk beneran ad suara notif samsek cb hp ttp bs acc ad suara notif call nya setting manual nya udh aktif smua bnyak call angkat coba benerin deh dc hp tuh ad aj bug nya ntah delay notif nya ad notif nya tau udh bener br naikin bintang tambahin lg suka re connection nyebelin banget bintang ku turunin lg bkn mslh intrrnet internet aman bnyak bug
2,2025-08-28 12:31:13,tolong update kara ngelek
1,2025-08-28 12:14:17,lawak ni banget buka
1,2025-08-28 11:53:36,alami buka data wifi cek data sisa gb otak atik tunggu menit
1,2025-08-28 11:49:31,apk bug
3,2025-08-28 11:49:13,ngebug gmna update ko masuk gin jaring aman loh
1,2025-08-28 11:47:23,banget server down temen kirim pesan yanb offline ngapa ngapain
2,2025-08-28 11:46:33,gajelas gw buka mute gada suara kocak bug nya perbaikin bang bikin temen gw kaga mood
1,2025-08-28 11:45:27,knapa kirim message login internet lancar banget alamin temenku barusan kecewa
1,2025-08-28 11:42:26,nya bagus angin hujan tiba gabisa chat vc udah clear cache gabisa clear data pas login stuck masuk
5,2025-08-28 11:42:22,bagus
3,2025-08-28 11:38:12,woii dc nih lancer nambah nih bintang nya
1,2025-08-28 11:35:33,dc eror pas masuk suruh hapus download ulang muter login tolong perbaikin
1,2025-08-28 11:34:56,apk nya suka bug update voic jd g suara tolong
4,2025-08-28 11:33:03,ganggu pelihara loggin
1,2025-08-28 11:27:44,login tahan halaman login tunggu jam halaman
4,2025-08-28 11:26:40,ya ku gabisa meng load pesan chat ya kaya loading kelar kelar tips ngatasinnya ngirim pesan kirim help
1,2025-08-28 11:23:51,load cakap server blank halaman loading parah sore siang buka
4,2025-08-28 11:22:14,bug aneh server chat walapun afk log ut
1,2025-08-28 11:19:21,errorr
1,2025-08-28 11:15:14,alami bug jaring wifi normal buka alami jaring error
2,2025-08-28 11:14:30,sory kasih bintang login gabisa udah nunggu lamaaa banget pencet login password udh bener may coba akun jg gabisa tolong baik bug yaa dev kirim pesan kirim sinyal dc nya hapus apk nya download tolong baik
4,2025-08-28 11:13:54,bugnyaa
2,2025-08-28 11:12:46,lancar buka chat kirim pesan internet lancar muat server grup dm tolong baik bug karna buka ganggu
1,2025-08-28 11:04:55,kemaren gabisa reset pw nomor cantumin gua nge lag smua channel loading doang wifi aman cape dah ama ni
1,2025-08-28 11:04:20,crash mulu apknya
3,2025-08-28 10:02:24,fitur bagus server masuk nya
1,2025-08-28 08:46:43,asik bet apk ni gua udah bener ngasi sandi bilang salah gua katain robot jelek banget apk guys uninstall
1,2025-08-28 08:44:50,gimana sih cuman verifikasi nomor banget loadingnya jaring oke sapai
1,2025-08-28 04:16:13,notifikasi baru nya langsung
1,2025-08-28 00:43:23,dc gw suka ngebug ya room nya tolong benerin
5,2025-08-27 16:00:17,apas login verifikasi human mulu udah verif nya nyari garis gajelas gda hubung nya
1,2025-08-27 14:39:43,login
5,2025-08-27 13:15:53,bagus nyaring content kasar sensitif
2,2025-08-27 12:24:25,dalam bahasa indonesia tlong update mudah bahasa
1,2025-08-27 12:13:41,anj gw udah muak sampe gagal login mulu dah gw hapus anj
1,2025-08-27 11:47:34,gaje gaada suara kntl
2,2025-08-27 11:34:27,lag crash versi mobile device poco x pro versi windows lancar lancar
3,2025-08-27 09:51:59,ko habis ngirim pesan langsung log out suruh login ulang bahaya bikin kena hack
5,2025-08-27 08:03:31,suka banget apk pake dc pas main game online sampe apknya jarang bug enak dengerin lagu karna pilih bot musik gratissss iklan
5,2025-08-27 07:25:41,keren kali bah
1,2025-08-27 07:20:01,halo udah indonesia udah kasih bahasa indonesia udah
1,2025-08-26 20:21:14,akun ku nama
3,2025-08-26 11:13:12,udah login masukkk
4,2025-08-26 08:48:29,akun ku banned ya spam kirim pesan doang dibatesin mnt mnt kirim pesan komunitas cari pet aku tindak langgar syarat layan sesal ulang salah harga timbang cabut tangguh akun terima kasih
1,2025-08-26 02:20:55,gabung server login akun verification required
1,2025-08-25 21:38:00,payah login
5,2025-08-25 16:33:46,kingdom indonesia
1,2025-08-25 15:00:00,knp register dah
1,2025-08-25 14:04:57,gajelas join server gabisa
1,2025-08-25 13:14:30,lawak bet nih dc buset gw loginin akun email gw suruh login chrome pas gw login pake akun no hp kaga muncul kode nya lawak bener banyak verifikasi gob apk lawak mudah sulit dongo
5,2025-08-25 12:15:58,mudah
1,2025-08-25 09:12:37,sampah muka bumi bug verifikasi nomor email verifikasi nomor benar login pakai kode verifikasi nomor invalid code ganggu banget gitu ngga ngechat ngirim pesan group perihal verifikasi nomor mohon developer benah sistem verifikasi
1,2025-08-25 06:57:42,tolong kemarin coba daftar pasword email suruh verifikasi verifikasi
5,2025-08-25 02:58:43,
5,2025-08-25 02:06:40,hapus fitur sticker min ngehalangin
5,2025-08-24 15:34:32,mantep jing guna banget
1,2025-08-24 14:59:16,masuk kali kali
5,2025-08-24 14:53:02,force close komentar postingan ganti foto profil force close tambah bahasa indonesia mudah erti
3,2025-08-24 13:38:05,tolong sedia bahasa indonesia bahasa melayu
5,2025-08-24 13:09:32,terimakasih cipta bagus komunikasi
1,2025-08-24 13:05:08,gabisa login nya aneh manusia manusia
1,2025-08-24 10:03:18,susah login ribet banget ni apl
1,2025-08-24 09:42:03,join server otomatis log out tolong baik mabar bg windah
1,2025-08-24 08:13:36,apk gajelas masukin nomor tlpn pdhl akun gw blm masuk nomor samsek
4,2025-08-24 05:32:34,diupdate bagus error join server join server muncul the invite link is invalid or expired install ulang kayak pakai versi
1,2025-08-24 05:14:15,device mobile siksa lag bug dll haduh
1,2025-08-24 03:34:14,payah kali masuk
5,2025-08-24 02:03:03,bagus top pokok
1,2025-08-23 18:53:07,min gw kgk login sih dah bener sandi email nya
5,2025-08-23 15:19:35,seru banget teman gua
2,2025-08-23 15:02:20,apk hama udh in call tpi suara masuk hapus nih apk
5,2025-08-23 14:13:47,senang milik teman milik alam senang
1,2025-08-23 11:36:08,mohon maaf coba download
5,2025-08-23 10:56:38,sumpah bagus banget guna banget
1,2025-08-23 10:01:31,gabisa masuk bg windah
1,2025-08-23 09:35:54,gua join bambam
5,2025-08-23 07:38:43,carigg pakgm kesini
5,2025-08-23 07:35:11,bagus
1,2025-08-23 01:43:43,gajelas apknya udah daftar gabisa masok kocak
5,2025-08-23 01:39:16,nya bagus mantap
4,2025-08-22 17:38:42,tolong join server gagal mulu
5,2025-08-22 15:05:55,dpt kawan
1,2025-08-22 14:32:14,langkah registrasi akun tahap tanggal lahir tombol terima muncul
1,2025-08-22 14:19:37,repot orang email akun nya opsi email kah nomor ponsel tau nya email lindung akun email masuk password masuk password nya cocok password cocok ulang ulang kali ganti sandi akun email tolong baik
1,2025-08-22 14:06:09,jelek banget gabisa masuk masuk email udah bener gabisa aneh pake nomor wa kirim kode nya kecewa
3,2025-08-22 13:52:18,tolong bug verifikasi nomor verify pasu kode verify terverify
1,2025-08-22 12:54:33,account kait login
1,2025-08-22 11:22:37,whyy chat pake identitas nomer hp pake email gw kasih bintang apl busuk
1,2025-08-22 11:21:32,baget download
2,2025-08-22 10:15:51,login ya on pas login
5,2025-08-22 08:52:23,bagus kembang
5,2025-08-22 08:02:11,game anjeng emang
1,2025-08-22 05:20:49,bodo mastiin manusia kaya gitu bodo bikin orang stres susah
1,2025-08-22 04:24:22,knp ya telfon pribadi suka tp pake hp tlg baik
1,2025-08-22 04:07:16,masuk server gagal kecewa kali kali kesal aman sih oke nyaman buruk mohon tolong bantu baik butuh bantu butuh baik
1,2025-08-21 21:53:36,bintang opsi bahasa indonesia
4,2025-08-21 17:58:29,tolong min bug pas masuk server orang bagus
1,2025-08-21 17:30:21,ajig login udah ganti nama ama pass tetep bngt apk nyaa
1,2025-08-21 13:59:37,banget nih apk
1,2025-08-21 13:50:15,bag
1,2025-08-21 13:13:56,apa jelas gw robot dispam are you human
5,2025-08-21 10:26:34,indonesia youtube
1,2025-08-21 07:47:39,gw udah coba login
5,2025-08-21 04:54:40,rekomendasi mabar game komunitas
5,2025-08-21 04:40:37,anja mabar roblox
2,2025-08-21 00:11:20,pas udah pilih umur lodingnya jam
4,2025-08-20 15:52:43,kurang share screen open cam sama cam ngelag tolong baik
1,2025-08-20 14:52:08,uda akun ni pas login salah sandi ganti sandi akun ngestuck tanggal lahir gimana tolong la chanel ku ilanh
1,2025-08-20 14:45:13,gabisa bikin akun pas selesai bikin akun bilang data udah bikin kali kali padshal
5,2025-08-20 14:11:07,terima kasih login
1,2025-08-20 13:20:46,bug video
5,2025-08-20 11:39:39,thank developer hasil login
2,2025-08-20 11:26:11,download engga apa hapus download apknya
3,2025-08-20 09:17:56,nya bug bs share screen pdhl orang moga developer baik
4,2025-08-20 09:09:52,udah join windah basudara mohon bantu
3,2025-08-20 00:02:51,tambah bahasa indonesia
5,2025-08-19 18:58:03,tolong tambah bahasa indonesia
1,2025-08-19 13:44:22,tau bug gimana pesan gagal kirim sinyal buka youtube aman join voice chat aman
2,2025-08-19 12:30:10,tolong bug verifikasi nya benerin akun pas verifikasi kerja sesuai intruksi verifikasi suruh verifikasi resah komunikasi tolong baik cepat pliissss
5,2025-08-19 11:50:14,gin wir gw bilang keti aynoukoji trs suka gw digital pas gw cari bener
5,2025-08-19 11:47:08,seru sam pai mabar gm
2,2025-08-19 10:25:02,gimana sih spam puzzle bikin emosi
1,2025-08-19 08:58:27,guna
5,2025-08-19 08:27:07,apk bagus bangett sih gw join orang orang bnyk hall
2,2025-08-19 08:24:55,ngak log in yha vervikasi robot banget sampe tidur gue nungguin banget
1,2025-08-19 07:03:14,nggak pakai
1,2025-08-19 02:57:58,follow channel susah bet mesti nunggu muncul opsi nya yatim
1,2025-08-18 17:24:13,bug banyakin
1,2025-08-18 16:30:07,knp yh gw tinggalin minggu doang akun gw logout coba login gabisa sandi bener persis jaring stabil username baner dll yaudah gw bikin akun udah la tu pake email beda suruh konfirmasi robot pencet oke hasil ni eh ngulang coba baca ngelag coba gajadi coba gajadi kali kali coba
1,2025-08-18 16:18:52,sampah masuk server gagal
1,2025-08-18 15:19:00,gua tournamen malahh bug hadeh
1,2025-08-18 14:32:15,ribet bet sampe gua bikin akun verify
1,2025-08-18 13:44:32,sampah banget bug susah login dll
1,2025-08-18 13:21:42,gw daftar kaga
1,2025-08-18 12:24:20,gj udah login suruh ngulang mulu
5,2025-08-18 11:16:44,fiks sekian gin bagus baik wajib coba guys
5,2025-08-18 05:58:40,seru asik
5,2025-08-18 04:39:31,gw masuk server sus
2,2025-08-18 04:35:01,suruh verifikasi email pas verifikasi aneh banget udah coba
5,2025-08-18 04:27:42,teman
5,2025-08-18 03:22:26,bagus main game
5,2025-08-18 01:54:09,w download ambil script doang sih ni hebat ngobrol santuy
1,2025-08-17 15:56:59,stuck allow contact for friends hapus riwayat buka muncul
1,2025-08-17 15:03:12,akun masuk gara gara no akun nya pindah gimana register kemarin ayo no hp akun plis
5,2025-08-17 14:23:33,trial nitro
1,2025-08-17 13:26:01,dah bener suruh lokout aneh
2,2025-08-17 12:51:36,akun nge stuck verifikasi robot robot woy
3,2025-08-17 12:11:29,lumayan tau masuk log in gagal pas tinggal lahir kah geser gua ngestak situ habis gua kirim langsung hapus
1,2025-08-17 07:16:55,bg gua udh login kali tetep password dah bener dah bener pas loading kayak minecraft tes robot gimana sih bg adain bahasa indo kek kek login susah tolong baik kasih saran
1,2025-08-17 05:17:06,heh gw udah verifikasi email gw udah verifikasi tetep verifikasi hah
1,2025-08-17 02:50:38,coba tau nya ku kasi bintang
1,2025-08-17 01:26:27,password sms tunggu muncul sms
1,2025-08-17 00:21:36,dukung bahasa
1,2025-08-16 22:58:51,hapus verifikasi pakai nomor telepon nomor hp ribet sendiri milih nggak pake nomor hp nyaman hapus hapus
1,2025-08-16 22:58:16,jelek udah masuk nomerku error tolong baik
5,2025-08-16 16:27:21,server ess
3,2025-08-16 15:07:27,kali kali teman nge dm notif alhasil balas chat jam jam hari
2,2025-08-16 15:06:20,pls tambahin b indonesia gue ngerti bjerrrr
4,2025-08-16 14:31:37,bug volume suara nya suara rakyat
1,2025-08-16 14:18:52,gajelas gaa kedengeran suara bug
1,2025-08-16 14:09:02,bagus udh masukin akun suruh reset gmail
1,2025-08-16 13:59:56,tolol bener verifikasi nomer udh bnr tolak kode
1,2025-08-16 08:21:06,tolong developer perbaikin nya masuk verifikasi email loading nya banget sampe jam masuk tampil menu nya
1,2025-08-16 08:03:04,masuk nya ya gys aneh login xbox xbox guys tolong baik
1,2025-08-16 07:28:30,dongo notif sms
4,2025-08-16 07:16:56,susah daftar
1,2025-08-16 05:30:18,ngga register h aptcha nya eror tolong fitur cek you ur not robot eror tolong baik
5,2025-08-16 01:45:49,nya bagus bicara
5,2025-08-16 00:59:28,kumpul teman teman telpon habis habis kuota wifi
1,2025-08-15 17:46:17,wkwkwk susah login pw bener imel bener salah erorr
3,2025-08-15 15:26:41,min gw lupa sandi pasword pas gw ganti nge stuck confirm pasword tolong
5,2025-08-15 14:46:40,terima kasih
1,2025-08-15 13:58:20,gua masuk karyawannya bantu suruh ulang suara matiin telepon
1,2025-08-15 11:36:59,discordnya susah loading akun tunggu sms tinggu minggu pasti bot kadang salah mulu posisi nya jaring lancar masuk bet
5,2025-08-15 10:33:53,seruuu banget lohhh kyahhh
3,2025-08-15 09:41:35,bagus sih verifikasi kali
1,2025-08-14 16:15:53,banget login ntl
4,2025-08-14 16:09:25,okeh registrasi versi desktop nya ribet ucap terimakasih bantu
1,2025-08-14 14:10:51,tau login akun ku loading nya tu banget udah nunggu menit login tetep
1,2025-08-14 13:33:41,login susah bet
1,2025-08-14 13:14:50,masuk
1,2025-08-14 11:43:46,masuk bug
5,2025-08-14 10:51:17,bagus gamau instal w a
5,2025-08-14 08:41:10,bagus bgst
5,2025-08-14 07:36:31,loading jaring aman tetep tolong bacaa tindak lanjut
1,2025-08-14 07:28:36,apasih ngeselin parah login pake nomor telp dapet kode nya gimana sih pdhl jaring lancar banget gamau pakai ain download udah keluh ulas baik smpe skrng gimana loginnyaaa
5,2025-08-14 07:27:20,sempet susah login bikin akun udah fix
5,2025-08-14 07:09:43,akses gratis komunikasi lokasi user komunikasi
1,2025-08-14 07:08:34,cacat login sulit
1,2025-08-14 06:46:33,apk bug bagus kek stabil you have to change the apk name to bugcord
1,2025-08-14 06:18:01,kasi kontoi gw dah login kali password email udah sesuai login ajg naruh link pakai dah tau login susah login link kontoiiiiiiiiiiiiiiiii
5,2025-08-14 06:07:51,daftar nya banget daftar akun karna registrasi lambat loading tolong baik cepat terimakasih respon cepat baik terimakasih tolong
2,2025-08-14 05:37:18,bikin account login account masuk banget sinyal kendala jaring jelek lag
5,2025-08-14 05:29:24,kenpa gabisa login register register tulis unable to register gilir log in tulis email password salahh tolong dongg perbaikiii
1,2025-08-14 03:35:33,apk rusak uda kali kali coba login abis verifikasi masuk akun muter muter doang mikir kids
1,2025-08-14 03:21:13,login udah tunggu in banget masuk
5,2025-08-14 02:21:13,uda brpa kali login hapus unduh trus login are u human sampe x sampe muak sampe skarang login akun tolong baik min edit terimakasih yaa min
5,2025-08-14 02:01:13,developer tolong kali stuck login tau tolong baik ya developer
1,2025-08-14 01:57:15,login banget loding ya jaring stabil udh baruh seger udh rusak
1,2025-08-14 01:28:10,coba akun browser ter register login verifikasi manusia tulis warna merah ultra rare eror
1,2025-08-13 23:54:10,regist nunggunya daftar daftar gimana si
1,2025-08-13 23:13:37,tolong baik akun login nya baterai wifi kuat login akun nya tolong baik ya
2,2025-08-13 22:40:44,loading nya link nya pencet tolong developer perbaikik
1,2025-08-13 21:10:25,kocak kocakkk hapus jir gabisa masuk gua
1,2025-08-13 21:06:17,najis banget login susah
3,2025-08-13 20:55:17,voice buka discrord orang voice teman voice nya muncul messenge tepat tulis add friends gatau bug apa nya tolong bantu muncul voice terimakasih
1,2025-08-13 20:31:34,menginstal
1,2025-08-13 19:36:49,tolong ya apk baik masak login registrasi loading doang
5,2025-08-13 18:56:48,sih login bener masuk
1,2025-08-13 17:54:01,stuct chaptcha buka
1,2025-08-13 17:49:44,bug are you robot loading nya nggak udah restart kali kali situasi stuck login screen
1,2025-08-13 17:13:28,tolong server masuk suruh verifikasi ganggu tunggu ya banget sumpah
1,2025-08-13 16:39:06,muter masuk login registrasi masuk ngga
1,2025-08-13 16:29:27,loadingnya bener daftar
1,2025-08-13 15:58:00,men ep ep bang
1,2025-08-13 15:53:14,gue login nunggu sih jaman
5,2025-08-13 15:32:21,terimakasih developer beuhhh mantap makasih udah bantu baik dah inti mah
1,2025-08-13 15:25:35,update bikin akun ngestuck register
1,2025-08-13 14:53:28,login stuck loading mulu
1,2025-08-13 14:50:19,nunggu loading dc kaya nunggu ayam jantan telur
1,2025-08-13 14:24:43,baik udah login loading ny banget udh restart hapus trs download lgi tpi ttp sm aj ayo baik meresahkn bgtt ni bugg
1,2025-08-13 14:22:09,pas akun udah lengkap pas akun pas verifikasi pas akun login nya banget kayak loginin
1,2025-08-13 14:15:16,gabisa regis jaring bagus
1,2025-08-13 14:15:12,loading regist nya beres beres
1,2025-08-13 14:00:12,kasih bintang nol sih layan sampah banget login hadehh
1,2025-08-13 13:49:44,login sinyal hp bagus bagus cek test speed hasil an mbps
1,2025-08-13 13:29:04,lambat verifikasi tahun gua nunggu apk kembang
1,2025-08-13 13:26:32,login verify udah
1,2025-08-13 13:11:05,login d install stlh pakai gabisa login lg hny stuck halaman konfirmasi robot
1,2025-08-13 12:42:27,login akun teru terus loading coba hapus download
1,2025-08-13 12:38:54,gajelas login aj nunggu loading doang smpe jam masuk gblk
1,2025-08-13 12:36:01,stuck login stuck verifikasi robot
1,2025-08-13 12:13:51,aneh loginnya sinyal bagus
1,2025-08-13 11:56:07,login muter doang jaringaj lancar
1,2025-08-13 11:34:33,akun loading
5,2025-08-13 11:13:50,tolong baik apk nya karna login akun registrasi jaring baguss
1,2025-08-13 11:13:27,apa hobi kali nyuruh orang reset pw si emg nya pw gw pw reset minggu channel udh gua join ilang pas masuk link invite nya pen keluarin channel channel jarang dipake ni ndak keluarin channel gw aktif gw ngapa ngapain langgar atur channel
2,2025-08-13 11:10:29,gajelas login regis bisa udh mati ulang perangkat sampe instal ulang loading mlu ampe kiamat jaring bagus salah dasar discird discird
1,2025-08-13 11:01:26,apa gw login lelet banget sinyal lancar gimana woii login
1,2025-08-13 10:56:00,gw login banget loding nyaa jam selesai
1,2025-08-13 10:22:55,download login ama register mohon bg smp gw ni maen rp
1,2025-08-13 10:02:08,pls nih sih ganti pw gabisa load banget sinyal bagus
1,2025-08-13 09:38:15,pea nge chat verifikasi mulu konyol
1,2025-08-13 09:34:34,apk gj gw login susah ngeditek robot ny ajg
1,2025-08-13 08:21:59,susah loginy bangke
1,2025-08-13 08:10:42,proses login udah menit nunggu masuk
3,2025-08-13 07:46:48,ngestuck are you human loadingnya banget sinyal bagus
1,2025-08-13 07:45:46,cobak register account masuk loading sampek jam
5,2025-08-13 06:48:19,apknya bangsa banget mabar
1,2025-08-13 06:43:01,login kasih kendala kayak udh pemberitahuan kode kirim kode kirim kagak moga baik
1,2025-08-13 06:39:18,busuk
5,2025-08-13 06:08:32,cocok ngumpul bareng temen bicara
1,2025-08-13 06:00:31,login banget skrg loading mulu
2,2025-08-13 05:43:14,minimal tolong verifikasi teka teki nya gagal mulu dah kali loading nya
2,2025-08-13 05:34:41,nii yaa stuck pas login jaring stabil kuota banyk scroling sosmed main game lancar pas login stuck login
1,2025-08-13 04:35:34,najis gabisa masuk email pw bener
4,2025-08-13 03:51:24,please add indonesia and melayu language
1,2025-08-13 03:27:44,log in pakai akun akun loading udah pakai wifi paket data masuk
1,2025-08-13 02:59:23,dc login loading nya yaa
1,2025-08-12 15:29:51,update bagus dongo stuck loding login thulol pakai versi lma aman bug ajjjeng
1,2025-08-12 13:20:03,login akun kayak daftar kerja ribet pakek change email
1,2025-08-12 11:03:55,pas login susah ampun
2,2025-08-12 11:02:25,verivikasi bot nya rusak
2,2025-08-12 10:15:56,suka benci error your email already registered kaya ken verify account ku doang ribet error
1,2025-08-12 10:02:12,worst in the years akun kena hack bikin eh verivikasinya error udh error gimana feedback baik bener bener bikin susah user
2,2025-08-12 09:55:10,susah masukin email
5,2025-08-12 09:42:42,bypass linknya
2,2025-08-12 09:20:17,daftar minn tolong baik device daftar login pliiss min kasih experience obrol aman nyaman discordd sampai pindah tempat karna bug nyaman
1,2025-08-12 08:44:38,bug voice update baru bug
5,2025-08-12 08:23:04,
1,2025-08-12 08:14:28,susah banget login nya sinyal lancar
1,2025-08-12 08:08:40,login nomor telepon nomor telepon
1,2025-08-12 07:17:50,bug pas ganti akun dc login dah verifikasi tetep suruh ngulang terus bug tolong selesai cepat
5,2025-08-12 05:30:03,
1,2025-08-12 03:15:29,gabisa verifikasi akun udah nautin email udah ikutin langkah susah banget udah gabisa masuk akun udah lapor kali tindak gimana tolong
1,2025-08-12 01:50:01,sumpah ya kali kali log in gagal email passwordnya udah bener invalid udah coba log in gagal gilir udah log in verif nomor telepon invalid like bro i know my number and thats valid bro
1,2025-08-11 18:42:08,gagal mulu gue join verifikasi nya pdhl udh bener posisi sya robot oii
1,2025-08-11 17:38:06,plis tambahin login pake google susah banget
1,2025-08-11 17:35:39,kali mangulangi verifikasi robot kali ulang tolong baik
5,2025-08-11 17:19:05,
1,2025-08-11 16:51:20,gila mastiin robot udah jam salah mulu selesai selesai
3,2025-08-11 16:25:48,pas login ulang kali kali robot selesai misi nya
3,2025-08-11 16:07:31,akun tpi google
1,2025-08-11 15:35:10,aneh periksa robot ulang kali coba
1,2025-08-11 15:20:59,apa akun gue ilang gue catet tu akun pas bikin nge stuk ama wait are you human g banget
1,2025-08-11 15:16:02,bug masuk kode manusia muncul kode tolong cepat baik
1,2025-08-11 14:29:08,ribet bener nya pas nentuin robot gue sampe ka masuk masuk gara gara doang coba benerin sistem nya ribet
1,2025-08-11 14:15:00,kecewa gabisa ngirim kode verifikasi
1,2025-08-11 14:14:43,tololll pas login verifikasi robot mulu udha bener nyambung nya loh
3,2025-08-11 13:51:37,lumayan bantu
1,2025-08-11 13:47:35,apk gjls bug bikin akun aj susah banget
5,2025-08-11 13:20:35,atas terima kasih arah bantu main
1,2025-08-11 12:51:29,ngotak apk suruh kelai very kali niat bikin apk ngotak udh tutor yt ttp aneh
1,2025-08-11 12:24:18,deteksi robot tolong baik udah suruh bener mas akun
1,2025-08-11 12:20:58,registrasi halang robot udah bener pasang pipa ulang kali sampe x kasih pesan developer ad
2,2025-08-11 12:06:16,ngulang ya loh
2,2025-08-11 12:05:17,daftar akun verifikasi deteksi human nya eror alhasil creat akun sesuai tolong bug nya hilang
1,2025-08-11 11:39:53,bug akun
1,2025-08-11 11:34:59,lupa password dibenerin bikin akun pas ngisi captcha nya sampe x
1,2025-08-11 11:30:01,verivikasi robot nya udah ngulang tekan ulang
1,2025-08-11 11:17:59,susah banget daftar akun gaje
1,2025-08-11 10:49:58,burik gabisa daftar udh ulang kali tetep gabisa burik
1,2025-08-11 10:35:11,pas log in tulis robot dah tes muncul
1,2025-08-11 10:25:12,apa udah kasih bener malang salah kasih bintang ngotak udah login
1,2025-08-11 10:03:54,bintang pas bikin akun verifikasi udah bas ya ituin keran nya eh gagal donggo
1,2025-08-11 09:46:14,register susah bener apk kali
4,2025-08-11 09:02:36,pokok nya the best dh lu dc
1,2025-08-11 08:56:44,gw login verifikasi gw dah verifikasi tetep login aneh
1,2025-08-11 08:11:06,kesal pas test robot bikin test pakai pipa bener bener susah coba ya suruh ulang tolong sulit login ubah ku
1,2025-08-11 07:46:56,masuk in akun huu jelek
5,2025-08-11 07:46:00,moga manfaat
1,2025-08-11 07:35:34,apk busukkkk stuck recaptha
2,2025-08-11 06:54:41,ngapin isi comfirmasi manusia emang robot download gua login
1,2025-08-11 06:36:09,udah akun gagal
1,2025-08-11 06:16:25,eror verifikasi robot ulang ulang
1,2025-08-11 05:31:59,kenpa register selesai teka teki puzzle pipa ulang kali tolong benerin puzzle nya
1,2025-08-11 05:15:45,hapus verify nya gua ngestuck
5,2025-08-11 04:39:19,seru bngt layan lita fitur nya temen curhat temen mabar asyikk g bosen cuss download langsung nikmat layan fitur lita
3,2025-08-10 23:41:02,aneh join server server muncul coba hasil tolong baik bug
1,2025-08-10 22:59:07,bet login
5,2025-08-10 22:54:23,nya keren
1,2025-08-10 21:36:34,gjls bug
1,2025-08-10 19:51:53,susah kali daftar
1,2025-08-10 18:38:52,manfaat susah masuk mending hapus apk nya
1,2025-08-10 18:05:02,kecewa apk akun gagal verifikasi
1,2025-08-10 17:16:43,tolol bolak balek suruh verifikasi udh verifikasi tolol
1,2025-08-10 16:33:39,udah coba kali kali daftar gabisa stuck wait are you human pdahal udah bener gabisa
1,2025-08-10 15:14:35,register susah banget asu
1,2025-08-10 14:30:26,bug bot musik tolong baik suara jelek banget kayak radio
2,2025-08-10 14:20:34,apa dikit konfirmasi robot gw udah verifikasi jam jadi daftar robot
1,2025-08-10 14:10:38,ribet login nya kaya udh gitu ngirim verify nya jelek bug hadeh
1,2025-08-10 13:55:37,pas login spam are you human tholol
1,2025-08-10 13:55:30,daftar verifikasi are you human ulang buruk
1,2025-08-10 13:39:08,nomor invalid nomor masuk
1,2025-08-10 13:23:55,login nggak pasang email password tolong difixkan kasih bintang kecewa normal kasih bintang
1,2025-08-10 13:17:06,parah daftar verifikasi mulu kelar
2,2025-08-10 13:15:47,mohon maaf ni heran verifikasi kirim jawab cek salah mohon discordnya verifikasi tiga bug
1,2025-08-10 13:04:36,masuk dc
1,2025-08-10 12:46:37,tolong min masuk are u human muluu udh masukin kali kali tolong minn perbaikin bug nya ganggu
1,2025-08-10 12:31:49,robot solve kali kali kocak banget bikin akun solvenya kali kali
1,2025-08-10 12:28:57,susah registrasi stuk are you human
1,2025-08-10 12:17:37,aneh register susah banget udah confirm robot suruh konfirmasi robot udah ulang ulang suruh konfirmasi gajelas emang
1,2025-08-10 12:15:00,nya login ber minggu minggu suka log out ya
1,2025-08-10 12:13:38,plsss gua bikin akun verifikasi nya loh are you humen stak situ kode suka banget eror bikin bener nape
1,2025-08-10 11:48:25,ya udah verify ngerjain puzzle suruh verify kali kali tolong baik ya terimakasih
1,2025-08-10 11:05:18,tolong bug pas tanggal lahir udahhh bener not you a robot yaa kali kali gua kaya gitu nga
1,2025-08-10 10:48:15,jelek banned
5,2025-08-10 10:03:34,terima kasih
2,2025-08-10 10:02:13,update nobar netflix layar hitam hp
3,2025-08-10 09:57:44,tolong tambah bahasa indonesia emojinya bikin hd
1,2025-08-10 09:54:48,bug pafa capthanys
1,2025-08-10 09:11:53,tolong chaptcha nya baik
1,2025-08-10 09:11:17,verifikasi robot akun robot ulang kali
2,2025-08-10 08:30:05,kasih tau notif wait your human dah kali kali coba tetep ae
1,2025-08-10 08:15:35,register robot
1,2025-08-10 08:11:45,apk aneh udah pake sandi email suruh masang pipa udah masukin suruh udah kali gw
1,2025-08-10 07:53:09,discrot udah verifikasi pake nomor telpon agaklainnnnnnn
2,2025-08-10 07:44:30,join server pas udah masuk verifikasi link server nya loh
5,2025-08-10 07:24:40,seru banget main grow a garden dapetin seed seed
1,2025-08-10 07:22:22,bug mulu
1,2025-08-10 06:35:27,tolong robot nya baik udah kali coba selesai robot suru sambungin pipa air tolong bantu nya
2,2025-08-10 06:26:05,pengn akun bolak robot tolong baik bug nya
1,2025-08-10 05:35:43,pas ngerjain fuzzle ngulang syarat penuh jelek
1,2025-08-10 05:33:11,engga masuk masuk gw tau email pw nya masuk masuk gimana tpi pasu email situ tulis email
1,2025-08-10 05:20:06,susah ajg login nya
5,2025-08-10 05:10:58,karna anbatukan banget
1,2025-08-10 05:01:56,login bener bener ampasss login gabisa teruss
1,2025-08-10 04:38:32,bikin akun ai nya nanya mulu robot sumpah sok asik
1,2025-08-10 03:13:33,verifikasi human ulang jelek download
2,2025-08-10 03:09:33,daftar periksa human engga
1,2025-08-10 01:50:45,verify captha udah selesai tetep muncul sampe buang jam gw perkara akun
1,2025-08-10 01:47:36,guna regis verifikasi nya ber ulang ya
5,2025-08-10 01:34:07,karna teman
1,2025-08-09 23:38:33,apa skrng aneh trs robot ny udh selesai tpi muncul trs aneh aneh aneh kesel nganu robot tpi selesai selesai kiamat selesai nya
1,2025-08-09 23:30:27,akun tolong update akun
1,2025-08-09 23:15:22,inj gimana si developer gua udah register kali pas tentu tanggal lahir suruh tes robot dah bener loh kesel nih tes robot bug nya baik gin register gimana mikir dongg cek tes robot dah sampe x register gimana
1,2025-08-09 22:03:15,banget bug nya chaptcha error sampe server gbisa joinin tolong fix
1,2025-08-09 21:49:52,verify akun confirm human kyk anggap manusia asik gagal gagal aj
1,2025-08-09 20:08:12,tolong mudah bikin akun nya
1,2025-08-09 18:19:46,gw bikin akun verify nya udah jam gw ulang gabisa sampe apal gw puzzelnya kocak ni apk
1,2025-08-09 17:52:31,daftar tp verifikasi
1,2025-08-09 17:02:54,bug pas daftar
1,2025-08-09 16:56:36,fitur kenal manusia jengkel masuk
5,2025-08-09 16:51:22,perhati bagi pc private chat nya terkadang bug mana chat kirim saran cek bagi pc
1,2025-08-09 16:46:23,login stuck wait are you human
1,2025-08-09 16:38:00,kembali bintang chat temen chat ingat limit lucu
1,2025-08-09 15:56:17,ngga suruh verifikasi mulu suruh masukin nomer hape
1,2025-08-09 15:52:52,verifikasi susah banget si
1,2025-08-09 15:34:39,i have a verification problem when checking whether i am a robot or a human and i have answered the puzzle times and the verification still appears please fix the bug milik verifikasi periksa robot manusia teka teki kali verifikasi muncul harap baik bug
1,2025-08-09 15:29:10,verifikasi wait are u human nge ulang ulang sampe kali hchapta nya error udah bener tetep nge loop gimana verifikasi email akun nya astaga
1,2025-08-09 15:16:36,apk cuk registrasi gabisa suruh nyambung pipa sampe x tetep gabisa daftar eek
1,2025-08-09 14:23:27,verifikasi terkntol udh verifikasi bug mulu udh hasil robot udh megang hp
1,2025-08-09 13:58:26,jelek bngt human test ya orng udh bener salahin
1,2025-08-09 13:53:19,kecewa robot kali anggap robot
1,2025-08-09 13:40:20,nii gabisa loginn aduhh
1,2025-08-09 13:01:04,ya registrasi mulu are you robot gitu
1,2025-08-09 12:52:50,download dc stream bareng temen malemnya gambar suara muncul jam balek maksud gimana yah bikin pake email satu tetep please tolong baik
3,2025-08-09 12:29:53,bug tolong baik
1,2025-08-09 10:23:57,capca nay muncul selesai capca kali kali akhirnaya taidak akun
1,2025-08-09 10:13:49,deyy apa gw registrasi bug masuk verifikasi robot nya ngulang apk pintar
1,2025-08-09 09:19:16,masuk nya bro registrasi nomor telepon masuk udah coba kali masuk kasih bintang
1,2025-08-09 09:04:08,tolong gimana atas registrasi suruh ulang gambar udah atur
5,2025-08-09 06:46:31,komunitas dalam
1,2025-08-09 06:35:43,akun hilang mao bikin akun susah banget si verifikasi nya udah kali verifikasi bener
1,2025-08-09 05:33:50,g masuk y pas confirm your human pas udah confirm g abis abis y
1,2025-08-09 03:54:54,maaf nih verifikasi not human nya error mending hapus tu
1,2025-08-09 03:31:06,ngerjain puzzle sampe menit kelar kelar muncul are you human dah bener
5,2025-08-09 03:11:27,teman chat seru masuk grup game
1,2025-08-09 02:49:47,akun syaa saat login akun nonaktif daftar gabisa karna verifikasi paskey robot udah ulang kali lakuin tetep gabisa daftar login tolong baik servernya
1,2025-08-09 02:26:39,tolong benerin bug nya masak udah verifikasi udah bener suruh ulang ulang pliss benerin
1,2025-08-09 02:16:09,gabisa regristasi ditanyain verifikasi robot mulu apk sampah
1,2025-08-09 02:13:59,apa gaje login gambar gambar bab
3,2025-08-09 01:07:08,bintang register masuk orang orang password harap tingkat register
5,2025-08-09 00:54:02,ya nya bagus tolong tambah fitur hypesquad mobile ya biar enak gitu doang sih
2,2025-08-09 00:33:34,susah muncul notifikasi chat
1,2025-08-08 23:08:37,jelek ngebug
1,2025-08-08 22:45:27,jelek gua malh pencet ulang kali
1,2025-08-08 22:18:44,register banget tes robot aneh ni tes nya
1,2025-08-08 21:17:11,lewar verikasi manusia
1,2025-08-08 20:22:08,akun verifikasi captcha terus henti verifikasi muncul tulis wait are you human mohon bantu developer
1,2025-08-08 20:01:34,apk aneh udah kali login ngestuck konfirmasi robot udah bener ngulang sampe kelar aneh sumpah
1,2025-08-08 17:56:30,masuk masuk
1,2025-08-08 16:39:22,gw dah verification ngulang
1,2025-08-08 15:57:46,apk ngebuk daftar
1,2025-08-08 15:38:17,masuk pas udah konfirmasi balek
1,2025-08-08 15:25:45,coba registrasi
1,2025-08-08 15:16:40,bikin akun pas udah step i m not robot gagal udah bener posisiinnya sampe gabisa bikin akun
1,2025-08-08 14:01:24,gbisa daftar parah buang buang data
1,2025-08-08 12:52:34,apk dongok verif kaga ribett asa gampang
1,2025-08-08 12:46:55,udah tombol nya suruh konfirmasi are not robot udah gua ulang kali tetep bisaa
1,2025-08-08 12:38:18,gabisa akun robot
1,2025-08-08 12:29:36,saan registrasi direspon
1,2025-08-08 12:18:04,susah akun ama verifikasi robot g hasil emang sampah dah
1,2025-08-08 12:08:57,kasi bintang pas daftar bolak verifikasi robot mulu pke email aktif blm perna daftar jaring normal bolak gitu
1,2025-08-08 11:58:37,coba register wait are you human teruss jirr nih ya gua manusiaa lahh gua coba ulang kali buruk buruk nay sign up buruk pake nanya wait are you a human otak diamana coba kali kali hadeh sumpah nyesel gua download
1,2025-08-08 11:51:42,kenpa susah login giniij pake nomor pasword nya tuh kirim udah verif gambar invalid muluu pasword nya uda bener masukinnya salahin
5,2025-08-08 11:26:08,bagus banget makasih yaaaa muah
1,2025-08-08 10:40:24,sayang discor bahasa indonesia
1,2025-08-08 09:55:24,login ulang tolong baik capek ulang kaya orang diam
1,2025-08-08 09:46:31,gagal registrasi susah registrasi
1,2025-08-08 09:38:48,udah bner masang pipa pas daftar bedain manusia robot tp x bolak mulu proses
1,2025-08-08 09:22:35,apk busuk akun
1,2025-08-08 09:09:13,verifikasi nya muncul terus akun teka teki
5,2025-08-08 06:44:43,ya bagus
2,2025-08-08 05:41:08,registrasi terus
1,2025-08-08 04:49:10,verifikasi ulang ulang geser pipa ngulang verifikasi
1,2025-08-08 04:27:55,gj ragister udh selsain tantang confirm you are not bot tpi tetep kirim mulu confirm you are not bot
2,2025-08-08 03:13:46,panggil obrol game suara
1,2025-08-08 02:11:45,gaje isi gajelassss udah gitu toxicc banget lagiii poko cocok anak anak pake pokok pake bagus jelek kaya
1,2025-08-08 02:04:39,sumpahh gabisa verifikasi pass registrasi pass make nomor nunggu jam gada sms baik lagi yahh min
2,2025-08-07 23:57:25,banyak bug kemarin gw join voice ngk denger suara yng ngk gw mute
1,2025-08-07 23:01:02,register susah notif wait are you human udah verifikasi kali tetep jelek bet nih apk
4,2025-08-07 20:24:38,tolong sinyal lancar pas apk nya bagus kadang sinyal jelek dikit langsung mohon baik
1,2025-08-07 20:10:47,sengaja fitur langgan uang tarik apk tolong balik uang ribu
1,2025-08-07 17:02:30,apk dungu gabisa verifikasi tlol
1,2025-08-07 13:03:41,apk apaansi bru daftar pas dah selesai isi dri bug gmn si tolong baik gajelas
1,2025-08-07 13:02:51,verifikasi eror bener dah coba no telpon tolol
1,2025-08-07 12:35:39,bug habis join server lansung pental yakali dikick kek gitu
1,2025-08-07 12:22:46,susahhhhh banget
5,2025-08-07 11:09:57,bagus sih ngumpul teman cerita dll udh sih gitu
5,2025-08-07 09:47:04,gamers asing udh bagus tinggal tahan kualitas saran tambah bahasa indonesia biar susah baca fadhlan
1,2025-08-07 08:36:27,aaya suka login ee suruh reset akun ku kasih bintang
1,2025-08-07 04:06:50,hallo tim aku keluh kait potong saldo rp akun google tunggu proses kerja mohon bantu langgan batal tinjau dana kembali uang sifat bayar sekolah anak hari terima kasih perhati
5,2025-08-07 02:17:09,tolong bahasa indonesia min orang indonesia terimakasih
1,2025-08-06 16:34:28,login apk web
1,2025-08-06 12:09:33,register lama tukang ledeng vertifikasi mulu kelar
5,2025-08-06 12:06:14,bagus bet ajak teman orang main apokoknya seru banget
1,2025-08-06 12:06:08,diconect buka ganggu alam main
2,2025-08-06 12:00:54,ngeselin main game ngobrol suka disconnect kali kali kali dah buka game suka disconnect discordnya nguras emosi banget bolak apk join voice channel
1,2025-08-06 11:52:31,udah kasih nama lahir email logo terus
4,2025-08-06 11:45:23,kak pils pake nomor whatsapp
5,2025-08-06 10:57:02,rusak error pas login
4,2025-08-06 05:35:51,
1,2025-08-06 03:31:32,masuk code verifikasi nomor telepon
3,2025-08-05 17:47:25,tetep bug fix
4,2025-08-05 16:48:06,gimana ya coba dilu
5,2025-08-05 16:39:00,mantap pokok nya deh
5,2025-08-05 16:16:42,susah kna pke pasport
5,2025-08-05 14:05:08,makasih saran
2,2025-08-05 12:09:54,ninggalin akun pas daftar daftar ngestuck verifikasi robot
4,2025-08-05 11:33:51,apknya bagus border avatar beli pakai koin gitu gw mah gpp tolong depa ubahin
1,2025-08-05 10:19:59,kenapaa verifikasi robot ulang ulang pergi
1,2025-08-05 08:22:22,seru
1,2025-08-05 08:14:15,apk buruk setia kali ngechat teman bilang are you huma are you human hey manusia dongo robot apk ter gaje emg
2,2025-08-05 08:10:42,chat kirim udh make wifi pake kouta tolong baik
4,2025-08-05 06:24:18,bahasa indonesia nya
5,2025-08-05 05:36:36,muas
1,2025-08-05 02:47:34,apk apa akun tanyain robot ap email gw aj login
5,2025-08-04 23:39:13,mantabbb aplnya bagus group whatsapp
1,2025-08-04 23:32:25,gua suruh ganti email
2,2025-08-04 17:37:17,bahasa indonesia
2,2025-08-04 14:37:11,kirim kode dc no wa ku pls cepat
3,2025-08-04 14:32:46,pakai maksimal bahasa nya erti ndak terjemah indonesia
3,2025-08-04 13:50:37,bagus forum tag tombol create nggak muncul pas ganti forum tag tombol save nggak tolong developer baik
1,2025-08-04 13:37:24,login masuk username email password masuk
1,2025-08-04 12:07:08,ngga bener banget bikin gue kaga nobar
1,2025-08-04 11:55:32,login nya susah banget ajg minimal tinggal kasih domor ama pw ribet ajg
1,2025-08-04 10:06:43,masuk loding masuk nya
1,2025-08-04 08:56:38,lol wkwkwk nggak pake nomer telpon update kesini bukanny bener parah dlu buruk dah hancur kah
1,2025-08-04 04:14:40,register nya ribet udah nonton tutorial ulang kali tetep falied
1,2025-08-03 20:47:04,suka lag jaring stabil
4,2025-08-03 14:32:00,nya udah bagus notifikasi kadang muncul kadang notifikasi nya banget notif ya aneh
1,2025-08-03 12:30:43,gabisa akun dawg gimana
3,2025-08-03 11:17:15,tambah fitur translate chat
1,2025-08-03 10:04:30,gajelas ken ngechat orang suruh verifikasi bot pencet ytim
2,2025-08-03 08:12:03,mohon baik bug verifikasi karna verifikasi daftar ulang
1,2025-08-03 07:26:07,anjg udah daftar login cok dah
5,2025-08-03 07:16:38,apk guna komunikasi voice chat
1,2025-08-03 07:04:00,coba verifikasi wait are you human ulang ulang
1,2025-08-03 04:55:08,apasih login susah passwordnya udah new login location detected please check your email udah cek email muncul notif inti mereset passwordmu hubung blablabla gimana konfirmasi login emg gaada tombol ya jadi tinggal masuk gaada udah x loh ganti password siklus tolol ulang ah emosi alam suram kali bintang
1,2025-08-02 20:39:18,akun gw kali ban alas
2,2025-08-02 17:47:58,bagus fiturnya lengkap ganggu notifikasi muncul aktif notifikasi atur hp nya langsung mohon baik bug repot pesan panggil masuk
1,2025-08-02 16:14:23,login mati
1,2025-08-02 15:26:39,mobile muncul notifnya udh setting cape sumpah
3,2025-08-02 15:02:12,mayan seru
1,2025-08-02 12:20:43,ribet verifikasi tolong mudah ya jangn hama
1,2025-08-02 09:49:44,ngebug robot tolol
1,2025-08-02 08:48:36,apk tolol mw akun suruh confirm are u human sampe ratus kali tetep aj trus confirm are you human eror mulu apk nya nih apus aj
1,2025-08-02 07:18:38,masuk si pake akun
1,2025-08-02 05:20:20,gajelas daftar d bilang udah daftar gilir masuk akun bilang gmail nya blom daftar
1,2025-08-02 04:05:00,verifikasi nomer tulis invalid phone number nomernya bener aktif
5,2025-08-01 17:13:01,disabled daftar f
4,2025-08-01 09:03:49,apk nya rumit banget mula make pas login
2,2025-08-01 08:42:50,udh konfirmasi verifikasi pakai nomor telpon kode kirim
1,2025-08-01 07:27:21,males ahh update down desktop mobile buka udah coba login web tetep
2,2025-08-01 06:36:54,verifikasi robot nya muncul udah bener gimana sih
1,2025-08-01 04:22:24,jelek sih masuk sulit
5,2025-08-01 03:30:30,apk bantu komunikasi game
5,2025-08-01 03:27:54,bagus ae
1,2025-07-31 15:07:59,rubah pasword lupa ubah
5,2025-07-31 13:30:00,mantul
5,2025-07-31 11:38:00,x bagus
5,2025-07-31 11:25:08,teman
1,2025-07-31 10:49:42,ngebug layar udah masuk
1,2025-07-31 10:37:02,discor daftar muncul verifikasi mulu uda bener pasin gambar uda ganti akun tetep gabisa bikin emosi ni minuss
1,2025-07-31 08:53:25,ngajak ribut ni udah enak bagus ribet bikin ribet lu tuh ngerancang mesti sulit login bikin akun loding muter sampe kiamat udah bagus dlu gampang lot lu ubah sistem oon orang banyak inovasi bikin orang repot orang males oon
1,2025-07-31 06:58:10,gmail ya dilohin padal reset password plis tu
4,2025-07-31 04:33:41,fitur lumayan lengkap harga nitro nya aga mahal
1,2025-07-30 17:31:26,suara bocor
1,2025-07-30 15:22:32,jelek gara gara saldo rekening suka potong
5,2025-07-30 13:36:26,muantap
5,2025-07-30 12:53:56,mantep cik udh bagus kayak muncul notip mati nyalain mobile push notification nya
5,2025-07-30 10:24:41,apk rekomendasi banget karna modal mb doang main game berat
5,2025-07-30 09:46:55,baikkkkk
1,2025-07-30 09:30:18,susah login baca login handphone beda handphone
1,2025-07-30 08:51:31,bikin susah daftar dc nya susah banget gagal has
5,2025-07-30 07:47:51,kadang pas voice bareng temen lgi main game suka putus dri voice jdi kesel untung msih sabar engga kasih rating
5,2025-07-30 07:21:43,bagus daftar ku kasih bintang
5,2025-07-30 02:33:57,fitur nya lengkap enak
1,2025-07-30 01:02:47,akun hilang akun verifikasi ngotak tolong gimana biar akun gw stuck verifikasi
1,2025-07-30 00:57:48,bug udah jaman majapahit nge bug berat banget nge bug mulu
1,2025-07-29 15:20:51,ngelapor akun mana ngelapor kait akun gmailnya ngirim pesan
5,2025-07-29 10:53:15,liat hasil
1,2025-07-29 09:49:01,transaksi tagih kocak
1,2025-07-29 08:46:48,tinggal hari doang langsung block acc nya
1,2025-07-29 08:39:16,pakai suruh teman cari teman code email tulis invalid tolong benerin ya
1,2025-07-29 08:27:22,apk haram sulit banget login tinggal rusak hp doank pas login gabisa tolong mudah fb ig tiktok gin tinggal guna
5,2025-07-29 05:38:47,mantabbbnnn
3,2025-07-29 04:53:31,tolong nggak ya nge kait connect account youtube
5,2025-07-29 04:23:20,dsini teman lita seru tarik buru download
3,2025-07-29 04:05:46,mangajukan fitur terjemah bahasa tekan teks fitur bantu komunikasi orang asing
1,2025-07-29 03:48:36,kemarin are you human are you human mulu udah dimasukin suruh mainin teka teki pipa udah bisaaaaa
1,2025-07-29 02:41:16,gabisa masuk server terus verifikasi
1,2025-07-29 02:16:15,ngebug voice nya
1,2025-07-29 00:44:15,oi anj gua dah fertifikasi robot ni fertifikasi gmn dah gabisa lewatin fertifikasi nya kont
3,2025-07-28 19:33:22,ya login gabisa email pw nya udah bener tolong gmn ngatasin nya stress banget gabisa masukk
3,2025-07-28 18:46:13,manusia robot sulit suruh satu gambar ajah bener udah nyatuin sempurna tolong capcha nya ganti
2,2025-07-28 17:55:07,update baru gambar loading restart apk re instal x
5,2025-07-28 16:43:00,ggwp servernya bagus gw benci nitro ya nitro flexing ama dapet duit
3,2025-07-28 15:53:47,ya register selesai tinggal verify ulang kali are you human pencet confirm terus muncul are you human please developer tolong baik bugnya tolong register akun
5,2025-07-28 14:41:32,gamer
1,2025-07-28 13:17:07,apk nya aneh ganti password nya udh benr pas login aneh
1,2025-07-28 12:53:01,kesal tolol daftar nomor hp captcha muncul rekomendasi apk tolol
1,2025-07-28 10:52:06,dongo kaga login email udah bener sandi udah bener
2,2025-07-28 09:33:55,kemaren buka akun ku logout bikin akun akun ku hilang
5,2025-07-28 07:46:43,tingkat fitur
5,2025-07-27 17:52:37,mantap banget anj bintang dah apk
3,2025-07-27 16:27:31,g register please bukti robot kesel
5,2025-07-27 14:44:37,sangan guna butuh nya baguss bngt nya
1,2025-07-27 13:53:33,masuk pas udh kasih invalid
4,2025-07-27 13:30:49,info manfaat
5,2025-07-27 13:11:04,apk nya bagu banget
1,2025-07-27 12:18:54,verifikasi robot nya ngulang akun password password nya gapernah ganti pas login salah
1,2025-07-27 11:59:31,dah habis update error nya suka voice call tolong baik
1,2025-07-27 08:16:47,login gmail nya
1,2025-07-27 07:36:33,login doang proses kadang gabisa login bet atur lu
3,2025-07-27 07:13:47,banyak fitur min makan ram
1,2025-07-27 05:18:14,login ulang sandi gmail salah akun
5,2025-07-27 04:54:28,sangan buruk
1,2025-07-27 04:28:03,gw tau nih error nya bikin emosi kuras password verify masuk udah sesuai percis bilang valid
5,2025-07-27 04:27:45,gabut
3,2025-07-27 01:47:19,udah batalin subscription nitro plus nya jatuh tempo duit engga emang gmana rugi banget k for nothing duit sedot otomatis minggu nitronya hadehh
1,2025-07-27 00:17:00,tiba akun gw hilang gw verifikasi robot dah bener tolong baik
4,2025-07-26 22:54:05,bagus teman nya main bareng
5,2025-07-26 22:28:55,apk nya bagus kasih bintang
3,2025-07-26 21:43:10,fitur ganti akun
1,2025-07-26 19:57:02,register verifikasi human muter klik verify gt trs sampe kiamat
5,2025-07-26 17:00:51,mantap
1,2025-07-26 16:28:39,verivikasi trus sandi nya salah trus akun nya chat nya ilang sirna harap gua kenang hilang udah nya hilang chat nya hilang plis sakit banget sakit banget hati iniiii
1,2025-07-26 16:17:13,bug nya ngeselin
1,2025-07-26 16:10:21,login udah coba bikin tetep
5,2025-07-26 16:06:09,cocok player idw
1,2025-07-26 16:01:04,jelek karna warna biru putih nya ilangin
4,2025-07-26 12:34:45,apk guna banget mabar jarak atur bahasa setting bahasa indonesia moga update ting nya
5,2025-07-26 12:24:10,aneh login pakai username
1,2025-07-26 12:22:05,bug login akun susah
1,2025-07-26 08:39:31,susah daftar kambing kasih gampang daftar discoard
1,2025-07-26 07:08:34,burik susah login akun dll
1,2025-07-26 05:11:46,udh selesai fuzel nya suruh ulang trus tolong bantu nya
1,2025-07-26 03:35:17,habis update bagus turun habis close buka loading terus harus relog doang temenku banyak tolong fix bug resah bangett
5,2025-07-26 03:02:09,bintang ulas tolong erti masuk nya paham daftar developer tolong bantu ya
1,2025-07-26 02:33:21,aman jelek login akun
3,2025-07-25 22:43:24,respon minta verifikasi usia
4,2025-07-25 19:36:47,android fc tolong baik
1,2025-07-25 19:19:24,ngalamin saldo tarik nominal gede k tolong saran nya biar saldo nya
5,2025-07-25 18:52:57,udah kaya keluarga bngt
1,2025-07-25 17:40:06,suruh ku verifikasi verifikasi mikir kidss
5,2025-07-25 11:03:46,bagus untun video bagus
1,2025-07-25 09:37:08,gw akun suruh verif mlu main puzzle an bug emng apk nya tlol
5,2025-07-25 09:36:40,komunikasi ama org indo
5,2025-07-25 03:39:33,apk berterimakasih apk sepi
3,2025-07-25 02:34:51,ganti pw udah login
4,2025-07-24 22:13:04,gonta ganti email verikasi
1,2025-07-24 19:13:28,notifnya aneh
4,2025-07-24 16:37:51,lumayan oke baik sistem
1,2025-07-24 13:45:04,susah login email slh trs pdhl dah bener
1,2025-07-24 12:52:33,audio aneh imbang suara jomplang kadang kaga dengar volume udah full tws
1,2025-07-24 12:51:56,ajg akun dc gw ilang pas log in udah masukin pw email tetep bikin akun udah ku pencet tulis create account wait are you human pencet confirm pas suruh ngerjain please drag the crossing to complete the les udah bener udah pas pas mencet verify suruh ngerjain wait are you human akun nya ajg nih apk
5,2025-07-24 12:36:10,bagus icon banner jadi guna non nitro izin pakai tambah profil ntag android
5,2025-07-24 12:25:10,apk bagus komunikasi game
1,2025-07-24 11:35:51,bahasa indonesia orang indonesia tau bahasa inggris
5,2025-07-24 11:25:46,bagus meeting ngobrol cocok banget btw tambahin fitur bayar pake dana
2,2025-07-24 10:09:17,buka shop loading kunjung buka
1,2025-07-24 10:06:13,nya bagus registrasi ulang verifikasi terus
1,2025-07-24 09:47:12,suka
1,2025-07-24 07:08:01,gimana loginnya sumpah kasih dislike deh
1,2025-07-24 05:34:00,tolong baik bug nya room trus lag banget
5,2025-07-23 15:02:21,tarik bnyk main bagus
1,2025-07-23 14:30:22,tolong baik akun udah selesai verifikasi nya suruh ngulang verifikasi tolong cepat nya baik akun verivikasi ulang ulang
1,2025-07-23 14:05:00,udah hamoir puluh kli verfksih eml cumn chat tmn dpt dpt sandi salah kah eml salah udh bnr tolong kah bnrin login jdi muak
5,2025-07-23 11:42:12,bantu bagus
1,2025-07-23 11:01:28,gajelas udah percaya pakai hari dipake aneh aneh akun disabled gada pemberitahuan gajelas banget opsi ngasi bantu yakali langsung log out sempet salin salin nama temen
5,2025-07-23 04:46:53,bagus banget dikit iklan ros bikin mood umpung ganteng polibuzz nya
1,2025-07-23 03:45:49,hapus akun ngga password nya udah
4,2025-07-23 01:52:51,developer tolong bug gimana ya tinggal login log in ulang ya udah verifikasi email nomor telepon pas login your account has disabled tolong developer atas ya pas login ulang muncul login or password is invalid email ama password login udha simpan login
1,2025-07-22 21:09:49,maff akun lupa password login ulang verifikasi ganti sandi tetep masuk
5,2025-07-22 16:28:40,bagus habis
1,2025-07-22 13:26:30,baik bug pasu username sandi
5,2025-07-22 13:07:46,bang windah aja
4,2025-07-22 12:46:05,pemulanih bintang ya
1,2025-07-22 00:13:58,mental join link
3,2025-07-21 20:43:49,berat fitur guna
5,2025-07-21 12:35:50,asik banget
3,2025-07-21 12:24:18,login susah anjg udah macem riset pasword suruh verify login verify tulis nya malas expired link
5,2025-07-21 11:17:04,keren teman
4,2025-07-21 10:37:56,pas join grup habis verifikasi chat udah pake tolong baik ya
1,2025-07-21 08:58:27,akun tolol
5,2025-07-21 05:55:33,wahhh apk baik sukaa
1,2025-07-21 04:39:26,gimana atas are you human
1,2025-07-21 03:19:57,join server captcha ujung nya gabisa join link nya
1,2025-07-21 02:53:05,jelasga login aneh hapus kau aneh
5,2025-07-21 02:27:05,tarik
1,2025-07-21 01:30:57,daftar nya susah gampang ngin
1,2025-07-20 21:36:55,susah login cek si nya nge bug cuman muncul layar putih habis gagal tolol
5,2025-07-20 15:55:44,honest review rekomendasi komunitas voice bareng temen
5,2025-07-20 12:06:46,bagus pixelbook fitur familiar ngulik
3,2025-07-20 11:40:51,update bikin bingung berat
1,2025-07-20 09:04:04,parah sih register hp gabisa sblmnya masuk salur trs suruh verify nomor hp pdhal udh bener masukin nomor hp gbsa baik android min
5,2025-07-20 07:47:01,suka apk kelarena interaksi orang
5,2025-07-20 06:14:47,keren mudah paham
1,2025-07-20 01:37:38,jelekk suruh ulang login gw coba g pdhl gmail sandi gw bener ge nyoba register gbsa gara gara gmail ny dah kecantol argh kacau
5,2025-07-20 01:35:59,tolong baik kasih bahasa indonesia
2,2025-07-19 19:46:13,join server udah cari cari link relevan expired jelas
1,2025-07-19 17:58:35,stress stuck log in password pdhl pw dimasukin udh bener stuck diverify gitu jlk
1,2025-07-19 14:15:15,sampah ultra rare error sinyal jaring bagus hp chipset dukung bener bener ngga guna banget fitur pelit bagi file nitro nitro minimal mikir ngirim foto dibatesin ngga saran download bintang ultra rare error benerin muncul mana login fitur search muncul
1,2025-07-19 13:10:41,wow cepat suspended bawah th ya
5,2025-07-19 09:19:17,gw kasih bintang bagus apk nya login jing
1,2025-07-19 08:38:42,versi sulit login susah wort it
5,2025-07-19 08:30:40,bagus nya mabar temen onmik
1,2025-07-19 02:53:56,email invalid
1,2025-07-19 00:21:28,login akun susah banget suruh buka e mail udah verivikasi tetep login
3,2025-07-18 23:01:49,tambahin bahasa indonesia gampang ting server
1,2025-07-18 16:26:28,bug nya
3,2025-07-18 16:14:56,woee lu napa dah error
3,2025-07-18 16:12:09,suka bug apknya update
1,2025-07-18 16:11:53,wou jemboed server suara nya pas voice dislaik banget asik asik nya perkara si rabbit bwabwabwa ya ah bodo guwe kecewa tityk
1,2025-07-18 15:56:37,main jelek
5,2025-07-18 15:38:45,kasih bintang
1,2025-07-18 15:05:00,susah banget log udah kali password salah
1,2025-07-18 15:02:07,gbisa download anj pdhl jaring lancar simpan msih
4,2025-07-18 11:34:17,bagus ngelag bug ngobrol teman foto blur
4,2025-07-18 11:07:19,hey knp lag banget load gambar internet cepat
5,2025-07-18 09:57:00,gampang nya guna
1,2025-07-18 07:39:56,notifikasi offline bug error tolong baik
1,2025-07-18 07:08:19,halo min tolong tambah bahasa indonesia banyak pakai orang indonesia mohon tambahankan bahasa indonesia biar orang indonesia erti miminnya orang indonesia bahasa indonesia mohon tambah
5,2025-07-18 03:20:49,bagus hubung
5,2025-07-17 18:41:13,bug gabung channel sayang bagus bug
5,2025-07-17 15:49:37,obral grup senang
1,2025-07-17 13:55:26,apk udah login pake email tetep
2,2025-07-17 09:19:11,akun gabisa email nomor hp login akun woi buruk
5,2025-07-17 05:28:09,alhamdulillah tabarakallah
5,2025-07-17 03:47:22,apk nya muantap
1,2025-07-17 02:56:18,masukin email salah ajq password salah ajq nomor telepon apasih mau ajq ajq kon lu
5,2025-07-16 21:55:50,butuh bet jir
5,2025-07-16 19:06:51,cocok selingkuh
1,2025-07-16 14:52:15,tolong ping hapus notifikasi sih aneh nih
1,2025-07-16 14:10:53,tolong sedia bhs indonesia enak bantu turnamen modern warsip habis udh level modern warsip udah bosan main karna nikmat dlm main puas
5,2025-07-16 14:09:26,minus gada notif kise
1,2025-07-16 13:45:53,jelek banget apk nya orang udah bener masukin email kali kali salah
5,2025-07-16 13:34:57,ok mantap
5,2025-07-16 08:48:51,pakgm ya ken masuk tpi gbs umur dikit
1,2025-07-16 08:28:55,apk gajelas akun hilang gabisa anehh
1,2025-07-16 05:53:21,buka bufferiing lelet buka lancar mohon baik
1,2025-07-16 01:43:25,apasih suruh verifikasi i am not a robot mulu
1,2025-07-15 21:25:58,nggak ganti username dah
1,2025-07-15 17:27:41,join komunitas register pakai akun tolong benar kendala
5,2025-07-15 16:48:44,aneh bet dah join server teman tulis nya expired mulu udh ngasih expired akun ku kick ban apa murni masuk server nya expired link mulu nth malas make ni
5,2025-07-15 16:38:01,nya bagus bicara temen main game online nya sekian terimakasih
3,2025-07-15 16:26:18,tolong bantu kembali dana niat langgan nitro saldo sedot ribu rupiah
1,2025-07-15 11:56:35,nofikasi kadang muncul kadang lewat informasi
5,2025-07-15 10:19:08,tau pakai nya papa kasih bintang ngak tau pakai nya kasih bintang hati kalamin laki laki
1,2025-07-15 10:09:39,tipu
1,2025-07-15 08:40:00,akun jelek
1,2025-07-15 07:54:10,geme nya seru
1,2025-07-15 07:29:47,
1,2025-07-15 07:00:46,berat kasi hpnya support main dc mental
5,2025-07-14 13:06:40,bagus terima kasih
3,2025-07-14 12:43:48,moga update sistem aman profile picture
1,2025-07-14 11:58:19,sengaja langgan duit rb hilang tarik nitro tanggung duit bayar tokopedia
1,2025-07-14 08:21:00,coba akun nomor hp kode verifikasi nya kirim tolong baik
1,2025-07-14 07:43:15,sih verify phone nya pake email nomor hp pas masukin nomor hp invalid phone number udah perhatiin banget nomor hp tetep invalid phone number banget kubutuhin banget suruh verify phone dibenerin bug hapus jelek banget
5,2025-07-14 04:50:47,apk bagus kadang suka hujat
4,2025-07-14 01:21:46,bagus terjemah
4,2025-07-14 00:19:42,gua ngomong wibuku oke anime gua tonton tpi apk wibuku
3,2025-07-13 19:40:39,what rated umur nya report orang bocil edit gw miskalkulasi
2,2025-07-13 18:04:01,masuk isi informasi
1,2025-07-13 15:36:06,delay parah suara telpon nya tolong baik enak trmksh
5,2025-07-13 11:11:47,gacor komunikasi enak ketemu teman
5,2025-07-13 10:45:20,nya bagus saran bagus bahasa indonesia biar ngerti pakai orang indonesia
1,2025-07-13 10:15:52,masuk orang
5,2025-07-13 10:15:29,gua sih pake main gta sa roleplay gg sih
1,2025-07-13 09:30:23,bug suara aktif mic
5,2025-07-13 05:49:34,alat gw ganti telpon whatsap jalin komunitas baik
2,2025-07-13 04:50:00,mohon nomor telepon kode verifikasi nya kirim kali coba kirim ulang kode verifikasi muncul muncul sms mohon bantu
1,2025-07-12 17:01:32,bantu kembali saldo dana nila ribu rupiah akibat langgan tau tetang ekonomi sulit
5,2025-07-12 15:28:29,untuk guna loginnya susah skill issue iseng iseng coba mendownload desktop login akun bukti lancar lancar note login email verifikasi akun fa gaptek fa silah ajar aman guna konyol
1,2025-07-12 15:04:17,gabisa diinstal ajg udh ngurang udh gitu
5,2025-07-12 14:52:19,keren abis
1,2025-07-12 13:48:39,tolol
1,2025-07-12 11:57:57,plis banget sulit proses log in akun tambah log in salah sandi dll gonta ganti sandi log in
3,2025-07-12 10:51:43,tolong kasi bahasa indonesia bahasa inggris
1,2025-07-12 09:40:11,tau pasnag nya
1,2025-07-12 02:03:51,nggak profesional sampah
1,2025-07-12 01:58:48,login ko email sandi log tolonggg
3,2025-07-11 19:11:16,ubah username username pilih sedia tombol save kanan layar muncul
5,2025-07-11 16:39:36,bagus lumayan anak roblox
5,2025-07-11 15:54:17,gimana njirr masuk gw bingung
5,2025-07-11 14:09:59,tingkat
1,2025-07-11 12:26:42,login dincird
4,2025-07-11 11:29:46,bg developer login nya ribet banget mending pake google facebook
1,2025-07-11 09:21:28,terima code veryvikasi email masuk
5,2025-07-11 08:56:50,loginnya ribet banget linl dll udah masukin pw bener suruh verifikasi ribet banget iya pas verifikasi lancar lot ngeblank trus kadang pas udah verifikasi login bikin kirim pake kode verifikasi biar mudah bagus login tuh susah akun udah banget apk loginnya ribet knp kasih bintang spya klihatn
2,2025-07-11 08:19:45,sy gabisa masuk masuk bs pdhl jaring aman
1,2025-07-11 08:04:25,nya susah login jir
5,2025-07-11 04:03:14,bagus pasang super bear adventure
1,2025-07-11 03:25:34,tolong baik bug notifikasi mana notifikasi apa nyala notifikasi nya
1,2025-07-11 03:06:07,login verifikasi email situs web buka
5,2025-07-11 01:08:01,jelek kadang kad reload nya lamaaa
5,2025-07-11 00:17:36,bagus ribet
1,2025-07-10 22:56:50,pindah chanel buka chanel
1,2025-07-10 15:17:41,device android bug nya
1,2025-07-10 14:50:45,setting volume audio input setting volume audio output menu input input mode input sensitivity volume pc ganggu guna mobile
5,2025-07-10 14:11:30,mantap mabar
1,2025-07-10 12:13:39,apk burik verivikasi logout akun gimana sih bikin nih
1,2025-07-10 11:37:35,login pake nomer wa tp gbsa ktnya udh send sms nomer tp hadeh gmn sih
1,2025-07-10 09:58:42,tolong login qr code mobile kayak laptop ama pc
1,2025-07-10 08:34:07,developer coba cek nya udh bener bener
4,2025-07-10 08:23:51,
1,2025-07-10 07:50:47,dc enak kadang nyambung kadang pdahal ngomong dcan denger suara
3,2025-07-10 03:01:41,log out
1,2025-07-10 02:03:17,kadang kadang ngak ngasih kode gmail masuk
1,2025-07-09 23:32:24,ajg gw register gagal gw udah ganti akun google kali hasil
4,2025-07-09 23:19:44,tolong tambah tombol jump to top forum hal versi pc
5,2025-07-09 19:00:39,nice kasih boost gratis
5,2025-07-09 17:21:21,gimana updete plis gua bingung
5,2025-07-09 17:21:19,tambahin bahasa indonesia
1,2025-07-09 17:10:32,tolong akun gua kagak login
2,2025-07-09 16:40:09,pusing sulit verisifikasi nomor hp nomor hp nya hubung akun google akun google lupa email password nya cepat mudah aman hapus nomor hp akun google hilang
1,2025-07-09 15:04:18,kode otp muncul refresh kali kali kocak
1,2025-07-09 12:06:18,login aneh udah masukin tanggal lahir
5,2025-07-09 11:59:38,ngobrol main enak
2,2025-07-09 11:08:28,tolong baik bug ambil role logo ceklis
1,2025-07-09 10:17:46,login pakai akun
1,2025-07-09 10:03:43,udh login udh coba hari internet nyambung
3,2025-07-09 09:37:38,kena ban bikin akun ban gatau udah ngelakuin ngeslin banget jujur bagus ngeselin tolong baik sistem ban
5,2025-07-09 09:28:48,suka l
1,2025-07-09 09:03:09,pasworsela salah
1,2025-07-09 07:49:00,apk lambat login login email nya bilang salah kaya email bilang salah pw kaya gitu mohon baik smapah ya defeloper diskontl
1,2025-07-09 06:40:02,sampah login udah masukin nomor hp kode verifikasi kirim kode nya udah masukin password tetep salah goblok login
5,2025-07-09 05:45:41,baik
4,2025-07-09 05:42:00,bahasa indonesia nihhh
1,2025-07-09 04:11:19,udh ku coba pakai akun sandi dak login ku ganti password nya
1,2025-07-09 04:02:19,orang mobile fokus suara guna kualitas suara bot buruk
4,2025-07-09 01:33:38,bagus komunikasi orang teman serta bot setel musik guna mobile bingkai gratis quest suruh desktop web coba pakai link nya pas quest kosong apk asli expired mohon baik ya
1,2025-07-08 15:52:16,yah udah ngikutin langkah langkah tera tes manusia robot kerja halaman email email salah cek akun google email salah udah mah loading nya udah tunggu sampe kayak jam salah tolong baik terimakasih
1,2025-07-08 14:55:44,error engga buka y uninstal engga pake apk sampah
5,2025-07-08 14:34:35,kak discordku versi beta udah diunistal trus instal udah refresh handphone discordnya versi beta pas share screen gepeng dilandscape dlu normal udah coba mode beta gabisa mohon arah kak
4,2025-07-08 14:09:33,tolong kn fitur chat voice call
2,2025-07-08 13:01:47,kali masuk server server nya hilang
5,2025-07-08 12:24:17,bagus
1,2025-07-08 11:08:01,login nomor invalid hapus akun nomor kondisi mana kode verifikasi ubah masuk nomor login daftar invalid gagal harap baik
5,2025-07-08 10:10:01,main bareng teman
2,2025-07-08 04:19:50,suka fitur ui nya oke lengkap mobile nya android banget crash lag hp buka web browser versi web lancar stabil mobile nya koneksi perangkat udah coba clear cache reinstall update versi baru error nya muncul pas buka vc pindah channel
5,2025-07-08 00:21:29,baik pakai komunikasi kota daerah baik mohon tingkat aman oke
1,2025-07-07 23:23:21,gimana verif nya tolol kaga kirim
5,2025-07-07 19:06:12,game eh salah nya bagus banget chat mabar
5,2025-07-07 15:27:46,no apk nya
1,2025-07-07 13:04:51,ni login udah bener email nya password nya tetep haduh
1,2025-07-07 12:52:37,akun ku tiba ilang login ulang gabisa muak banget
4,2025-07-07 12:41:11,komunikasi teman online mabar telepon an video call bug pas login email udah bener salah tolong baik bug terimakasih rating nya bintang
3,2025-07-07 12:26:35,coba join server gabisa gabung server nya bug
4,2025-07-07 11:54:15,verifikasi nomor kode kirim tolong fix cepat
2,2025-07-07 11:01:02,suka
1,2025-07-07 10:13:03,masuk bener
2,2025-07-07 08:37:19,pasu link server teman expired servernya kasih bintang
1,2025-07-07 07:33:25,geme nya enak dafatar email nya dah dikatain salah geme bikin emosi
1,2025-07-07 07:02:17,join ribet banget robot udah ulang kali kali tetep gabisa
4,2025-07-07 05:29:57,nya bagus syaang nya bahasa indonesia tolong tambahin biar bingung nya translation nya ngerti ngerti udah bahasa indonesia kasih binta
1,2025-07-07 04:46:36,verif no hp
2,2025-07-07 01:01:04,gw udah pakai sandi bener udah gw spam email bener
5,2025-07-07 00:19:24,he udh
2,2025-07-06 16:38:17,login login eror muncul gambar kapal
1,2025-07-06 15:57:26,pas verifikasi email gmail notification lohhh moga cari ya terima kasih
1,2025-07-06 14:51:43,diskort goro awak maleh senen serpermu bosok mbok benakne yowes ngunu ae suwun
4,2025-07-06 14:04:12,emang bagus notifikasi terkadang muncul dh disetting lu tulul
1,2025-07-06 13:46:19,login sulit jaring bagus cuman mutar doang bug kode verifikasi sulit login gimana udah ku instal ulang restart hp
1,2025-07-06 13:35:42,daftar manusia tau robot test lu gue robot gue manusia hidup ya heran banget nih udh excited daftar eh email udh daftar kocak ya bagusin dah ni rangin test lu robot manusia heran
4,2025-07-06 13:18:33,muas
5,2025-07-06 11:39:18,segi nya bagus sayang banget tolong bahasa indonesia ya semangat developer nya
1,2025-07-06 09:46:39,suruh log in ulang pw dah bener pas bikin akun make no kode nya kirim
2,2025-07-06 08:41:37,kyk gimana sih
5,2025-07-06 06:57:37,bagus suara kadang hilang putar musik kadang disconnect vc
1,2025-07-06 03:31:02,bot daftar ucp samp
2,2025-07-06 02:36:54,bagus iya bug pas voice buka chat voice pas ngetik kolom chat nya tolong benar
5,2025-07-06 02:10:50,bagus banget gw karana mabar serius bagus banget
4,2025-07-05 23:22:20,bagus
1,2025-07-05 21:06:49,verify email notifikasi gmail email password
4,2025-07-05 20:26:06,tambah pilih opsi mic telfon headset pake mic ditelfon suara dengar headset
1,2025-07-05 14:05:50,not supporting bahasa indonesia
1,2025-07-05 13:03:03,pilih bahasa indonesia tolong developer apk nya tambahin bahasa indonesia nya
4,2025-07-05 11:33:46,tolong tambah bahasa indonesia terjemah
3,2025-07-05 10:26:21,mic nya mute
5,2025-07-05 07:37:03,komunikasi teman
1,2025-07-05 06:06:51,dc rusakkkkkk
1,2025-07-05 02:37:33,jdi ngirim foto
1,2025-07-05 00:07:56,suka mental
1,2025-07-04 15:43:11,log in bisa karna verifikasi email akun daftar padahal sandi sesuai pliss mudah seru banget kenal
1,2025-07-04 14:46:03,bug voice group suara ilang udah relog kali kali
5,2025-07-04 14:06:19,bagus temen
5,2025-07-04 13:56:13,langgana ai negara kembang harga negara maju upah nya guna bantu
5,2025-07-04 13:38:37,main teman teman enak
5,2025-07-04 13:25:24,gara gara apk erpeh berat ton gta mabar
1,2025-07-04 12:24:40,tulis nya masuk code sms kirim kode
1,2025-07-04 11:58:45,abis hapus karna jelek login
1,2025-07-04 06:10:43,kecewa kena warned server ghostping hapus ping nggak ganggu orang ghostping orang chatnya menit abis hapus ping ehhh tuduh ghostping tolong jelas orang arti ghostping
5,2025-07-04 05:31:24,tolong tambah bahasa indonesia sistem
3,2025-07-04 03:22:13,suka ngelek wifi aman aman mohon baik
2,2025-07-04 03:00:58,hormat tolong bahasa indonesia nya loe orang indo bahasa inggris kocak bahasa thailand korea indo populasi nya juta kagak
5,2025-07-03 16:00:28,bagus join gimana maksud
2,2025-07-03 15:36:23,apk nobar bug layar hitam kadang eror nge freeze tolong baik bug bug aneh
1,2025-07-03 14:33:28,kandung negatif
2,2025-07-03 14:32:16,ku gaada suara mute
1,2025-07-03 13:19:21,masuk susah
1,2025-07-03 12:28:48,apa gw udah kirim email gw kali kali masuk grup terima mulu gw bolak gmail mulu ampe gw hapus tuh pusing gara gara verify email
5,2025-07-03 12:10:45,nyaman absurd bug notif telat suara patah ram nguras sibuk voice efek tema warna fitur dasar kayak upload file gede stream bagus kunci nitro gratis udah standar bot error api ubah info produk gaya gaya lupa kerja lupa bangun platform
5,2025-07-03 11:41:02,keren main game bicara
1,2025-07-03 09:59:50,benerin tuh bugny rugi jam menit
2,2025-07-03 08:50:56,resed gmail
1,2025-07-03 07:29:47,loginnya susah banget sampah kasi bintang email udah bener sandi udah bener anggap salah ngebuang ni
2,2025-07-03 07:18:19,nya mati mulu pas udah masuk game download biar gampang komunikasi temen
2,2025-07-03 03:41:28,beli nitro nitro aktif bayar hasil google play
5,2025-07-03 01:24:44,ganti wa wa ku gabisa cocok bgttt salur jugaa good si iniii
1,2025-07-02 22:48:19,ni apk banget akun karrna jarang dipake login lupa ps smsnya email nya reset
1,2025-07-02 15:35:14,buruk sulit masuk
5,2025-07-02 13:42:10,tentang keras
5,2025-07-02 11:53:49,maaf hehe salah phm hehehehe
1,2025-07-02 11:45:01,jelek bikin akun ribet banget
1,2025-07-02 11:08:52,masuk change masuk password
2,2025-07-02 10:31:02,refund uang otomatis bayar nitro tahun
1,2025-07-02 09:32:27,login apk busuk
5,2025-07-02 08:52:56,bagus bangeet
1,2025-07-02 07:13:56,eror kirim kode gabisa masuk akun
1,2025-07-02 06:06:13,masuk room room masukin krn hrs verify nomor telpon tpi janggal asa sign in gw udh isi nomor telpon tpi tiba udh taut sy verify ulang eror mulu pdhal udh bener nomor telepon bug tolong benerin
4,2025-07-02 05:36:08,bagus bahasa indonesia sedia moga pilih bahasa indonesia
5,2025-07-02 05:29:41,sosial orang orang orang servernya kenal suka
1,2025-07-02 05:14:22,install
4,2025-07-02 03:20:24,bagus mantap
4,2025-07-02 01:28:44,keren komunikasi teman orng latih bahasa
2,2025-07-02 00:18:28,ya login akun udah bener sandi gw bikin akun tetep sandi salah bener kenapadah
5,2025-07-01 21:15:58,terimakasih sahabat sehat ya
3,2025-07-01 18:00:36,woi kocak ganti banner nitro
1,2025-07-01 17:57:46,banget anj ngirim kode verifikasi doang
5,2025-07-01 17:05:56,update bahasa indonesia arti bahasa inggris
5,2025-07-01 16:56:05,dc tolong emoji nya ubah kek tele rame rame jajanin pol deh
4,2025-07-01 12:53:01,bagus mabar bareng youtuber
5,2025-07-01 10:28:45,keren diskus
5,2025-07-01 03:55:04,bagus kadang error kirim private chat suka verifikasi robot mulu ganggu banget kadang engga kirim tolong baik developer
1,2025-06-30 23:27:29,susah bet verif udah mah akun email pakai
5,2025-06-30 19:05:01,bagus ajh pokok
2,2025-06-30 18:50:08,dm orang are you not a robot malesin banget ribet
5,2025-06-30 16:41:24,bagus
3,2025-06-30 15:47:42,tolong banyakin fitur bahasa erti bahasa asing in fitur translet kasih fitur pemberitahuan penggunaanya ubah bahasa indonesia sekian terimakasih
1,2025-06-30 15:07:13,apk ora add friend org mlh verifikasi email pas masukin email nya ora
2,2025-06-30 15:03:17,bagus alangkah bagus alih bahasa
1,2025-06-30 13:44:49,ketat password lupa password dikit login suruh verif
1,2025-06-30 08:39:42,kocak mending wa sumpah nyedot data banget co
5,2025-06-30 08:15:25,tolong dgabung serverx yar enak join party boz ocee
1,2025-06-30 06:59:50,banget sumpah gw isi tanggal lahir tulis confirm nya cuman cancel gimana sih tolong baik gw bikin akun gitu doang
1,2025-06-30 06:38:23,masuk susah banget anjg
3,2025-06-30 04:17:16,bug versi hp
5,2025-06-30 02:28:17,gaada fitur logout ganti akun tolong
1,2025-06-30 00:48:18,udah bikin robot
1,2025-06-29 23:32:52,masuk udah daftar email login pasword ataw email valid daftar pakai email lho
5,2025-06-29 15:27:58,well okay sih cuman pas ganti profile foto uda pilih pas mencet dri dc mohon baik ya developer
1,2025-06-29 13:45:04,chat pas masuk vc suka turun turun buka vc chatny mohon baik susah ngechat buka tab
5,2025-06-29 09:26:34,mudah teman bicara main game bantu
2,2025-06-29 05:58:48,gimana ya bug nya stiap kali voice channel nya ngebug lelet baterai penuh lelet sinyal sinyal bagus mohon baikin bug nya menganggu orang mohon perbaikin update
1,2025-06-29 04:22:26,kasih saran kasih link verifikasi nya hapus pesan email nya ulang klik verifikasi coba hah i have a suggestion can you give me the verification link again i deleted the email message and then i clicked again to verify but it still doesn t work what should i do huh
1,2025-06-29 04:15:32,gaje aneh bikin akun
1,2025-06-29 02:49:56,kecewa canda umur bawah anggap nyata serius banned udah verify age update kena banned kecewa beli nitro
1,2025-06-29 01:27:28,gajelas suruh masukin kode verifikasi kode verifikasi kirim kirim nomor ponsel ku udah valid sandi akun
1,2025-06-28 17:30:18,kaga niat kaga bikin masak virfy trus gua masukin nomor kaga muncul muncul apk turun iq
5,2025-06-28 16:44:16,tolong developer bug nya baik pass share screen suara aneh kayak iklan
3,2025-06-28 15:21:40,reng bahasa indonesia rah ngerti bahasa inggris suprane jawa jawa jawa
1,2025-06-28 11:04:23,suruh cek email menit kagak email masuk
5,2025-06-28 10:26:45,gabisa banget
5,2025-06-28 08:56:47,bagus sih bug ubah profile server bug bikin gw muak udah pencet save ubah jaring bagus
5,2025-06-28 07:50:06,dikit dikit verifikasi manusia ble ble ble ngeyodxxxxx gajelaassss
2,2025-06-28 06:35:17,eror ngetik keyboard nya turun pas apk trs ngeglich beranda dll kl notifikasi dc nya muncul trs pas notif kirim spam notif cmn kirim kasi solusi developer makasii
5,2025-06-28 04:55:59,bagus cari teman online
1,2025-06-28 04:45:22,udah cocok kasi masuk akun ama password nya eror agk emang
1,2025-06-28 04:37:17,apk gatel ribet nautkan akun game dah macem atur sri mulyani ribet ajg
1,2025-06-28 04:35:44,bintang lapor palsu akun akun tangguh
1,2025-06-28 03:54:26,alam buruk voice channel etik chat turun turun chatnya tampil kartu orang voice channel guna tampil riwayat chat jadi alam tulis pesan dalam voice channel alam buruk ganggu
1,2025-06-28 03:49:15,susah dah login pakek email password dasar jelek gw kasih bintang jelek bet
5,2025-06-28 03:48:57,seru banget ngobrol bareng teman curhat ama bot moga apk diupdate bagus
5,2025-06-28 03:32:48,bagus bagus
2,2025-06-28 01:40:24,ingin scroll kanan kiri
5,2025-06-28 00:55:19,bagus komunikasi
1,2025-06-27 23:52:49,bet sih bahasa indo nya perang
2,2025-06-27 19:32:58,over all everything is fine masalah nitro sih ak udh bln pake nitro duluny gopayku ya bnyk skrng gopayku k ak sm ad transaksi panjang nitroku hangus gitu aj jujur ngeri potong hargany sampe duit cuman sisa k
5,2025-06-27 12:43:26,i i bagus bet gw coba join discort gm anjir masuk discort mantap bet
3,2025-06-27 09:03:46,semenjak update jelek tulis pesan channel voice karna voice chat tutup edit pesan kirim susah karna
3,2025-06-27 08:42:13,etdah ni knp si pas gw login masukin password nya udh bener eh error error sih error tpi kali kali
5,2025-06-27 08:17:45,lumayan ya pas masuk akun
5,2025-06-27 06:22:42,pakai canda bagus
5,2025-06-27 06:01:45,bagus suka banget enak main roblox info mabar kk
3,2025-06-27 03:44:01,bug masuk grup server hackthon
1,2025-06-27 00:33:10,pliss fix login login invalid
2,2025-06-26 17:06:27,ngubah bahasa indonesia gimana
5,2025-06-26 15:34:22,bagus interaksi org
5,2025-06-26 14:58:31,seru menegangkn q suka
1,2025-06-26 10:34:54,yah pas masuk akun tulis are you human udah manusia udah kali kali usaha masuk nya loh tulisanya
5,2025-06-26 06:33:12,bagus komunikasi orang
1,2025-06-26 02:45:16,bug login login
1,2025-06-26 00:21:04,pass ama no hp udah bener tp eror mulu masuk masuk parah
1,2025-06-25 17:35:51,masukin nomor telepon
5,2025-06-25 15:05:57,bagus bikin circle sesuai selera
1,2025-06-25 14:21:15,pas join server tulis nya udah masuk pas masuk ulang server nya ngilang gajelas
5,2025-06-25 13:19:08,manfaat
2,2025-06-25 11:24:51,nyesel ama apl gw pas salah server gw udah login server titik ngebuat gw kecewa ya channel server gw abis login muncul ya nya gw pas ain channel muncul kalang kalang orang login ama udah pas gw udah login nya otomatis chanel muncul server nya muncul gw kriti salah chanel mlhilng ch
5,2025-06-25 10:12:27,bagus temu teman seru game tarik
1,2025-06-25 08:53:04,dah ku masukin email bener kasih bintang kasih
4,2025-06-25 08:41:42,bagus chat cari teman
5,2025-06-25 08:41:29,main grow a garden
3,2025-06-25 07:17:44,gimna sih gw udh ketik email macem mlah tulis manusia ya jdi gw raksasa tlong benerin lgi sistem nya udh suruh masukin msih tetep gabisa
3,2025-06-25 06:46:01,kali bug suara vc pdhl kek gitu ny benerin bug nya nyusahin
1,2025-06-25 05:24:59,ni gimana login register tetep pw dah bener email dah bener pas kece dah bener woyyyy
5,2025-06-25 01:27:47,mantap main gta rp
5,2025-06-25 01:15:54,keren ngbrol cari teman sharing
5,2025-06-24 15:54:23,tambahin bahasa indonesia
5,2025-06-24 13:57:31,alam teman teman
1,2025-06-24 13:54:42,ganti frofil
5,2025-06-24 11:01:31,game bagus
1,2025-06-24 05:56:39,susah pakai handphone jelas lengkap pasu password akun nya tolak jaga buat jaga
1,2025-06-24 03:54:25,bbrpa kali login veryfikasi gagal apk gajelaz pdhl alamt email password
1,2025-06-24 02:56:37,pls login hapus hapus loh kali loh emang
1,2025-06-24 02:40:59,akun tulis unable to register based on the information you provided we can t create an account for you right now email
5,2025-06-23 23:09:17,batu
3,2025-06-23 20:05:41,gaada bahasa indonesia nya mudah
3,2025-06-23 13:44:08,bug dah salah mulu login kode verifikasi mulu link putih doang
4,2025-06-23 12:50:48,mohon sedia bahasa indonesia
1,2025-06-23 11:05:34,login verifikasi nomor telpon pakai nomor telepon kirim lapor support blom
5,2025-06-23 09:54:19,bagus
2,2025-06-23 08:58:33,wakil teman teman kena suspend age mohon benah sistem rules age nya user ngetik gada hubung umur report user kena suspend age typing user hubung umur mohon baik sistem rules age nya pulih terimakasih
4,2025-06-23 08:58:12,bagus teman komunikasi main game suka putus telepon
1,2025-06-23 08:38:36,akun hack ambil akun nya hilang server ikut
3,2025-06-23 02:33:05,b karna main game vc masuk suara hilang tolong tangan
3,2025-06-22 07:57:03,update jelek mending pake versi
1,2025-06-22 07:46:53,tohapok bungul tambuk klabao login ri register sandi ama imel udah pas masuk
1,2025-06-22 07:31:40,sampah login pakai nomer masukin kode konfirmasi kode nya masuk
5,2025-06-22 07:22:21,gampang teman
2,2025-06-22 07:21:00,dc nya mati ya
5,2025-06-22 06:01:12,nya bagus guna
5,2025-06-22 05:17:40,bagus ngobrol main game komunikasi main game
1,2025-06-22 01:43:07,lu sih kocak verifikasi email terang invalid pdhl gw dh masukin password bener
2,2025-06-22 01:41:43,tolong nonaktif clyde bot ganggu bertelfon mati udah menit
4,2025-06-22 00:47:24,waaahh update baru memverivikasi no hp wow baguss
1,2025-06-21 21:05:38,bikin kode valid
1,2025-06-21 16:40:53,kualitas suara voice channels buruk
1,2025-06-21 16:26:54,rusak dc ya jls email udah sandi udah bener ulang keh keh email warna merah
1,2025-06-21 14:22:20,apk masuk udh masukin email pw masukin nomer apk busuk apk bener pas udh masukin email ama pwnya bilang salah trus udh coba ganti sandi trus masukin ttp tolong kali make udh pusing banget udah liat tutor pas coba eror mulu udah uninstal eror mulu pusing bintang gua alam buruk
1,2025-06-21 12:27:15,login email pasword no hp tolong baik
5,2025-06-21 11:31:48,mantap bengat dowload sih
1,2025-06-21 11:07:48,apk nya ribet login ribet akun ribet bikin kesel
1,2025-06-21 10:20:35,susah login
1,2025-06-21 08:45:45,apk busuk gua login pas verify your number notifikasi jir gua kasih bintang
3,2025-06-21 07:28:41,nyari pertemananya susah
5,2025-06-21 05:12:08,aplikasih saran
5,2025-06-21 04:11:17,diupdate bug mic masuk channel mic nya bug restart perangkat reinstall tolong baik terimakasih bagus
1,2025-06-21 03:22:04,ribet register login udah nonton tutorial download nyesel
3,2025-06-21 02:30:42,login
1,2025-06-21 02:20:59,jelek login nomor email masuk bodok
1,2025-06-21 01:02:09,jelek log in gabisa email nya dah bener
5,2025-06-21 00:35:27,wahh apk nya bagus suka cocok main game telepon pasti mantap minus nya ukur apk gede kadang buka nya suka kadang error baik yaa developer
1,2025-06-20 23:40:54,maruk ajg
5,2025-06-20 21:10:54,tolong baik nya karna kali login masuk verifikasi gmail melulu kali masuk
1,2025-06-20 20:06:50,verify phone numbernya kerja notifikasi verifikasi codenya whatsaap gmail
2,2025-06-20 17:04:49,apk udah bagus kurang bahasa bahasa indonesia nya
1,2025-06-20 15:21:03,rusak udah maka suruh login ulang pake email satu gaming password login perangkat
1,2025-06-20 14:55:49,ad pw nya bener ad pw nya gimana login ad pw nya nya gw login simpul nya tolong pake akun guest
5,2025-06-20 14:22:13,bagus banget kenal orang
3,2025-06-20 14:01:32,apl takut hilang akun
5,2025-06-20 13:03:24,gara gara gabung discor nya youtube ber
4,2025-06-20 09:52:02,bug akun mana tahap how old are u situ tombol ok yes bikin akun mohon fix bug cepat
1,2025-06-20 08:17:50,akun adek gw kena disable account aneh bener
1,2025-06-20 06:53:48,gajelas susah login
4,2025-06-20 03:48:28,pleaseee tolong gift nitro lambat kadaluarsa tolong sempat claim hadiah nitro
5,2025-06-20 02:35:07,nice apk alam interaksi internet
5,2025-06-20 00:16:08,cocok cari teman mabar teman ngobrol
2,2025-06-20 00:09:01,dah akun gara gara hp ku riset bikin akun kaya ko masuk tulis nya bantu devoloper
1,2025-06-19 15:38:55,apk pake akun login invalid mulu email pw bener aneh banget
1,2025-06-19 13:53:25,ampas login ribet bet dah gagal muluk dah pake no hp bener ama email nya tpi kocak emosi are you human lawak robot ngetik ama main hp kocak
2,2025-06-19 12:00:44,tolong baik eror masuk code verifikasi eror laku masuk email password nomor login tolong baik
1,2025-06-19 11:58:47,solusi kasih ngga ngebantu moga berkah ya cari rezeki
2,2025-06-19 09:55:34,upload filenya banget
1,2025-06-19 08:54:56,akun data isi bodoh
2,2025-06-19 06:29:12,mohon bahasa indonesia
1,2025-06-19 04:56:07,ngebug tai
5,2025-06-19 04:39:21,bagus cuan
1,2025-06-19 04:32:36,semenjak update bug buka chat dm ngestuck kadang black screen trus disney an gabisa tutup tutup popup trus gabisa buka tombol send muncul klaim nitro gagal apa mundur cmn nitronya yaudah ku uninstall aj
3,2025-06-19 04:08:11,mendownload apk tolong baik cepat
1,2025-06-19 02:45:32,login udh masukin email kali
5,2025-06-19 02:36:04,the bestlah apknya
1,2025-06-19 01:45:50,nomor telpon bilang invalid kocak
5,2025-06-18 23:51:36,bantu
2,2025-06-18 23:42:03,akun udh eh kadarluarsa pake udh kaga pake
2,2025-06-18 20:11:55,pas akun ku hilang login make telepon hasil your code is invalid detik kasih notif kode sih apk nya bugnya dah emosi tolong baik dah nunggu sampe menit menit kode valid dibiarin gitu login kayak game butuh kode dah kasih error kasih baik bug nya apk busuk
5,2025-06-18 17:54:51,coba
1,2025-06-18 17:03:37,suara putus putusss woii
1,2025-06-18 15:15:22,sih terus verifikasi email udah verifikasi
1,2025-06-18 11:24:18,bang milik yong nginstal woi rak bang join server we e bang windah
1,2025-06-18 08:14:38,ancur parah buka loading mulu chat nya internet bagus restart hp langsung normal developer baik resah banget restart hp ribet
1,2025-06-18 08:04:40,apk oon udh kali ketik email ketik nomor kgk oon are you human udh tau manusia aj nanya udh kali nyusun figur ny aj login jdi bikin orang ngulang trs gitu sampe mampus nguji sabar orang oon suka banget sih apk login nyusahin orang nomor udah email password email nya jga udh oon
2,2025-06-18 07:59:47,bener ni register susun gambar udh banget susun gambar unable to register confirmation code sms nya terima udh bbrp kali terima mohon baik
3,2025-06-18 07:46:44,tolong bikin kayak versi tampil simple performa andal cepat tanggap interaksi apa tolong buat lite lahh v tolong balas chat temen delay banget ngga seru ya voice eh stuck karna ui dukung device spesifikasi low mid baru stabil delay tolong timbang
5,2025-06-18 05:43:29,b indo
1,2025-06-18 05:26:22,apa login dikit dikit pemberitahuan are you human bikin apk
5,2025-06-18 01:26:42,seruuu
5,2025-06-18 01:22:01,kerenn tantang
3,2025-06-18 00:25:12,scan qr fungsi realme gt master android
5,2025-06-18 00:07:47,bagus cepat
5,2025-06-17 16:29:32,bagus bincang
1,2025-06-17 15:15:22,apaa udah akun gabisa login udah forgot pw pas ganti masukin salah mulu nya
1,2025-06-17 14:58:05,apk aneh login pdhl udh salin google tolong baik
1,2025-06-17 14:15:15,bug ganggu suara hilang mantul wifi kuota full aneh
5,2025-06-17 12:04:02,mantap nya
4,2025-06-17 11:51:05,guna kaya budi
1,2025-06-17 11:28:26,dapat pas log in masukin email email nya bilang salah udah bener bener tolong gmn biar plis
3,2025-06-17 11:22:35,beneran login verifikasi terus ganti password tetep
1,2025-06-17 07:28:08,dikit dikit verifikasi gabisa geser pencet hadeh
1,2025-06-17 06:54:17,join nya udah pakek lengkap verifikasi
3,2025-06-17 04:45:49,buka layar langsung meredupp
5,2025-06-17 03:41:39,bagus gobrol
2,2025-06-17 01:12:50,apk anehh masak sinyal bagus pas registrasi mutar mutar trus isi date birhtday tunggu mutar mutar loadingnya masuk masuk menu nge stack situ tau tolongg perbaikiiii
5,2025-06-16 23:20:36,ajar ya harap bs semangat
5,2025-06-16 16:46:36,baik
1,2025-06-16 16:08:40,bug akun gilir login akun ganti sandi eh aj g sandi nya salah kocak banyak bug
1,2025-06-16 14:57:34,tau masuk
1,2025-06-16 11:46:06,terjemah indonesia
1,2025-06-16 10:09:58,gimana dah pasword bener disalahin
1,2025-06-16 06:05:55,resmi nya grow and garden benerin dikit bener bikin
1,2025-06-16 06:04:57,login email gabisa email dah passwordnya udah sampe ganti password email tetep gabisa busuk emang
3,2025-06-16 04:52:04,bagus kasih bintang suara notifikasi mentions pilih tonton tutorial ubah settingan coba hasil tolong tambah atur notifikasi tambah kasih bintang saran
1,2025-06-16 03:35:21,sandi dengam catat login ulang
5,2025-06-16 03:25:06,keren dapet temen
4,2025-06-16 03:17:45,tolong baik bug poco x pro tap
5,2025-06-16 01:21:41,bagus si in fitur autentikasi nya make otp email susah lupa make nfc usb external perangkat mohon ni ya
5,2025-06-15 17:46:25,favorit
1,2025-06-15 14:43:06,mikrofon tolong baik
1,2025-06-15 14:02:25,mutu privasi download
5,2025-06-15 13:55:59,bantu main minecraft
5,2025-06-15 13:31:38,bagus
1,2025-06-15 13:29:28,kirim ss tulis failed to send message hold for option udah ngulang kali kali kirim ss tombol kirim
1,2025-06-15 11:51:43,gabisa udah ulang udah coba ta pi gabisa apk bohong huhuhu
2,2025-06-15 06:47:52,account gw log out gw tau passwordnya gw tau passwordnya
1,2025-06-15 06:04:36,bug nya banget ak uda nyalain wifi kali sih jaring stabil jaring ku aj baik dikit cuk
5,2025-06-15 03:26:06,bagus chatting
3,2025-06-15 03:11:31,suka ptah call dc ngebug mulu
4,2025-06-15 02:10:03,fishing masterlumayan bagus ikan sss monster susah banget jk tlng mudah ikan sss monster biar seru bro duel allah kalah jk hilang energi nya main nyaman betah main main ikan sss monster ples ikan sss
5,2025-06-15 01:33:32,gila best komunikasi sih teman xd
1,2025-06-15 00:38:02,notif kasih tag susah jadi nya tolong baik
5,2025-06-14 15:04:32,apk bagus dapetin info dc game youtuber
5,2025-06-14 13:51:54,call an vc share screen bantu banget minus kasih bahasa indonesia ngide ting ting
5,2025-06-14 12:47:24,sulit tetep usaha akun
1,2025-06-14 08:16:49,download pdhl ruang ku luas
1,2025-06-14 03:32:51,akun ribet banget dah
1,2025-06-14 01:49:40,login nya susuh banget
2,2025-06-14 01:46:27,woi apilkas i ya bug pliss baca
2,2025-06-14 00:44:48,notif muncul
1,2025-06-14 00:37:13,bintang apk busuk login email nya udah salin google langsung salah salah pw nya email nya dikatain salah udah salin google account trus tunggu udah hari salah login kali sistem login bg login akun microsoft mudah login discird
3,2025-06-13 17:32:14,sih pas pakai ngebug mulu suka mulu nya anehh
5,2025-06-13 15:08:52,sosial seru
2,2025-06-13 12:08:31,tampil mobile bug nge sort roles voice kadang ngebug fitur lengkap website
5,2025-06-13 11:16:40,temen
4,2025-06-13 09:23:15,kadang telpon bareng temen mati jarang ngebug sih lumayan bagus
3,2025-06-13 08:26:33,pakai coba
1,2025-06-13 06:50:13,cocok jdi log in jam ni si ngerasa aman komunitas nya
5,2025-06-13 06:41:59,serius komunikasi teman server konten kreator berterimakasih developer cipta event event mudah edit profil sesuai selera wa komunikasi suara chat mabar dll beda gamers segitu thanks
5,2025-06-13 03:47:19,baguss jago main gag krna buah nya prismatic smuaa
1,2025-06-13 03:01:21,install
1,2025-06-13 02:27:57,bug nya g
1,2025-06-12 19:35:06,nyusul twitter gagal login loh out lag jaring lancar saing eror gmn
1,2025-06-12 19:07:30,notif udh off bunyi brisik
1,2025-06-12 18:52:08,update kirim foto pdhl udh beli nitro
2,2025-06-12 18:47:52,buka dc selang kirim gambar
5,2025-06-12 17:58:54,bagus banget temen jauhh
5,2025-06-12 16:23:22,bagussss
4,2025-06-12 14:17:12,nya udah bagus tolong bahasa indonesia nya adain plss tambahin orang indo ngerti bahasa negri
1,2025-06-12 13:49:06,dongo login gabisa pas bikin email already registered pdhal
5,2025-06-12 13:29:39,nice sih guna banget inih sih mes suka ngebug sih ya no problem selagi lancar pake tingkatin yak untul nya
1,2025-06-12 11:57:48,udah masukin email nomor wa tetep login
5,2025-06-12 11:33:44,oke mantap
1,2025-06-12 06:51:55,gajelas login muncul captcha tp gbs bs selesaiin lols
1,2025-06-12 04:55:22,login email nomor telpon sandi udah ingat sandi email salah pakai sandi paksa akun
5,2025-06-12 02:34:06,bagus bngt nobar tv cik
1,2025-06-12 02:24:58,buruk notifikasi server masuk muncul panel notifikasi udah gaada udah coba reinstall update nonton tutorial kulakuin please baik notifikasi
1,2025-06-12 01:20:04,ngebug buka chanel eh pindah pindah
5,2025-06-11 22:16:18,guna nya
1,2025-06-11 17:31:07,gajelas pw nya kirim sms tpi gaada ttp gaada tpi pas coba nomor hp sms pas coba kode gabisa gajelas udh pake bbrpa kali nomor bbrp kli tp ttp error tolong developer benerin ya udh coba kali kali gabisa kode error pdhl udh kode masuk mohon banget baik
5,2025-06-11 17:04:34,enak bnget ngegame
1,2025-06-11 15:33:39,verifikasi email udah coba kali pake email beda tetep sandi email nya
3,2025-06-11 15:03:17,mic nya nyambung call server
1,2025-06-11 07:29:44,ubah metode bayar nitro stuck screen
1,2025-06-11 06:34:08,ngak login coy kode verifikasi loh kirim coba waras dikit
5,2025-06-11 06:22:53,baguss bangett
5,2025-06-11 06:19:01,bagus sih fitur kasih
3,2025-06-11 03:52:05,baik bug nya buka layar gelap operasi masuk kali normal gagal authorized akun pubg taut akun login akun pubg baik
1,2025-06-11 03:46:47,parah habis lapor langgar akun ban permanen duduk perkara surel banding jawab nyambung ngaco dah may god repay you all with something worse
5,2025-06-11 03:14:40,bagus kerenn bikin moga sehat berkah
1,2025-06-11 03:10:53,load chat nya kadang suka ngebug
5,2025-06-10 23:34:12,bagus info game
5,2025-06-10 16:12:44,uinya berat smooth tampil ui
3,2025-06-10 14:57:09,tolong baik update force close
5,2025-06-10 14:44:52,asik parah cuy denger lagu ngobrol santai
1,2025-06-10 14:24:54,tolong baik bug ny y
1,2025-06-10 13:02:26,susah loh ribet
1,2025-06-10 10:48:17,kendala susah dipake pas main game pas in game otomatis suara kedengeran tp pas loby udh nyari solusi yt and google ttp susah
1,2025-06-10 09:26:57,bug cari messages cari member notif muncul udah nyalain tagnya baik cuk malas banget tinggal info udah coba kasih bahasa indonesia dongs reng bahasa inggris
5,2025-06-10 04:36:32,ajar teman beda kasih bintang
1,2025-06-10 03:14:39,notifikasi panggil masuk
1,2025-06-10 02:56:32,knp masuk tol
1,2025-06-10 00:43:42,gw abis download hapus kagak login anjg suruh verif gw udh verif kgk masuk ngentd
1,2025-06-09 23:26:09,login susah tarik garis tolong baik min
1,2025-06-09 18:38:33,mini ql qplikasi benerin dah belerrrr apa nge bug kacunggg
1,2025-06-09 17:19:19,susah login
1,2025-06-09 16:03:46,paham bahasa
2,2025-06-09 15:03:24,jelek login akun susah
5,2025-06-09 11:32:18,ulas tolong ya kali join akun bantu kaka coba udah masukin email nama pasword ya butuh arah
1,2025-06-09 11:28:41,notifikasi pop up atur device setting notifikasi server notifikasi akun online jalan latar mobile push notification get notif within and outside notif bantu luar apk mentions everyone kadang jak tu mention nya menit pop up notif nya dah message dimention gada notif samsek jam
1,2025-06-09 09:28:29,main digame castel clash padahl game qu sudh level yawdh dhps total trims smoga peminadx dikit amiin
3,2025-06-09 06:50:24,kasi bintang bagus nitro lai lengkap kurang selesai quest profil you setting quest handphone platform desktop console tambah handphone gitu coba dua gamenya playstore terimakasih questnya
5,2025-06-09 05:32:05,mantap bro
5,2025-06-08 23:29:16,bagus ngobrol teman pokok mantap
5,2025-06-08 21:06:57,keren
1,2025-06-08 20:47:58,tolong verivikasi login nya benerin kode otp udh masuk pas akses kode valid capek bolak trus situ update bnr pusing
1,2025-06-08 19:28:16,login susah kali verify udah verify ngga login ganti sandi susah bolak email ngga
1,2025-06-08 16:23:13,nomor tahan kode lupa password login nomor
1,2025-06-08 15:29:38,bug mana masuk dalam akun tanggap ya hp developer nya mohon koreksi
2,2025-06-08 15:24:08,tolong sedia hapus pesan pribadi terimakasih
3,2025-06-08 13:38:34,bagus sih banget pas main game jaring bagus memo aman batre hp banget tolong ya baik
2,2025-06-08 13:37:07,udah masuin email ku password nya salah capek tau nya pake email biar lupa password email nya pake
3,2025-06-08 12:46:32,tolong notif
1,2025-06-08 11:50:03,tolong perbaikin log ut padah udah verifikasi masukin email pw gilir masukin
1,2025-06-08 11:35:16,susah bet anj login ny
4,2025-06-08 11:25:25,plis optimalin android terkadang udh make entar ngelag ngelag tuh close
1,2025-06-08 11:00:59,gabung server mana apa pas klik taut accept invite loading jreng servernya alias gagal gabung
1,2025-06-08 10:59:26,kasi pasword bener gmailnya pakai nomor telepon tolong baik ya
5,2025-06-08 09:36:15,terima kasih tim jujur hutang karna ibu tinggal chat ku w hilang karna hp nya gaada jujur situ sedih banget chat temu hangat ibu foto hehe terima kasih
2,2025-06-08 07:11:35,gatau emang hp gw udah suport emang nya sempet download android lancar bikin akun ngelag putih gitu yahh sinyal ku g aman banget tetep tolong saran
5,2025-06-08 05:57:35,guna
1,2025-06-08 02:54:08,sulit akun udah pake email email pas udah email pas
5,2025-06-08 01:52:54,ku bagus bagus aj sih ngeleggg
5,2025-06-07 15:58:30,bantu komunikasi
5,2025-06-07 14:56:21,knapa skrang downlod
3,2025-06-07 14:55:09,seru sih dpt temen orang scam tanggap
1,2025-06-07 13:37:16,udh verifikasi ujung fungsi kesal marah karna verifikasi robot tolong baik verifikasi robot
1,2025-06-07 10:16:52,bagus suka pergi kota pake pedati mata hati
5,2025-06-07 08:44:45,yng instal gagal udah rusak y cara lgi hasil instal contoh cari goohle ai sma youtube
1,2025-06-07 06:15:18,gw buka akun
2,2025-06-07 04:39:06,tolong dev gabisa masuk menu utama bug mulu sy ampe uninstall ngaruh tolong
5,2025-06-06 16:53:19,erti coba ajar biar
1,2025-06-06 16:42:48,game fi jalan
5,2025-06-06 15:33:07,bagus ngobrol main game ada rencana buat lite
1,2025-06-06 14:46:55,login aj susa login registered game la
2,2025-06-06 14:05:40,napa dah pake usn akun gosah pake gmail ribet mo bikin gila
1,2025-06-06 12:48:26,apa chat layar hitam isi
5,2025-06-06 11:34:23,bagus sih resend e mailnya
4,2025-06-06 08:24:47,bagus
1,2025-06-06 06:15:43,anj gabisa daftar akun
5,2025-06-06 04:23:59,bikin telp orang bahasa inggris
5,2025-06-06 04:02:53,bagus banget
1,2025-06-06 03:49:36,apk rusak register are you human terus login pakai nomor telepon suruh masukin email pas email invalid
4,2025-06-06 03:05:28,didonwload
5,2025-06-06 02:47:19,terimakasih saran
2,2025-06-05 21:45:08,udah beres udah susah gmail nya tolong ya baik cepat kuat
1,2025-06-05 21:20:09,kaga bahasa indonesia
1,2025-06-05 14:50:59,minus jelek
5,2025-06-05 14:44:34,bagus tp ken nanya knp pake qr code mobile knp windows mobile nggak
4,2025-06-05 13:05:30,download yaa
1,2025-06-05 08:06:25,no indonesian language
5,2025-06-05 07:21:21,senang
1,2025-06-05 07:11:17,log out login ulang sandi email salah nomor kecak sandi baik
5,2025-06-05 05:36:36,bagus ganti whatshapp
5,2025-06-05 05:33:52,bagus banget group chat orang komunikasi orang negeri mantap
5,2025-06-05 05:17:31,bagus main game
3,2025-06-05 03:25:35,ngk verifikasi error
5,2025-06-05 02:45:43,bagus banget suka karna liat update grow a garden
3,2025-06-04 23:21:37,maaf ya claim gift exitlag gift nitro salah atas kasih bintang sih nya bintang
1,2025-06-04 22:56:18,apk gajelas bikin orang overthinking suka tolong benerin bug ya ilangin bugnya bikin nambah beban pikir
5,2025-06-04 21:41:49,senang bagi informasi
1,2025-06-04 19:58:47,telepon dc mati heran gw mah
2,2025-06-04 18:11:03,bug
3,2025-06-04 18:06:31,sebenernya uda bagus tp knapaa klaim gbsa nyebelin jujur yaa
5,2025-06-04 14:08:30,guna banget
1,2025-06-04 13:51:17,bintang nol aneh banget log out akun ngga masalah nomor aman suka log out fine suka log out suruh verify gilir verify gituin email
1,2025-06-04 13:34:08,tiiba akun logout trs coba login gabisa kirim kode sms tpi kode gamasuk masuk saran wa kode
1,2025-06-04 10:55:38,guna kurang jelek
3,2025-06-04 10:47:43,jelek bangett voice chatt huuuu
5,2025-06-04 10:21:54,benerin fitur nambahin no telp invalid no daftar akun dc mana trimakasih smoga baca
1,2025-06-04 10:18:41,verifikasi no telpon susah kode verifikasi otp muncul sms aneh
1,2025-06-04 09:37:13,register susah ribet kode muncul
1,2025-06-04 08:10:19,login stuck loading screen instal ulang fc
5,2025-06-04 04:59:56,baik slow
5,2025-06-04 04:56:43,lita jasa teman mabar baik
2,2025-06-04 00:38:01,pas login fc stuck loading screen udah coba install ulang tetep login
5,2025-06-04 00:05:04,seruh
5,2025-06-03 20:14:34,bagus banget
1,2025-06-03 17:04:50,rekomendasi error mulu
1,2025-06-03 16:45:50,login register bagus google join grow a garden jelek unistal gjlas
1,2025-06-03 16:41:35,ngelag banget patah patah hp gua pas voice temen pas voice lancar fps nya drop pas voice drop hadeh tolong yah baik gitu biar enak
1,2025-06-03 15:10:22,duit aing paling si bgst
3,2025-06-03 13:31:09,login nya susah cok
4,2025-06-03 11:20:26,nya bagus ad bahasa indonesia update tambahin bahasa ny
1,2025-06-03 11:04:52,sampah long pasorw nya udah bener
1,2025-06-03 10:58:50,login verify your pasword padah pasword gmail salah niat bikin sih
1,2025-06-03 10:01:24,mal pas joinnya mudhin adek sampe bundir gara gara join
1,2025-06-03 09:32:23,verifikasi emainyal ribet udah bolak kelar kelar login susah banget suruh verifikasi mulu tp login
1,2025-06-03 09:19:03,semenjak update lelet banget engga contoh pas pencet thread delay banget ampe detik kadang buka bikin emosi relog
5,2025-06-03 08:33:05,asikkk banget main ama teman
1,2025-06-03 07:56:13,atur
1,2025-06-03 07:39:58,abis update ngefrez mulu gabisa dipake kerja
1,2025-06-03 05:48:03,kocak sandi bilang salah kocakk
5,2025-06-02 22:59:14,orang nya ramah
3,2025-06-02 20:30:07,langsung to the point suka fitur crop handphone sulit kendali potong gambar miring rapih tolong ganti fitur crop mudah
1,2025-06-02 19:29:02,bagua ya bagus login oy password bener email dah bener salah udah coba kali kali kek akun satu ngebug gabisa masukin discordnya cek email verify biar punya kadaluarsa ya coba suruh cek email cuman lihat ngirim cek email verify biar mohon baik login cok
2,2025-06-02 14:23:34,bagus login reset login
1,2025-06-02 14:01:52,email verifikasi ulang x
1,2025-06-02 12:05:35,udah males gua
5,2025-06-02 10:31:39,yapping
5,2025-06-02 07:19:54,terimakasih
3,2025-06-02 04:25:24,bagus apk
1,2025-06-02 04:21:04,jelek banget login tau knp udah login kali kali tetep
1,2025-06-02 02:49:09,banget ken mencet verifikasi sengaja pencet login ulang males banget
1,2025-06-01 23:10:11,sedia bahasa indonesia
5,2025-06-01 22:37:49,keren apk bagus
5,2025-06-01 19:41:47,legendary
1,2025-06-01 18:36:14,susah pesan susah join server sederhana
5,2025-06-01 15:32:41,bagus suka bug dikit
1,2025-06-01 14:43:23,gabisa login sinyal bagus kode kirim nomor bener
5,2025-06-01 13:41:18,bagus
5,2025-06-01 13:29:00,bikin hati ku senang
5,2025-06-01 12:59:58,bagus pokok nya
2,2025-06-01 12:49:55,sedia bahasa indonesia atur
1,2025-06-01 12:39:38,karna memperivikasi email
5,2025-06-01 10:23:10,overall bagus kadang mo login susah dikit
1,2025-06-01 08:38:29,nya lambat kali kali nyoba masukin link server masuk masuk layar utama mulu
1,2025-06-01 07:17:35,masuk nya isi silend coba diunninstal download tetep ngebug
5,2025-06-01 05:01:21,bagus duit cepat mabar orang orang hebat seruuuu
1,2025-06-01 04:28:47,gada ya balikin akun ilang gara gara code fa
5,2025-06-01 04:13:44,bagus banget apk nyaa on mic roblox
1,2025-06-01 01:03:23,gimana masuk akun aplikasianya salalu valid tololng baik udah baik kasih reting
4,2025-05-31 23:50:46,bagus cuman pas coba log in udah bener udah coba log in kali harap log in
1,2025-05-31 22:06:11,gabung server coba gabung server gagal link undang kadaluwarsa verifikasi manusia tolong baik
1,2025-05-31 17:11:41,apk tolol duit gw sedot k gegara nih apk
1,2025-05-31 15:55:35,leave server susah banget udh pencet trs login verifikasi email pdhl udh daftar pakai no hp bug nya benerin dehhhh
1,2025-05-31 15:10:34,suruh ganti akun akun ku kenapa
5,2025-05-31 15:01:11,muas
1,2025-05-31 13:47:23,buruk lupa password kecewa
4,2025-05-31 13:42:59,tolong login no hand phone baik takdak muncul notif sms
5,2025-05-31 13:20:41,bagusss
1,2025-05-31 13:10:48,tolong login no handphone baik
5,2025-05-31 12:38:25,mantap tobrut
1,2025-05-31 12:23:27,susah login eror buat akun tolong solusi
5,2025-05-31 12:08:10,oke bagus terimakasih
3,2025-05-31 11:22:06,login suruh verif akun nya aneh akun kehack
4,2025-05-31 10:34:24,tolong baik bug alami bugnya pental voice main game buka apk
1,2025-05-31 10:09:38,bug akun login akun
5,2025-05-31 07:21:21,fiturnya bagus mudah tambahin fitur translate mudah jalur komunikasi teman beda bahasa
1,2025-05-31 06:30:42,gw udah verifikasi masuk tolong baik
2,2025-05-31 04:26:28,bagus sih bagus butuh verifycation required bikin kesal tolong verifycation required ok
1,2025-05-31 03:47:43,boong buang jgan download menuhin memory hp
1,2025-05-31 03:35:25,login akun banget jam masuk masuk download ulang tetep
5,2025-05-31 02:56:43,lumayan b
3,2025-05-31 02:38:32,udah bagus pas gw nak masuk discordnya grow a garden suruh login pas gw masukin gmail sandi salah gw ganti sandi salah
4,2025-05-30 21:44:14,lumayan
3,2025-05-30 17:56:20,ngebug tba gajelas loading trus jaring super kenceing loading chat tlfon smua masuk
3,2025-05-30 17:40:48,developer tolong bahasa indonesia terjemah otomatis
1,2025-05-30 17:39:46,pake apl nyaa banget voice teman teman
3,2025-05-30 17:18:42,mohon bug voice chat pakai difix ya menang bug difix ya
5,2025-05-30 17:12:32,kali coba login gagal jaring lancar stabil kode verifikasi kirim link kadang link nya buka halaman putih blank tolong sedia opsi otp sms autentikasi biar mudah akses akun
1,2025-05-30 16:08:56,dowload ya sinyal bagus
1,2025-05-30 14:09:08,pakek apk in kyk test tni
4,2025-05-30 13:53:12,ya haha komen manfaat sorr dah bagus bilang ya ya good
1,2025-05-30 12:48:06,eh ni gue bkin akun gabisa mau si gue udaa masukin email nomor sandi bener gbsa msuk suruh nempelin gambar eskrim pepek lo
5,2025-05-30 12:44:01,bug faktor malam temen gabisa masuk voice room kayak ngebug tolong admin baik ya bug nya
5,2025-05-30 10:47:18,informasi
1,2025-05-30 08:51:51,sayang bahasa indonesia
1,2025-05-30 05:37:46,udah gw kirim no wa gw tunggu minggu ad code kirim verify your number tolong ngirim code nya
1,2025-05-30 05:25:07,ribet banget dah ds dikit dikit verif
1,2025-05-30 04:36:25,jelek pngen login susah banget udah masukin email password bener tulis invalid
1,2025-05-30 01:44:06,sumpah saran download nya jelek login akun udah akun kali gagal login kasi jelek
5,2025-05-30 01:40:27,guna
5,2025-05-29 18:23:03,teman
3,2025-05-29 17:21:18,makasih ulas cepat responnya sengaja bikin akun email karna akun test pikir akun log out kendali harap reset perangkat instal ulang masukin email sandi masuk akun
5,2025-05-29 17:13:22,saran kasih bahasa indonesia mudah mula trs sih obrol registrasi
1,2025-05-29 15:24:12,delay mnyt
1,2025-05-29 13:17:36,download gagal mulu hp memori sinyal bagus play store update gagal trs sih ngulang bruh tolong develop ngehapus bug bug g hilang mohon ya develop yaaaaa kasih rate udah dibilangin bug nya ya
5,2025-05-29 11:47:45,bug nya mohon baik
5,2025-05-29 09:07:37,bagus banget main roblox
5,2025-05-29 09:06:11,cocok ngobrol sharing komunitas
1,2025-05-29 07:23:12,ajar verifikasi ny password ganti
5,2025-05-29 07:05:31,bagus banget gw gamer minecraft bantu apk mabar jarak nggak masah pokok
5,2025-05-29 05:24:24,bantu mula ajar asset crypto
5,2025-05-29 04:59:33,ok bagus
2,2025-05-29 04:04:35,notifikasi role mention tolong solusi penting pribadi
5,2025-05-29 03:52:57,bantu komunitas
1,2025-05-29 00:10:05,hapus masuk login
1,2025-05-28 23:01:35,jelek log in suruh nomor telepon karna bocil pakai nya
5,2025-05-28 17:13:18,orang serius kembang
5,2025-05-28 15:38:57,okk reqomen nonton donghua anime
5,2025-05-28 14:08:49,kesan emg kek apk ijo enak jir nyari temen gampang poko manteb dah btw nitronya diskon min
5,2025-05-28 13:17:40,perfect karna hilang akun akun join grup orang pakai double counter maka akun
5,2025-05-28 12:36:39,bagus banget ngobrol
5,2025-05-28 11:55:05,baguss syaa jdii server server roblox lainn nyaa
3,2025-05-28 10:34:58,plis login
3,2025-05-28 07:04:13,sih bagus lupa sandi kasih
3,2025-05-28 04:34:20,
5,2025-05-27 23:07:02,anda nya translate
1,2025-05-27 22:25:33,log in susah mending hapus play store apa
1,2025-05-27 17:22:11,kaga login email udh pw nya kaga apk nya
1,2025-05-27 15:14:16,ni apk bhs indonesia ny gsih
1,2025-05-27 13:40:45,login susahhhhh
1,2025-05-27 13:31:06,baik apk nya telpon dc pas masuk game mati telpon nya gimana sih benerin gabisa main telpon gara gara mati
3,2025-05-27 12:55:51,akun gue banned
5,2025-05-27 09:46:41,tolong bug nya baik masuk dc teman
5,2025-05-27 09:08:40,salah baik user friendly ringan fungsional
1,2025-05-27 07:52:46,susah join email passwordnya susah coba puluh kali
5,2025-05-27 04:32:25,isi yapping dawg
5,2025-05-26 23:37:45,developer tolong tambah bahasa indonesia dalam banyak guna indonesia imbas game the ants
5,2025-05-26 18:44:45,bantu
3,2025-05-26 12:58:51,kasih reting karna kode verifikasi nya
5,2025-05-26 12:09:43,apk karna seruh
5,2025-05-26 10:56:36,semangat cuan
1,2025-05-26 08:06:54,login susah bodoh
3,2025-05-26 08:03:11,kadang suka bug suara lag
5,2025-05-26 07:12:44,bagus bet jir
1,2025-05-26 06:43:45,gabisa masuk akun
2,2025-05-26 06:31:21,akibat donglot pas chat global tukeran akun eh hack orang sial banget donlot orang riper
1,2025-05-26 06:08:03,gabisa register load bgtt udh instal ulang jugak
1,2025-05-26 05:45:51,bahasa indonesia sih
1,2025-05-26 04:12:46,jelek gw udah masukin email pw nya udh bener salahin emang aneh apk
2,2025-05-26 03:25:48,eror eror ya
1,2025-05-26 02:18:18,lot respon bot mohon baik
1,2025-05-26 01:04:03,masuk akun mohon benar
5,2025-05-25 20:13:26,bagus cocok mabar temen
3,2025-05-25 15:50:48,tolong benar bug voice chat main game ngapa ngapain frustasi atur atur tolong benar ya
1,2025-05-25 14:51:17,akun kagak terima
5,2025-05-25 14:41:44,gw main teman
5,2025-05-25 13:35:03,bantu betkomunikasi jarak layak nya whatsap
2,2025-05-25 13:26:35,nyaman on mic main game seringkali putus rusak alam main game
5,2025-05-25 12:28:03,udah bagus tolong tambah bahasa indonesia please
1,2025-05-25 12:26:10,tolong baik server pas profil lambat banget pencet ganti profil settings tolong baik developer
3,2025-05-25 11:50:56,halo tim verifikasi verifikasi robot cocok gambar pasu gambar terima kasih
5,2025-05-25 10:58:06,gw kasi boost anjay
1,2025-05-25 10:17:17,apa dikit dikit ban salah spam loh
5,2025-05-25 08:28:59,bagusss obrol teman
1,2025-05-25 07:04:18,daftar lasung
1,2025-05-25 06:35:40,paksa hapus download bug stuck masuk ngapa in ayo fix
1,2025-05-25 06:33:24,masuk discordnya udah dilakuin suruh
1,2025-05-25 04:04:28,rasa bikin apk nya pecat deh ush bikin gin bnyk bngt bug nya mati sih kt ku
1,2025-05-25 03:50:02,udah verivikasi kode email tulis invalid nih apk dah login tolong baik teliti
4,2025-05-25 03:13:15,suka susah daftar bagus
1,2025-05-25 00:00:46,curi ya sistem panjang langgan otomatis ikat bayar metode dana ovo bayar paksa konfirmasi bayar ovo curi curi nama paksa biaya langgan dana ikat bayar ovo beli konfirmasi tuju lanjut beli langgan
4,2025-05-24 17:43:54,ngebug g angka negara g muncul
5,2025-05-24 17:07:49,bagus nal main
1,2025-05-24 15:33:44,bagus loginnya hilang akun kali login akun tolong la baik
5,2025-05-24 14:50:58,hai buat opsi pindah data memori eksternal baik
1,2025-05-24 14:17:02,kadang suara ngebug
3,2025-05-24 12:19:59,dukung bahasa translate indonesia
5,2025-05-24 11:30:03,keren dah
1,2025-05-24 10:53:03,login erorr udah masukin password bener ttp invalid tolong fix udh bener tpi mash invalid
5,2025-05-24 10:38:29,nilai
1,2025-05-24 09:54:30,tolong ya cuman pas login verifikasi email susah nya ampun udah change password login verifikasi bug dm email nya tetep verif note logout hapus stop ngasih link link tutorial sampah kayak gitu ken jelas isu password nya udah kesimpen kasi link tutorial kayak gitu coba kasih saran ya logis linkbullshit gitu
1,2025-05-24 09:07:49,buka sabtu mei jam
1,2025-05-24 07:50:51,mantap ngotak iya suruh masukin email udah pas valid vrifikasi gmail verifikasi masukin email dasar masuk akal susah chat salur masukin email chat doang tolong devoleper apk bagus kayak gin bingungin bahasa indonesia aduh pening cui saran gua ribet dah
3,2025-05-24 07:42:24,login ngebug
5,2025-05-24 07:39:42,apk jernih
1,2025-05-24 06:53:06,ganti foto profil aneh banget
4,2025-05-24 06:52:22,kerja bagus doscord a issues server butuh jam
1,2025-05-24 06:47:30,buka gaktau udah
5,2025-05-24 06:44:03,buka ya
5,2025-05-24 06:20:54,ui interface tampil jelek banget bagus
5,2025-05-24 06:07:34,mantul
1,2025-05-24 05:46:02,bah aji bau banget develpoef mabuk ayaka tau
2,2025-05-24 05:27:59,nameplate shop mobile langsung malas kirim umpan cs
1,2025-05-24 05:27:05,log in register udah kali log in tetep invalid hadeh
1,2025-05-24 05:26:05,bug gabisa login buffering suara room dengar dam bicara
1,2025-05-24 04:46:38,keluh login buka layar ubah redup ad sentuh tolong ya mohon bantu
5,2025-05-24 04:35:21,kasih bintang karna didc kenang mantan
1,2025-05-24 04:22:35,daftar sue banget nomor sue kirim ya dsn email umur ya cuman tombol cancel download
1,2025-05-24 03:26:12,gampang nge lag henti
5,2025-05-24 01:20:09,bagus banget chat liat stock main roblox notifnya
3,2025-05-23 16:12:56,mohon maaf ngestuck ya buka pesan teman ngestuck gimana tolong developer
5,2025-05-23 16:01:33,adain bahasa indonesia min bingung bahasa indonesia
3,2025-05-23 15:59:25,apk aneh login nya susah banget jir
5,2025-05-23 14:35:23,chatting call an tiap bug mana screen kadang kadang ngefreeze please fix bug
5,2025-05-23 13:53:56,ok
5,2025-05-23 12:46:16,bagus
5,2025-05-23 12:37:45,halo developer tolong depan update bahasa indonesia karna minim bahasa asing
1,2025-05-23 08:22:30,gajelas udh dri server masuk server ktnya udh masuk tpi muncul chatnya udah ulang jga gbsa kesel bgttt klw ksi sumpah baik ya bug nya udh dri kmaren pas dcoba lgi msi gbsa
5,2025-05-23 07:32:18,bagus lancar hp
3,2025-05-23 06:57:13,alami bug mati mudic
1,2025-05-23 06:00:46,apk gw manusia robot udah bener nyusun gambar salahin
1,2025-05-23 00:00:40,bug njjj
4,2025-05-22 23:14:40,bagus ku sih masukin youtuber gimana
5,2025-05-22 14:11:03,bagus suka makan memori saran versi lite nya
1,2025-05-22 13:52:42,ganggu login are you human gitu gua kasih reting katain are you human
4,2025-05-22 12:48:49,bagus alam nya orang toxic tolong fitur bann orang toxic tipu rundung
5,2025-05-22 12:48:10,bagus voice gampang mabarnya
2,2025-05-22 12:38:09,ya akun ku hilang sengaja
5,2025-05-22 12:16:20,bahasa indonesia nya
1,2025-05-22 09:00:05,login ribet kocak
1,2025-05-22 07:59:14,login pake tutorial
3,2025-05-22 07:27:22,aduh sih verifiy your email ngeselin udah gitu baik pencet login utama udah gitu susah login nya tolong baik akun utama pulih akun utama cepat
4,2025-05-22 06:49:33,bagus sih bug masuk server dah pencet im not robot masuk server nya langsung kick
3,2025-05-22 06:44:55,tolong tambah bahasa indonesia
5,2025-05-22 06:04:25,lumayan hibur
5,2025-05-22 05:28:46,bagus
1,2025-05-22 04:30:43,hey join link roblox bintang join nya kali kali hapus donlwoad mohon baik
1,2025-05-22 02:25:07,suruh pergi star mulu
5,2025-05-21 23:14:34,guna ngobrol
5,2025-05-21 14:58:00,mantap mudah paham
4,2025-05-21 14:36:42,coba komentar susul
5,2025-05-21 13:32:58,apk bagus cuman ui nya ribet
5,2025-05-21 13:25:35,pake hp
1,2025-05-21 09:58:31,apk nya jelek masuk nya pake no telphon imel susah bagus lita diskord mah jelek gua taruh bintang
1,2025-05-21 07:03:53,grup museum iklan indonesia verifikasi nomor kode digit
4,2025-05-21 05:38:01,bagus gw masuk grup muncul
2,2025-05-21 05:00:06,saata gabung server are you not robot hasil gabung detik langsung tifdak join pental mohon dijawabya
1,2025-05-21 03:45:20,optimal android force closed lambat chat chat server server tolong optimal ui ux android
5,2025-05-21 02:03:09,enak pakai
1,2025-05-21 01:25:29,suka ngebug udh masuk akun tiba anjjj
1,2025-05-20 17:04:23,login karena ultra rare error tolong baik ya
1,2025-05-20 16:10:26,apk gajelas ya udah masukin sandi nya bilang sandi nya pakai pas pake angka ku pikir susah susah kaya tanggal ulang pake akun google langsung pake sandi bener salah mending donlod sumpah bikin darah bikin emosi gua udah dapet mood mood gegara apk daftar akun susah ribet mending hapus playstore bikin repot apk gajelas mending donlod gess
1,2025-05-20 13:20:25,bug login password
5,2025-05-20 10:40:58,anjay mabar
5,2025-05-20 10:00:55,moga kembang
5,2025-05-20 09:16:07,bagus dah nih apk tolong bahasa indonesia pakai nya ngak pandai bahasa inggris moga baca
4,2025-05-20 09:04:40,kadang jalan latar
5,2025-05-20 06:29:14,bagus temu orang orang kenal
3,2025-05-20 05:02:09,make applikasi nya
4,2025-05-19 23:29:43,notifikasi nya terkadang masuk mic nya kadang kadang ngebug
1,2025-05-19 13:17:37,ribet byk bug
1,2025-05-19 13:01:04,gw verify gw dh pencet resend email tpi inbox gw
5,2025-05-19 12:20:24,update pc kadang gada suara relog ulang call sad sih
5,2025-05-19 10:46:53,mantap dapet cewek cocok teman teman jomblo
1,2025-05-19 10:20:33,masyaallah bagus keren anak hasil uang bintang bagus
2,2025-05-19 10:00:32,gimana ngebug gimana dc nya mati idup mati idup hp
1,2025-05-19 09:05:33,log out mencet log out trus pas masukin password bilang invalid
1,2025-05-19 07:37:28,
1,2025-05-19 07:33:13,sulit hidup masuk susah loginnya trus panggil suara dipakek mabar disconec menit dah disconec bener bener ampas
1,2025-05-19 06:49:27,masuk link bikin sulit
1,2025-05-19 06:02:56,login doang susah nya ampun udah login suruh login udah verifikasi macem tetep suruh login sampe bikin akun
1,2025-05-18 22:51:35,join server org udh kasih link udh confirm robot tetep
1,2025-05-18 17:05:48,buka akun karna tulis verifikasi phone nomor daftar gmail selau salah nomor hp nya pls delete this apk in playstore curi data
1,2025-05-18 16:15:26,apk ko gw login salah mulu ya
5,2025-05-18 11:48:33,rekomendasi orang
1,2025-05-18 11:18:08,log out sebentar masuk nomor hape loh
1,2025-05-18 09:42:53,akun hilang aktifitas
5,2025-05-18 09:09:19,bagus roleplay
2,2025-05-18 08:33:29,temu bug pas join invite grup log out nya akun login akun putus nya pilih tanggal lahir tombol selesai pilih nya ngebug alhasil bikin coba rotasi hp mohon baik
1,2025-05-18 07:47:30,min log in akun ku pas registar karna email ku cuman password ku bener salah tolong baik min nya mula tolong min
5,2025-05-18 07:45:36,bagus
5,2025-05-18 06:23:27,tinggal menit udah gb jir
4,2025-05-18 05:01:29,ngebug dikit
1,2025-05-18 04:40:44,gajelas bangat data login dh simpen google masuk restart udh nyoba komputer nyimpen data akun bisaaa coba forgot password masuk akun baruuu tau akun ituu
3,2025-05-18 03:20:12,dengerin lagu iklan suka otomatis room nya tolong ya
2,2025-05-17 17:02:55,versi susah masukin lag banget
5,2025-05-17 15:29:02,lancar bug mantap
1,2025-05-17 14:50:46,verifikasi bot orang bodoh
5,2025-05-17 14:28:02,min akun ku hack nih tolong hapus takut maybe contactnya
4,2025-05-17 13:26:41,tolong betul bug verify number
2,2025-05-17 12:46:54,discordnya suka ngelag udah pake wifi jaring bagus kadang suka apk
1,2025-05-17 12:20:13,lu ngasih trial nitro minggu niat yakali tu nitro dah hilang
1,2025-05-17 11:19:56,ganti psswordnya eh tau masuk masuk emang terima password google chrome
5,2025-05-17 10:00:13,terimakasih indah memori bsf kuuu
5,2025-05-17 07:41:23,teman
5,2025-05-17 04:04:43,gantenga
1,2025-05-17 02:04:29,samoah notifikasi dah mentions notif tinggal seed bagus
1,2025-05-16 15:13:54,macos sharescreen suka freeze aneh banget device macbook pro m sorry feedback gatau web nya gimana
5,2025-05-16 13:33:03,bantu aktivitas
4,2025-05-16 10:44:57,bagus cuman ya sih kayak contoh pasang bahasa indonesia yaaaaa
1,2025-05-16 09:56:40,no indonesian language
4,2025-05-16 09:22:28,ya lumayan bagus beli premium mahal
3,2025-05-16 08:33:36,benerin tuh mobile questnya suruh mode desktop questnya
1,2025-05-16 07:29:04,susah login jing
1,2025-05-16 06:42:41,download apk ribet login nya kayak daftar presiden
1,2025-05-16 06:39:39,masuk laku
5,2025-05-16 06:25:36,terimakasih nyaring suara berisik ai lopyu developer sehat sehat dah
1,2025-05-16 06:09:10,login kocak du baik
1,2025-05-16 05:11:11,udah bikin pasword dah menit salah tolong baik muak apk
1,2025-05-16 05:08:12,bikin akun
5,2025-05-16 03:11:12,udah bagus ditambahin fitur bikin story status gitu biar bagus nunjukin musik suka profile kaya ig facebook
1,2025-05-15 14:22:44,semenjak ganti petinggi buruk voice tws connect mic udah ganti tws login pakai hp join voice pake role akun update g tau update
1,2025-05-15 12:35:39,nya nge load macet wifi lancar normal load dicordnya tolong diperbaikin
1,2025-05-15 12:26:22,trial jalan udah bikin biling tagih gmail gaada kasih notif hasil gabisa refund billing nya tahun rebu gin dah
1,2025-05-15 12:09:48,pasu email email masuk ya
3,2025-05-15 10:31:57,join server kesal
5,2025-05-15 10:05:13,mohon admin language bahasa bahasa indonesia terima kasih
5,2025-05-15 05:11:36,cocok ngobrol bareng teman
1,2025-05-15 04:14:16,are you human what for i m human pake udh langgan pdhl gitu mulu is that a bug it s annoying i m sorry i uninstall thanks
5,2025-05-15 03:46:34,ibu kenang temen online sibuk haha
1,2025-05-15 03:46:27,rusak rusak gw pake hp pas call kirim hp doang pdhl akun gilir gw spam log out hp g pdhl gw nya call hp gw gw log out hp gw g gilir call kirim hp trus kek gw basbi wa mudah mek tinggal panggil udh ber
1,2025-05-14 18:04:21,gabisa login akun
5,2025-05-14 16:59:35,suka krn bagus gamenya
1,2025-05-14 16:29:34,mendo i aman mbulet
1,2025-05-14 13:24:20,kadang notif tinggal info
1,2025-05-14 12:51:04,ahhhhhhhhhhh masuk grup game suruh veri pas udah veri pesan nya masuk gg banged
1,2025-05-14 12:25:59,enak banget udh link masuk gimana sih
1,2025-05-14 12:15:00,akun tolak terus login tanya robot manusia robot bug aneh update
5,2025-05-14 10:28:11,bagus sih bagus
3,2025-05-14 09:30:17,error mesage failed to load rugi
4,2025-05-14 02:16:14,nomor gw udh ditautin acc pas cek ngga gmna
3,2025-05-13 19:24:50,tolong tambah fitur auto translate teman teman ku banyak bahasa prancis repot terjemah kalimat
1,2025-05-13 17:54:10,rusak ni dc gw verifikasi
2,2025-05-13 17:04:25,sedia bahasa indonesia orang indonesia pakai
1,2025-05-13 13:15:52,nomor telepon kga loginin kepake first akun pdhal
1,2025-05-13 11:48:06,dongo udah masuk akun gmail verifikasi password nya not match akun password ngatur bego
3,2025-05-13 11:10:29,tolong share screen nya baik lag kadang suara terimakasih kerjasamanya
5,2025-05-13 10:34:34,asik jangkau
1,2025-05-13 10:15:16,nih daftar emang jelek download daftar
2,2025-05-13 08:43:49,ganggu cuman santai vc akun log out paksa mohon jelas
3,2025-05-13 08:05:06,unduh unduh password coba login password nya email
4,2025-05-13 07:55:27,baguss suara
4,2025-05-13 07:42:51,keren bang dis
1,2025-05-13 07:02:43,kode verifikasi nomor muncul cek ganti password macth udah nyoba ulang hati konyol tampil sandi tau emang macth emang jelek
5,2025-05-13 04:48:23,mantaf
1,2025-05-13 04:00:43,persetan verifikasi gw muak udah bener gagal nggak kirim kode nya g mail sih verifikasi udah apk banyak verifikasi udah bener salah tolong baik tambahin bintang nya
1,2025-05-12 19:41:42,register pas pake email gabisa trus pake nomor kode veriv nya masuk gmn sih
1,2025-05-12 19:41:08,download udah ditanyain robot pas join server gabisa masuk
2,2025-05-12 17:03:18,login sandi tolong mudah
1,2025-05-12 16:56:16,susah ya bikin password nya udah masukin password salah masukin password salah nya kayak gimana emang password nya gimana puluh menit bikin password hasil muak gitu nya orang muak masukin password terima bikin rumit nya kayak gimana bikini password hidup jokowi gitu
1,2025-05-12 12:25:52,masuk pdahal uda daftar susah banget jir
2,2025-05-12 12:11:39,bahasa indonsia biar mudah mengrti trimakasih
3,2025-05-12 11:52:38,sukar kak login
1,2025-05-12 06:00:36,tolong maks membernya bayak
1,2025-05-12 05:23:59,pls napa pas gw verify email kirim verify email pls
5,2025-05-12 03:46:16,woilah kereta jes gejes gejes jir
5,2025-05-12 02:30:02,seru kirim pesan
1,2025-05-12 02:13:11,gaje suka mati pecah belah salam sehat
5,2025-05-11 19:00:46,erpeh san smp guna cuy
1,2025-05-11 13:00:55,tolong baik bug mana kali notifikasi nya nyala mati ulang ulang mohon baik bug nya
4,2025-05-11 11:33:49,nggak guna guna
5,2025-05-11 11:09:37,suka bentuk relasi teman negri negri harap bug versi android baik lega susah orang khusus guna mobile susah
3,2025-05-11 10:49:53,coba roblox minecraft overall sih bagus cuman mohon baik stabil mohon kembang
4,2025-05-11 10:26:36,notif discorndnya
5,2025-05-11 09:42:52,bagus
1,2025-05-11 07:40:59,jelass update force close
1,2025-05-11 07:14:13,register tolong bantu terimakasih
3,2025-05-11 06:20:48,tolong tambah bahasa indonesia
5,2025-05-11 04:07:38,bagus tarik admin guild tag server versi beta
1,2025-05-11 02:31:59,kaya anjim verivikasi
1,2025-05-11 01:48:14,kasih bintang karna apk bagussssss rem
2,2025-05-11 00:49:07,apa login akun dah apk error nhe bikin emosi doang
5,2025-05-10 23:57:27,seru enak
5,2025-05-10 23:21:32,mantap sih
5,2025-05-10 23:00:54,login ya susah bagus
2,2025-05-10 18:47:14,sms muncul pas log in pas register cpt bug
5,2025-05-10 16:57:16,bagus
1,2025-05-10 13:30:23,masuk kali kali coba resigter salah login salah serba salah bikin bener dsr tohapox
1,2025-05-10 11:27:21,jelek login error bikin
5,2025-05-10 11:18:01,bagus keren suka
3,2025-05-10 11:12:36,teman veritivikasi nomor telepon mohon baik bugnya
1,2025-05-10 10:20:24,versi lag sulit pakai contoh search channel has video pas klik bawa riwayat chatnya enak bawa riwayat chatnya udah play video mudah nyari video ribet liatin chat atas udah dipake
1,2025-05-10 09:45:08,dc ya sebut bug tinggal pasu password email pake hp registrasi password email ulang daftar pasu data email nomor telepon nyata daftar login apa daya password salah email salah dc dc apl bug
5,2025-05-10 08:16:55,ken epep beta
5,2025-05-10 07:48:22,cocok banget chattan temen nyari trade game mabar
5,2025-05-10 06:54:54,overall okey banget dri alam penguna beli dll dh saran tambah bahasa indonesia sulit anti profil bahasa inggris atur bahasa ingris tambah fitur nameplates serta beli nya
5,2025-05-10 06:15:06,gamenya bagus ya login bikin akun langsung verivikasi add temen banyak verivikasi langsung verivikasi emang bug gimana ya bug tolong baik ya
1,2025-05-10 05:51:00,gabisa regist verifikasi email kalua ku rating bintang
1,2025-05-10 03:51:26,akun masuk email sandi
1,2025-05-10 00:22:31,buruk log in
1,2025-05-09 23:31:16,nih apk login sinyal g
3,2025-05-09 15:14:09,woiii dipake enak mas lancar jaya gacor bahana tp kesini kesini aga bututtt suara ditemenku putus putus suaraaa benerin aduh riweh banget mabar tbtb suara
4,2025-05-09 14:57:14,bagus komunikasi main suara nya bagus bikin ngelag daftar nya ribet
2,2025-05-09 14:29:08,yehh log in ya pdhl pw n email nya udh bener device log in bisa tuh knp mobile kaga kocak udh kali coba tetep gimana si
3,2025-05-09 14:25:58,seru ribet verify nya
5,2025-05-09 10:14:16,makasih downold delta
1,2025-05-09 06:22:52,sih pas voice play spotify suara gw tenggelam atlantis trus kali habis sharing screen tanggap
2,2025-05-09 01:27:51,update aneh nih apk suka tantrum pas buka suka mencet ngetik tantrum nya tolong suka ngetik suka mencet channel random
1,2025-05-08 19:34:44,datang mohan bantu
1,2025-05-08 15:36:17,install apk lancar
1,2025-05-08 14:51:22,nggak login gmail ku udah bener sandi udah bener kagak yaudah gua hapus lagi
1,2025-05-08 13:47:09,ribet banget loginnya pake change email
1,2025-05-08 13:00:32,karna gua unable to register gua kasih bintang karna gua register
3,2025-05-08 11:56:10,udh bagus notifikasi doang pr nya gw ikutin sesuai log out other devices reset password dll tetep notifikasi engga muncul layar tolong baik appnya kesel
1,2025-05-08 11:43:43,klik link server loading nya njer
2,2025-05-08 10:49:51,mohon sign in ganti hp to gbs email pakai gabisa masuk
2,2025-05-08 10:43:46,ufdate gabisa buka fore close aneh
3,2025-05-08 10:43:38,kecewa ban bot rubensim jaga platfrom
1,2025-05-08 09:18:43,notifikasi coba notifikasi
5,2025-05-08 09:13:48,bagus bug tolong baik yah development kasih bintang
1,2025-05-08 08:59:14,tolong login nya ngelag sinyal pas coba login pas login pakai akun satu tulis gin you are being blocked from accessing our api temporarily due to exceeding our rate limits tolong nggak ngelakuin aneh
3,2025-05-08 08:25:06,nya asli bagus voice chat tolong kadang mic nya dengar nya kadang dengar pas main game kecewa tolong benar
1,2025-05-08 01:23:13,susah
2,2025-05-07 20:20:54,apk gajelas bikin
1,2025-05-07 20:03:07,sulit register gagal password nya gmn bingung
1,2025-05-07 19:32:11,gw benci sistem aman verifikasi aman buat sulit masuk gw verifikasi pasuk server tolong baik
1,2025-05-07 15:43:20,verifikasi email ribet kli benerin kocak ngeribetin orang gaje
5,2025-05-07 13:55:13,cocok cari kawan
4,2025-05-07 10:12:46,ahirnya join fajrul fx
5,2025-05-07 09:55:19,bagus mohon tambah bahasa indonesia mudah paham guna paham bahasa inggris repot terimakasih
1,2025-05-07 09:31:59,login akun error sinyal ku kah speed nya kenceng tolong baik bug nya
5,2025-05-07 07:30:04,daftar paytren bisnis
5,2025-05-07 06:32:35,cari relasi udah
1,2025-05-07 05:47:58,verification code nya baik
1,2025-05-07 04:28:24,tolong tambah bahasa indonesia user indonesia pakai
5,2025-05-07 00:08:07,bantu developer kembang game mobile
1,2025-05-06 19:11:46,akun pas ultra rare error tolong baik live stream teman
1,2025-05-06 18:36:20,buka henti
2,2025-05-06 14:40:18,akun
1,2025-05-06 12:51:06,permisi apk hp stuck logo warna abu tolong bantu
4,2025-05-06 04:51:35,profile picture
1,2025-05-06 04:38:26,login akun tolong baik i
1,2025-05-05 15:00:52,daftar susah kali
1,2025-05-05 14:13:01,rumit kaya
1,2025-05-05 10:34:34,fitur application pending emang bagus susah orang masuk server fitur nya bagus cegah akun bot akun hack orang susah masuk nya tolong mudah gw masuk server susah mudah kah min gw pake dc dah bikin akun si limit wkww
3,2025-05-05 09:53:13,chat hilang waktu kirim coba
5,2025-05-05 08:07:18,ehem bagus mantap
3,2025-05-05 07:07:01,bagus sih lumayan bingung banget ama bug nya kadang pas masuk voice chat main game voice nya pas leave game sediscord nya pas masuk voice gabisa liat chat in voice nya
2,2025-05-05 06:15:00,knp buka
2,2025-05-04 16:53:34,pake sih bagus bosan hapus udah download trus masukin akun trus sandi usname nya salah
2,2025-05-04 13:22:45,nya udah good login server orang verifikasi nomor telepon pas masuk angka digit eh ngak muncul nomor telepon udah pas loh tingkatin ya developer
1,2025-05-04 12:55:34,sampah login gagal dah bener sandi
3,2025-05-04 12:18:37,akun ku kelogout sandi salah pdhl gua forgot password
1,2025-05-04 09:58:39,verifikasi email nya email cek spam inbox email tekan resend email
1,2025-05-04 06:59:06,pas register gabisa
1,2025-05-04 06:24:19,akh gw verifikasi jirrr
1,2025-05-04 06:11:17,nya login ribet banget check email ubah sandi akun kait apk akun rubah
1,2025-05-04 03:11:07,masuk ngestuck logo tunggu menit stuck logo tolong baik
5,2025-05-04 00:09:57,game saran
5,2025-05-04 00:08:52,sigma pokok
3,2025-05-03 22:29:08,akun susah kali syarat cape gua
1,2025-05-03 18:56:39,udah ku coba masuk udah ku hapus dowload
5,2025-05-03 16:07:05,tahun main suka server main circle orang tani senang main
5,2025-05-03 15:50:05,mic gabisa padhl mic hp aman aman gabisa ngomong
2,2025-05-03 11:57:42,gabisa hubung akun spotifi roblox mohon benar
3,2025-05-03 11:51:07,tolong kasih language indo udah gnti b
1,2025-05-03 11:34:28,akun buka log in bikin new lokasi detected
5,2025-05-03 11:16:35,cocok banget scrim ama temen
2,2025-05-03 09:31:58,akun
2,2025-05-03 08:25:45,please la apk nya tolong baik pas verifikasi kode nya kirim please tolong developer nya tolong baik
5,2025-05-03 06:56:22,layan bagus banget iklan
1,2025-05-03 05:04:43,gua masuk server dc udah gua accept invite udah confirm are you huma udah pas home kagak tuh server dc pas coba masuk gitu server dc dihome kayak detil gitu muncul hilang tuh server nya kayak pental gitu servernya muncul dihome hilang gimana ya
1,2025-05-03 04:20:27,bikin akun nggak
1,2025-05-03 04:20:10,verifikasi akun pass salah udah bener apk ngntd
3,2025-05-03 04:12:52,kena suspend
3,2025-05-03 03:42:27,bagus bahasa indonesia kecewa mod bahasa indonesia
5,2025-05-03 01:28:19,bagus teman online
2,2025-05-02 23:15:55,bitjh ngeleg parah apk nya banget suara kedengeran trs masuk jaring lancar
3,2025-05-02 22:23:04,saran bahasa indonesia adain atur bahasa
5,2025-05-02 15:49:45,keluh
2,2025-05-02 15:29:59,kode verifikasi kirim kirim terima
1,2025-05-02 12:15:52,gw akun diloginin gabisa dah brp akun tu gw coba
3,2025-05-02 12:06:57,gw kasih reting bintang gw umur masak
1,2025-05-02 09:01:47,ohh gituuu bikin bayar mentang nggk saing ajh
1,2025-05-02 08:54:53,pas voice recorder suara tu noice nya sihh atur udah bener gilir rekam suara wa bawa hp normal normal tuu
1,2025-05-02 07:18:14,masuk masuk
1,2025-05-02 07:01:54,apa ngasih nomor telepon udah kasih
1,2025-05-02 06:42:47,ngga tau sumpah gua udah coba login kali erorrr baee gua udah cek udha bener tuh gua masukkinnya oas verifikasi pake no hp behhh udah gua masukkin nonya masii erorr erorr udha gua masukkin masii ajaa kaga dapet notip yeuhh dipikur gua nebak apah kirimin nonya berapahh
1,2025-05-02 05:31:12,woi lu bikin gua udah kasih masuk no hp email sandi pelit guna
1,2025-05-01 20:37:09,sharing screen android dah gabisa suara
1,2025-05-01 19:41:18,donlot
5,2025-05-01 14:56:42,senang thanks dev nya
2,2025-05-01 14:25:26,jujur asli bagus banget cuman banget bugnya contoh pingin ganti warna role co owner temenku nggak suka warna kuning pas ganti nggak ubah lo rek ni apknya ngebug gmn coba fix your
3,2025-05-01 14:25:25,buka stuck logo
5,2025-05-01 10:34:35,baguss bangett seruu dah
1,2025-05-01 10:33:37,masuk group dc jelek
3,2025-05-01 08:05:26,nitro kirim video udah turunin ukur file kosong
1,2025-05-01 07:51:11,akun sya hilang pdahal curang
1,2025-05-01 07:09:21,tolong tambah translate
1,2025-05-01 06:14:12,tolong ni baik dah muak login imail udah sandi udah masuk sampe akun lo tolong ni ya tolng banget
4,2025-05-01 04:04:24,pas login udah ku tulis bener salah apa salah bener tolong update ya
4,2025-05-01 03:55:29,kenaa ya join server selau
4,2025-05-01 03:03:36,bagus mudah komunikasi
2,2025-04-30 19:56:25,bug
3,2025-04-30 17:51:58,voice main game disconnect simpan jaring internet aman
1,2025-04-30 14:59:53,update jelek jaring putus suara nya tolong baik
5,2025-04-30 14:26:57,guys main tolong report akun ya fcder ngescam akun rugi hack tolong report muak scam
1,2025-04-30 13:19:25,bangke pas gw udah login register login udah loh salah
1,2025-04-30 12:33:37,pliss serius main game download apk kemarin main nya mohon bantu lite ya baik bug
5,2025-04-30 11:52:57,makasih gara gara gua temen online
1,2025-04-30 11:29:11,apk nya jelek login susah email suda daftar pdhl login
2,2025-04-30 10:57:03,verify codenya login
1,2025-04-30 10:12:46,sy ikut kelas academy crypto sy butuh notif informasi real time servernya academy crypto aneh notifnya sy tinggal trading masak iya buka jam tinggal informasi gara gara notif mohon bantu gimana biar notif
5,2025-04-30 08:53:10,bantu dunia kerja terima kasih team
5,2025-04-29 18:47:30,bagus suka fitur fitur nya tarik
5,2025-04-29 12:55:15,bagus cuman kesini banget fitur bayar gratis
1,2025-04-29 11:29:59,ganti keri bintang
1,2025-04-29 10:06:35,register buka artikel
1,2025-04-29 08:51:11,bahasa indonesia terjemah
1,2025-04-29 08:07:48,password udah invalid
5,2025-04-29 03:27:15,mie goreng mie kuah muah
1,2025-04-29 00:11:04,kirim gambar video mesti timeout
1,2025-04-28 20:05:04,baik bug nya
1,2025-04-28 13:09:08,benda si pake ganggu nya
1,2025-04-28 11:53:56,oi sih gw pas register hapus
4,2025-04-28 11:30:46,lumayan guna mantap
3,2025-04-28 10:59:52,awak netral
1,2025-04-28 07:32:46,kaga suruh login akun pas login kaga udah coba sampe kali bikin akun
5,2025-04-28 05:36:21,nya bagus gta samp
2,2025-04-27 15:16:38,woilah diupdate gabisa buka suara putus mesti bolak apknya suka plis
5,2025-04-27 13:51:58,bagus banget anjirrr orang lucu bintang
1,2025-04-27 13:28:35,oi join room voice suka bintang baik
5,2025-04-27 11:33:06,coba
5,2025-04-27 11:15:19,suka discordnya coy
1,2025-04-27 10:00:28,pas buka nya loading ya tolong kasih
5,2025-04-27 09:29:28,ajar ajar
2,2025-04-27 07:13:02,login ribet susah kyak ngebug verify email susah sandi salah dah bener
1,2025-04-27 06:44:04,ribet login nya blutut
1,2025-04-27 03:01:58,pas email pasword udah bener
5,2025-04-27 01:09:42,udah bagus tolong tambahin status photo video text doang w
1,2025-04-26 21:59:49,bikin akun sulit gblk
1,2025-04-26 18:56:11,woi baik error suara jaring bagus banget
2,2025-04-26 15:22:04,kemaren voice room error yak internet lancar banget denger suara ish ish ish hobi error
5,2025-04-26 15:13:56,kerenlahh pokok
1,2025-04-26 12:42:13,jelek teka teki susah masuk password salah
1,2025-04-26 12:03:54,apk anj pw udh blng salah lucu emang sok tau
1,2025-04-26 11:41:21,udah akun hilang suruh verivikasi nomor telfon gabisa anehhh
5,2025-04-26 11:35:48,makasih dah konten kreator incorails roblox pesan undang mas iman zto
5,2025-04-26 10:02:27,bagus guna cuman bahasa indonesia kasih bahasa indonesia mudah
2,2025-04-26 08:45:47,pas ken verivikasi notifikasi pas pake email eh kurang informasi kaya nih
1,2025-04-26 04:45:43,kelas fitur bahasa indo lawak asli
1,2025-04-26 04:27:29,login error
1,2025-04-26 04:00:02,tolong hapus verify email udah gmail kirim
5,2025-04-26 01:19:42,owe mantap o apps
4,2025-04-25 14:58:34,bahasa indonesia nya tolong tambahin bahasa indonesia nya
1,2025-04-25 14:37:57,jelek banget ni nggak disconnect eh pas dipake main suka disconnect upgrade mlah downgrade
4,2025-04-25 14:35:21,bagus nya
1,2025-04-25 10:26:09,isi saldo dana ribu rupiah buka dana saldo kurang cek history keluar muncul com bayar monthly nitro harga rb bayar monthly nitro solusi hilang uang
5,2025-04-25 09:52:27,kali bagus obrol wkwkwkk inti bagus good jobbbbbb
1,2025-04-25 09:49:07,apklikasi gajelas gua login orang masuk akun gua cirebon gua udah cari gaada solusi bikin fitur reset akun
1,2025-04-25 09:22:02,maaf ya bintang coba hehehehehehe
5,2025-04-25 06:47:55,bagus menbantu
1,2025-04-25 06:18:11,karna susah login
1,2025-04-25 05:52:04,robot masuk game nya coba saranin gimana masuk nya manusia
1,2025-04-25 02:58:46,masukin akun udah kali kaga udah gonta ganti pw
1,2025-04-25 00:52:31,executor roblox golong hmm
1,2025-04-24 14:20:27,beh susah bener login asa auto login gitu daftar auto login capta bot apa bikin lag sumpah
1,2025-04-24 13:22:12,jelek suara patah patah
1,2025-04-24 12:59:26,bug udah bener jelek
5,2025-04-24 09:57:00,mantep sih
1,2025-04-24 08:23:23,akun
5,2025-04-24 01:01:19,bongkar biasa
1,2025-04-24 00:00:09,developer mcgg mentingin jual skin server nya tolong server nya baik hubung ulang pdhl game
1,2025-04-23 21:00:32,udah akun masuk
3,2025-04-23 18:12:24,tarik server kekuranganya beli nitro boost
1,2025-04-23 17:17:05,update udah selesai update buka apk langsung force close banget udah hapus cache jg kecewa
5,2025-04-23 13:26:56,tolong bahasa indonesia akses disabilitas tunanetra
1,2025-04-23 11:19:40,masuk halaman muncul interaksi tolong baik
5,2025-04-23 05:58:15,roasting kayak koneksi nya masalah bocil tiktok sinyal lu jelek ciillll tolol
4,2025-04-23 05:48:10,tolong pls fitur hapus chat hapus
1,2025-04-23 00:06:30,ribet kasih bintang
1,2025-04-22 17:51:54,install
1,2025-04-22 14:34:19,anj gw mo login sekian ngecheck tolak are you human pala kau gw manusia anj ya kali robot sandi gw bener username gw bener tolak cuk maksud lu serba salah anying gw coba verify email nyuruh verify tulis new log in detected oi gw login device bobol gw tau
3,2025-04-22 13:57:37,nya bicara voice masuk
5,2025-04-22 12:40:29,sempurna
3,2025-04-22 01:54:23,login akun ku akun daftar akun akun ku akun dua email malas bikin akun google udah p
1,2025-04-21 17:40:06,pas verifikasi login ip nya kadaluarsa udah lapor tindak samasekali udah ku setting tanggal nya ip kadaluarsa akun ku udah hilang gara gara bug
4,2025-04-21 12:00:21,isi umur tombol confirm
1,2025-04-21 08:31:45,gem apasih bicara main kumpul gw masuk ngak ad main
1,2025-04-20 15:09:53,disconnect anj
5,2025-04-20 12:13:45,bagus kena crash
1,2025-04-20 12:11:23,ngapain lu ngasih ginian gua masuk suruh pakek pasword
5,2025-04-20 08:33:12,kerja bagus
4,2025-04-20 08:26:58,makasih udh trimakasih bintang fitur nya rada pusing bikinin tutorial nya mula tau kek sekian trimakasih
5,2025-04-20 06:49:41,mantap banget nya
1,2025-04-20 03:02:08,muncul periksa are you human orang jg manusia download aneh
4,2025-04-20 02:00:34,email tulis new login location detected please check your e mail login akun ku login nomor hp solusi atas
1,2025-04-20 00:34:05,ya nggak
5,2025-04-19 16:04:51,tolong mudah guna login apk
5,2025-04-19 14:25:26,co bagus cari temen mambar
5,2025-04-19 11:46:55,cocok diskus teman
5,2025-04-19 10:31:57,hy bilang bikin akun pakai nomor g register pakai email nitro kasih nitro teman ku dh neng tpi gbisa tau
1,2025-04-19 03:13:59,verivikasi email barusah kirim gmail langsung expired
1,2025-04-18 22:03:45,ya pas verifikasi phone udh isi no hpnya eh pas udh masuk kode verifikasi kirim ya no nya udh bener ntah bug emang tau tpi tolong baik biar vertikasi
1,2025-04-18 14:19:13,apa ni apk jelek login gmail join server orng suruh login gmail apk jelekkk
5,2025-04-18 12:47:13,hai senang temu
5,2025-04-18 12:33:51,rekomendasi
3,2025-04-18 11:06:18,captcha
4,2025-04-18 09:35:18,tolong bahasa indonesia
1,2025-04-18 09:25:21,karna bayar
1,2025-04-18 07:17:08,bagus ad bug tulis udah coba kali kali
1,2025-04-18 05:36:07,abis update jdi buka gmn dh
5,2025-04-18 04:29:43,seruuu banget ngobrol temen fiturnyaa
3,2025-04-17 23:19:46,bahasa indonesia
1,2025-04-17 23:14:34,duh parah update force close lupa email
2,2025-04-17 23:09:40,tolong baik reset password nya akun ku gana reset password kerja bro satu nya jalan ku
1,2025-04-17 19:14:25,suka karna bikin dejavu dn kenang
1,2025-04-17 18:12:39,jelek daftar pake gmail sulit sandi salah trus sandi coba login apk gmail apk nya masalah
1,2025-04-17 14:29:36,bagus bikin akun ribet
2,2025-04-17 14:19:13,login nya susah bbi
1,2025-04-17 13:00:32,pas join server kaga masuk komunitas ya asa kaga
5,2025-04-17 11:32:38,ni dah bagus voice game enggk patah kasih month trial nitro itu udah server boost mantap dah
1,2025-04-17 10:27:26,woy masuk nih y manusia ya yalah gimana sih aplagi nih y suruh masukkin kode sms udah bener woy serah serah nya sampe jam sinyal nya bagus jaring nya bagus lo ap jing bagus
5,2025-04-17 09:35:27,ajar tolong bantu ya sukses
1,2025-04-17 09:03:23,bodoh pasu sandi salah salah sistem mohon tolong baik nyaman dara
1,2025-04-17 04:31:56,mic kadang kadang semenjak upload mohon baik
1,2025-04-17 04:19:09,karna masuk
1,2025-04-17 04:09:25,optimal pakai ram tembus gb
5,2025-04-17 02:04:18,apk nya pendo
1,2025-04-16 19:24:05,login sandi email masuk
3,2025-04-16 18:39:38,susah login
5,2025-04-16 16:40:04,bagus temu pisah org org
5,2025-04-16 16:16:56,bagus manfaat karna bicara teman
3,2025-04-16 12:04:34,hey kali akun mei nama akun glaceplum selang akun ku kena disable langgar apa main pokemon obrol teman akun kena disable akun oktober tolong akun pertama enable kontak teman lama sana obrol
1,2025-04-16 09:30:51,registrasi nya susah nggak rekomend banget
1,2025-04-16 09:02:05,ah dapet ultra rare error mana bikin akun mabar temen bin
1,2025-04-16 04:26:47,apknya
4,2025-04-16 03:46:27,web pc warna putih atur normal
5,2025-04-15 14:55:21,bantu
3,2025-04-15 11:35:50,tambah b indo plis pilih kasih
1,2025-04-15 08:49:42,banget suspend permanen akun cuman canda umur langsung suspend permanen abis beli border avatar eh kena suspend itu kali kena suspend langsung permanen
1,2025-04-15 08:46:18,bilang langkah ngechat pas udah ikutin tetep udah coba tetep hasil
5,2025-04-15 08:06:29,seru banget
5,2025-04-14 23:59:45,coba pakai discor ntah guna
5,2025-04-14 17:58:08,balik
2,2025-04-14 16:22:37,masuk akun password email nya
3,2025-04-14 16:08:57,masuk translate bahasa indonesia erti
4,2025-04-14 14:25:53,ngestuck loading game kemarin main game nge stuck masuk masuk
5,2025-04-14 13:18:10,guna game
4,2025-04-14 12:08:02,bagus sih ku gmn
1,2025-04-14 06:17:22,support buruk gw akses akun gw ngasih selesai
3,2025-04-13 20:43:25,bagus keluh mana join server pas pencet link salur masuk server nya muncul coba manual mohon developer dibenerin
5,2025-04-13 14:37:06,login
1,2025-04-13 08:18:25,lgo nya males dasar ampas
1,2025-04-13 07:44:32,api nya ban ya loh gabisa login akun utama
5,2025-04-13 05:54:50,bagus tolong tambah fitur bahasa indonesia nyaman
2,2025-04-13 05:29:39,susah login udah ku tulis pasword nya tetep apa are you human are you human download alien
1,2025-04-13 04:28:31,kocak parah login susah nya kaya tau
1,2025-04-13 04:09:56,bug gajelas inti gw apk gw saing asw
5,2025-04-13 03:57:47,bagus
4,2025-04-13 02:24:56,bagus dpt tmn dri ndak verifikasi akun gtu ribet tau verifikasi akun doang trus pas selesai verifikasi akun eh salah otomatis gonta ganti akun mulu
3,2025-04-13 00:58:01,update kali bagus bug bugnya reply komen geser kiri
1,2025-04-12 17:36:10,yaallah tolong kembali uang tarik otomatis akun dana nila sengaja pencet fitur langgan mohon kembali uang butuh terimakasih
1,2025-04-12 13:21:53,dc gw login akun gabisa kayak blokir ganti password pass dilogin gabisa hadeh
5,2025-04-12 13:19:47,min tambahin fitur musik
1,2025-04-12 12:42:20,knapa join stelah update
5,2025-04-12 11:31:41,bagus banget nyam suka
5,2025-04-12 09:09:01,terbang panggung orang
5,2025-04-12 09:00:12,bagus lumayan tarik bak
1,2025-04-12 05:23:52,login doang ribet ajg
2,2025-04-12 04:37:09,knp discordnya bs geser kiri reply sy uninstall x tpi jg bgtu sy pakai opsi tap n hold reply tpi sy pakai geser salah mn bs baik
5,2025-04-12 03:56:35,kerjha bagus
5,2025-04-12 03:00:04,susah daftar
5,2025-04-12 01:04:53,asik isi kosong
1,2025-04-11 23:31:03,apk tlol pgn login doank susah pdhl email pw udh sesuai blok
1,2025-04-11 14:37:00,login kali kali asa ngehack arsip negara
1,2025-04-11 14:33:59,login sms
5,2025-04-11 13:58:13,bagus komunikasi
1,2025-04-11 13:53:33,update pakai lagi voice ad suara
4,2025-04-11 11:40:45,tolong developer kasih verifikasi wa nomer hp nya wa gampang enak ku kasih bintang biar update fitur verivikasi wa
1,2025-04-11 10:49:51,goblk ni login captchanya kaga ngotak susah
5,2025-04-11 09:25:59,lancar sukses
1,2025-04-11 08:31:13,tolong hapus fitur email verification karna login akun sulit
2,2025-04-11 06:01:02,ngeluh masuk stuck logo mulu
5,2025-04-11 05:28:31,keren banget cobain deh
1,2025-04-10 22:05:41,ken bangett kirim pesan ops lupa kirim pesan susah banget malu banget deh developer nya
2,2025-04-10 20:12:04,burik nih skrng eror gjls gjls
1,2025-04-10 20:05:48,kesini update nya oke mlah bug mulu
1,2025-04-10 12:42:16,ampas download gambar tolong baik video kirim mala aneh landscape mala lurus kek video rusak
1,2025-04-10 10:43:22,login lg ribet ud brp kali bikin akun problem login
2,2025-04-10 10:36:15,tolong developer mudah forgot password code sms masuk masuk pas udh forgot tetep masuk aku
5,2025-04-10 09:59:35,coba kasih bahasa indonesia terjemah ngobrol beda negara susah nyambung
1,2025-04-10 08:55:56,payah bug joi server server tombol verifikasi verifikasi nomor telpon
1,2025-04-10 08:41:28,kirim pesan tulis nya failed to send mesege
1,2025-04-10 07:44:39,nga masu uda
1,2025-04-10 07:24:04,verifikasi code kirim
5,2025-04-10 05:30:49,update reply chat teman
5,2025-04-10 01:47:58,tolong sedia bahasa indonesia
1,2025-04-09 17:16:26,rawan kena hack bingung gw
4,2025-04-09 15:34:57,lumayan cuman ge join gagal alesan link kadaluwarsa dll beberpa minggu hasil link
3,2025-04-09 15:10:55,kurang iklan
1,2025-04-09 11:05:49,komunikasi sesuai judul
2,2025-04-09 10:23:22,ya update buka force close tolong cerah terimakasih
4,2025-04-09 08:37:04,ya masuk udh ku update trs ku hapus instal tetep tolong bug nya baik ya mksh
4,2025-04-09 08:24:26,tolong tambah bahasa indonesia
3,2025-04-09 04:35:11,bahasa indonesia nya kah
1,2025-04-08 21:21:25,akun gampang login udah ulang kali akun gitu login tolong bantu akun plisa sempet nang karna gin lah tolong bantu akun
4,2025-04-08 15:47:48,rubah bernerap cemas
1,2025-04-08 13:12:01,tolong respon kirim pesan teman kasih bintang maaf iya mohon respon tambah bahasa indonesia
1,2025-04-08 12:22:29,login doang susah banget sih
1,2025-04-08 11:51:48,apaaan login ama bikin akun aneh
4,2025-04-08 11:48:00,bagus bikin server khusus teman lu join server orang lu disirkelin dikacangin dibully
5,2025-04-08 08:13:18,hai akun udah thanks ya discod
1,2025-04-08 05:21:18,beli nitro apa pas kembali tolak
1,2025-04-08 05:05:26,gua register pakek nomer sinyal gua hilang
5,2025-04-08 00:43:19,terima kasih bantu kembali akun ku kena hack cepat responnya cepat sehat team work thank
5,2025-04-07 14:44:34,pake yah biar pinter gitu biar elit kaga ngerti
1,2025-04-07 12:24:03,payah
1,2025-04-07 11:53:20,tipu better install
1,2025-04-07 11:06:07,tolong pakai saldo dana sedot langgan rp langgan transaksi mohon bantu
5,2025-04-07 10:44:38,mantap apk joss
1,2025-04-07 10:34:21,sulit verifikasi email nya resend email
3,2025-04-07 08:05:47,pilih bahasa indonesia kecewa guna orang paham bahasa inggris mohon adakan pilih bahasa indonesia
5,2025-04-07 06:31:48,suka disckrd bicara main kumpul by inc
1,2025-04-07 04:18:05,sengaja panjang nitro kembali uang coba kembali dana playsotore kembali karna sesuai id kembali dana pakai sengaja
5,2025-04-07 03:55:23,nya bagus udh pake
3,2025-04-07 01:11:13,bug verifikasi nomor nomor gagal tolong baik
1,2025-04-07 01:00:21,login email pasword udh bener
4,2025-04-07 00:54:32,bilang sistem aman sensitif ngomong im still yr ngomongin level woi akun banget temen temen game situ kenang enak enak suspend suka banget pake enak moga staff admin bantu kendala please bangett ngomong temen akun game nya banned
3,2025-04-06 23:20:47,tambah fitur add account apk mobile nya guna akun gamer akun kerja
2,2025-04-06 16:53:46,salah login discordnya mulu dah
1,2025-04-06 15:18:59,kirim gambar pilih gambar kirim gallery foto drive tpi kirim gambar gallery pilih gallery file biasa maka tolong baik gallery muncul guna mudah
3,2025-04-06 14:21:05,gampang macet kaya pas voice
1,2025-04-06 14:09:49,keren kasih bintang
5,2025-04-06 12:37:03,yah
2,2025-04-06 11:18:46,suara ku mendem terusss main cowo ku susah komunikasi nya suara dengar nya sinyal aman tolong benerin yaaaa
5,2025-04-06 09:02:17,good job bantu hari hari developer saran laku kompatibilitas performa hp hp alami force close milik memory internal
3,2025-04-06 08:34:23,apk bagus login
5,2025-04-06 08:07:48,bang join server udah coba kali gonta ganti server tetep tolong kasih tau bang
3,2025-04-06 07:37:25,tolong ngesetting audio bingungin banget fitur ilangin
1,2025-04-06 07:33:32,halo akun hapus karna ganti perangkat coba login masuk email moga balas
5,2025-04-06 06:22:01,test dah
1,2025-04-06 05:43:17,gw udh login masukin email password pas gw pencet log in salah email passwordnya dh pas gw cek gmail
1,2025-04-06 02:16:00,issue link xbox udah coba kali tetep gabisa tolong ribetin perkara link xbox kouta habis
4,2025-04-06 01:34:28,ku komunikasi orang
5,2025-04-05 23:21:45,bagus rekomendasi aplikasih cari teman bebicara voice
1,2025-04-05 17:05:25,tidka log in ya email pasword tolong cepat baik chat teman
1,2025-04-05 13:50:41,woi dc kau jelek nian kau tau dak kali telpon temen suara kadang liat share screnlah bikin alam maka enak
5,2025-04-05 13:23:13,bagus banget login akun loh nyebelin banget
3,2025-04-05 10:50:46,bug login langsung susah login nya mohon baik cepat
1,2025-04-05 08:02:43,jelek bahasa indonesia
5,2025-04-05 04:13:52,bagus scammer diserver rblx v
3,2025-04-04 23:20:41,lag macet responsif
1,2025-04-04 21:55:30,udah x login minta pasword salah ganti pasword ulang kali apk
5,2025-04-04 17:56:55,bagus bantu komunikasi wa
4,2025-04-04 16:49:33,maaf tolong tambah bahasa indonesia
1,2025-04-04 15:02:36,mohon kembali dana aju langgan saldo sedot mohon reffund saldo
3,2025-04-04 13:06:32,tau kerja
1,2025-04-04 12:55:09,apk boros kouta
5,2025-04-04 11:29:57,mantap banget main mudah
3,2025-04-04 08:41:44,tolong mint kasih bahasa indonesia
5,2025-04-04 07:39:13,keren ui nya ribet voice ama temen gampang lancar
1,2025-04-04 01:56:38,registrasi isi data lahir loading nya banget jam tunggu
5,2025-04-04 01:19:18,bagus chat
1,2025-04-03 22:42:56,jelek banget gw lagu ngobrol temen suruh verifikasi udh tolong kek gitu ribet
4,2025-04-03 16:06:38,apk nya bagus komunikasi forum mengouplad forum pesan nya hilang april mop update
5,2025-04-03 14:01:00,download gimana verifikasi kode
5,2025-04-03 13:52:26,oke mantap jujur gw ngak tau pake cuman lihat youtube doang
1,2025-04-03 11:57:23,isi tanggal lahir
5,2025-04-03 10:50:57,apknya bagus besok mode pop up masuk
3,2025-04-03 06:40:33,pakai apk aman aman login akun password pasword nya riset tolong baik
5,2025-04-03 04:08:23,hibur baik
1,2025-04-03 00:56:08,error diarahin email supportdiscord pas kirim email balesan kirim pesan apa mana kocak tiga cuman diskusi pusing g ngerti coba langsung kasih solusi nyusahin orang
5,2025-04-02 22:24:00,cepat mudah ammin
1,2025-04-02 13:59:13,tunanetra guna screen reader update akses baca layar
5,2025-04-02 13:27:31,bagus deh
1,2025-04-02 11:26:40,campur tentu sandi habis lolos sistem tau sandi kuat mudah buat rumit buat sandi
1,2025-04-01 14:26:32,ngestuck loading screen nya mulu aman pas buka udah gbisa diem logo doang coba pake
2,2025-04-01 10:16:37,notif tulis mendownload file tambah bikin buka jam jam resek sih ganggu banget
5,2025-04-01 02:15:14,batu cari samping seru
4,2025-03-31 19:40:52,ngebug nya baik min overall bagus
1,2025-03-31 16:48:50,ngebug nya rangin server diapus diapus server diapus keapus tolol
1,2025-03-31 15:14:34,verifikasi no hp kait akun
5,2025-03-31 12:28:24,guna
1,2025-03-31 09:21:06,apk salah pw mulu sampe ganti pw kali kali tetep salah mending hapus developer aneh
4,2025-03-31 04:30:39,bagus log out login masuk masuk email sandi tolong baik developer baik kasih bintang
5,2025-03-31 04:09:02,guna
5,2025-03-30 18:20:08,keren interaksi orang suara chat
5,2025-03-30 14:07:06,nya bgus fitur guna cari temen nolep awoakwok ya kasih bintang udah ngebantu banget sosial terimakasih
1,2025-03-30 08:22:52,bantu min cma nomor pake akun pake nomor gimana
1,2025-03-30 07:09:13,gaje nomor telepon udah bener disalahin
1,2025-03-30 04:38:15,login susah daftar kali gabisa login rusak
1,2025-03-29 21:41:25,coba mengupload file image video akses galeri izin aktif izin akses image video dj aktif
1,2025-03-29 12:48:37,buruk suka truskalo ngomong kenceng ato deket banget biar
1,2025-03-29 10:29:41,login nya
3,2025-03-29 08:19:09,min tolong lgi dmus jngn suka mental
5,2025-03-29 08:18:15,bagus nya hehe bingung komen karna minus
5,2025-03-29 04:05:06,bincang teman beda negara koneksi mana senang karna teman banyak ph iran chatting
1,2025-03-29 00:39:36,coba daftar ya si bilang rare error update name login kali coba tetep
1,2025-03-28 23:28:17,bahasa indonesia
5,2025-03-28 17:50:11,seru main game curhat
1,2025-03-28 17:20:22,masuk nomor ganti
3,2025-03-28 16:53:24,tolong bahasa indonesia terimakasih
1,2025-03-28 16:35:50,gw ganti akun are you human dongo banget sih
1,2025-03-28 13:01:09,koneksi bagus jelek
4,2025-03-28 07:54:29,bagus masuk susah
1,2025-03-27 22:48:32,gabisa join salur woii gw ken join salur motionime suruh verifikasi robot teh gw verifikasi menu masuk salur motionime gw coba cuman salur motionime gw coba join salur beluga belugang masuk salur kayak masuk salur salur gede member nya banget gw yodah gw coba server kecil dikit eh
1,2025-03-27 18:04:53,registrasi bukti robot
1,2025-03-27 16:42:03,apk nya buruk ngk bahasa indonesia nya sulit arti nya
1,2025-03-27 12:46:38,gw login error mulu mek
4,2025-03-27 07:36:42,fitur tambah ngebug
5,2025-03-27 06:26:02,bagus cari teman
3,2025-03-27 01:30:29,akun
5,2025-03-26 22:08:45,terima kasih unik
1,2025-03-26 21:26:57,discrod sya
5,2025-03-26 20:07:59,ragu komunikasi besar indo wa hehe
1,2025-03-26 15:33:42,ape ni akun pake gmail dipake pas login pake gmail akun temu
1,2025-03-26 13:44:26,selingkuh disni
2,2025-03-26 13:08:49,headset bluetooth tws suara
1,2025-03-26 12:23:07,kirim foto
1,2025-03-26 11:48:56,verif nomor telepon kode gatau
1,2025-03-26 10:27:47,mudah hack
4,2025-03-26 08:24:02,apa udah masuk katasandi bener lo tetep login
1,2025-03-26 04:16:39,nggak dibolehin masuk jir sandi udah bener akun udah bener udah nyoba pake akun nggak udah reset password nggak dipake password baru mau sih
1,2025-03-26 03:51:50,bagus masuk server orang lempar playstore aneh
4,2025-03-26 01:57:57,overal bagus cuman conetiom nya versi mobile bagus masak dengerin lagu ingo aktivasi spotify nya ngak muncul nya masak aktivasi stay main game or something
5,2025-03-25 23:12:27,bagus pakai main game teman suka fitur bot bot bot buat orang tolong berantas hacker hacker ketemu akun kena hack kirim link server tag everyone member server
1,2025-03-25 20:39:34,nyambung udah pake i mail nama susah bet
5,2025-03-25 18:30:55,bahasa indonesia nya
1,2025-03-25 18:30:22,baik atur ny pls minus banget
1,2025-03-25 16:29:53,halo adu keluh smartphone macet log in
1,2025-03-25 13:38:48,rusak gw cb login udh bnr td jwb are you human gitu mulu etdah
2,2025-03-25 13:27:29,login kocak loginnya tolong mudah
1,2025-03-25 11:48:26,alas ny daftar
1,2025-03-25 09:19:25,rumit login nya login loh
2,2025-03-25 07:54:51,ud verify dsuru verify baik disc
3,2025-03-25 07:02:07,coba ulang ulang kali pergi atur pindah ganti email utama baru beda pilih milik orang pilih akun ganti email utama masuk gmail verikasi email selesai ganti email utama tugas kait akun utama terkonek gimana tau cari solusi email ganti ribet
4,2025-03-25 06:49:08,keren dipake gamer mabar fiturnya cocok nge game kurang bahasa lengkap bahasa indonesia orang indonesia make cuman bahasa inggris henti makenya ken emote stiker server batas pakai nitro orang ken emote custom seru seru tolong depan
5,2025-03-25 01:40:31,turut bantu gamers ayo deh coba teman
1,2025-03-25 00:11:36,mereset hp alas coba login login akun fa sedia fitur verifikasi sms email etc
5,2025-03-24 15:28:05,tolong fitur human for robot hilang ganti biar verivikasi nya biar kagak bingung
1,2025-03-24 14:43:46,error gua kasih bintang login register
2,2025-03-24 11:33:16,ribet banget banget verifikasi
1,2025-03-24 07:55:23,bagus chat temen kirim icon emoji send dll telpon kaga hadeh
2,2025-03-24 03:47:16,cari akun gabisa klau registrasi nomor gabisa email gabisa gmn ya coba baik
5,2025-03-23 18:28:01,udah pake apk keluh join server masuk dengar suara teman room suara masuk sudh uninstall download restart hp ganti akun pake gimana coba makaseh bang dh
1,2025-03-23 15:07:49,seru sih suka putus apk males bagus oke benerin ya apk nya biar putus apk
5,2025-03-23 09:40:10,komplit tanding wa
3,2025-03-23 09:34:45,hp stuck diloading versi baru hp
5,2025-03-23 06:36:28,harap fitur translate otomatis bahasa indonesia
5,2025-03-23 05:38:49,mantap link scam hati hati
1,2025-03-23 04:58:12,hp pencet parah tolong benerin min
1,2025-03-22 23:34:48,hilang akun karna sistem rubah username email nomor telepon akun usn pw kecewa ubah
3,2025-03-22 21:16:19,apk bagus pas login freeze patah patah alami jadi dri apk pdhal udh pake an tpi kali alami jadi parah
5,2025-03-22 21:15:10,poko seru banget broww
1,2025-03-22 14:27:54,pake main ml brng party sinyal gw ngelag ampunn pdhl wifi data gilir gw matiin apk nya langsung dpt ping korban nya hp gw retak helai gara emosi emg apk
1,2025-03-22 06:59:22,login kali kali login verifikasi email mengverivikasi ulang daftar maksud nya
5,2025-03-22 05:50:58,guna komunikasi komunitas mohon dev tingkat baik
1,2025-03-21 22:59:03,nya login hp infinix
1,2025-03-21 16:39:30,ah gw pake akun bilang email is already registered tolong masuk akun
4,2025-03-21 16:38:14,
5,2025-03-21 14:15:35,bagus banget nge chat temen and server ama join server
1,2025-03-21 11:58:47,apk ngasih kode masuk kasih kon cape nunggu kasih asu udh relog dll masuk kode nya asu
1,2025-03-21 08:01:28,ni apk nya udh save password ny google diblg salah invalid password ujung ujung akun sepele nomor password salah
4,2025-03-21 07:04:06,gimana yah akun pakai email akun pakai nomor coba pindah nomor akun pindah akun tolong difix
1,2025-03-21 06:18:27,kenapaa si download x ttep gbisa pental trs muncul tulis bug
3,2025-03-21 05:39:45,haloo verifikasi sambung nomor pasuk server high verification getrole masuk moga admin bantu update
1,2025-03-21 03:13:28,call enak enak nobar out ulang kali
5,2025-03-20 23:50:19,bagus bicara temu
5,2025-03-20 23:16:10,udh download min the best mimin
1,2025-03-20 22:36:26,gj verifukasi isi
1,2025-03-20 14:56:38,apk ny dibenerin udh login masukin pw bener tp ttp jual apk nya capek bolak mikir enak jidat harap ama tmn tp uji kaya gin stress apk nya udh bolak gmail ttp gabisa intropeksi pokok ken akun udh gitu
4,2025-03-20 14:19:35,update auto translate
1,2025-03-20 13:06:30,login masuk
5,2025-03-20 08:08:30,cocok samp mobile
1,2025-03-20 06:37:58,apa rare error trus rak iso masuk email password nya udah bener gaje
1,2025-03-20 06:06:13,ribet anying login doang geh verifikasi email bodoh verifikasi apk verif coba ulang ulang tetep susah nying kali verifikasi sampe bete gin gua perihal login doang sulit sial
1,2025-03-20 05:19:11,selamat siang langgan saldo dana tarik otomatis mohon bantu ny detail transaksi tanggal maret jam mohon tolong
1,2025-03-19 21:33:45,masuk grup benerin ya dvlop
1,2025-03-19 17:07:25,terkadang bug buka koneksi internet lancar
4,2025-03-19 16:38:13,bagus ribet
5,2025-03-19 16:22:15,bebas gratis mudah pakai seru ngena banget anak muda
2,2025-03-19 14:15:09,earbuds masuk voice setting deteksi earbuds output pilih uotput kepake suara telpon hp
1,2025-03-19 13:48:27,login akun pdhl pasword nya udah simpen google udah deh males ngeladenin
5,2025-03-19 08:01:36,bagus komunikasi server samp lancar tolong tambah fitur tarik
2,2025-03-18 14:57:56,knapa pas no udah masuk verifikasi imel pas imel masukin gagal tolong kau sulit orang susah
5,2025-03-18 14:55:07,bagus banget bug bug gitu kek gambar nya
1,2025-03-18 12:51:15,suka ngebug
5,2025-03-18 07:43:23,bagus game voice teman
1,2025-03-18 05:43:20,gw udah login pake email engga
1,2025-03-18 05:39:31,login tanggal lahir muncul muda udah an lho make tua muda dah gaje bet
5,2025-03-18 03:55:09,neng pokok i like
1,2025-03-18 00:25:41,g kode otp mwo reset pasword tolong baik
1,2025-03-18 00:24:10,masuk gatau
1,2025-03-17 16:33:05,login ribet banget udah masukin nomor nya bener code nya kirim kirim gilir email aneh tolong udah masukin nomor bener login ribet nya login tinggal bikin nama password langsung udah pake email nomor fungsi aneh tolong mudah login
1,2025-03-17 15:48:29,pasu email hp cars
4,2025-03-17 14:24:27,suka kadang ngebug pas stream tolong baik
1,2025-03-17 13:10:19,buruk
1,2025-03-17 09:53:49,gabisa pake kamera voice chat nya butuh
1,2025-03-17 09:12:35,login setting email log out ya tolong baik
1,2025-03-17 07:12:26,konekin youtube susah bener
1,2025-03-16 23:17:22,bayar otomatis aneh aneh
5,2025-03-16 21:24:06,baik apk
5,2025-03-16 17:49:39,mantab
3,2025-03-16 15:54:35,interface bagus khusus platform responsif relog
1,2025-03-16 15:30:42,login password udah dasar
1,2025-03-16 14:45:06,tampil quest mobile
4,2025-03-16 14:39:25,kecewa buka quest google chrome mobile
3,2025-03-16 13:13:05,top mas kurang susah pahamin mula
1,2025-03-16 11:55:30,login susah banget ajg email udah bener pw udah bener tetep masuk ajg
1,2025-03-16 09:20:23,bahaya isi orang momok
1,2025-03-16 05:44:48,login login akun coba puluh puluh kali
1,2025-03-16 01:21:23,login susah banget sampe cape gua broken dasar
1,2025-03-15 23:53:30,jelek suka nya login bicara warna merah harap hapus bicara warna merah
1,2025-03-15 13:51:40,gjls masuk server g ditanyain mulu robot
5,2025-03-15 11:59:56,bagus laa bete akun lama hilang
5,2025-03-15 09:36:42,hebat ajak orang main
2,2025-03-15 08:03:19,chattingan bagus lancar upload kirim gambar file loading nya stuck pakai reinstall login kurang memori hp sinyal ok versi android stabil paham dns mohon baik orang milik bug mengupload kirim gambar trimakasih
5,2025-03-15 06:51:19,baguss banget tolong kasih gratis sampul background sinyal baik stabil
1,2025-03-15 06:21:43,item quests dislesaiin hilang slesaiin tulis permanent hilang sungguh scam kyk gw jadi kudu kasih bintang ajh g toleransi banget capek capek download game g habisin kuota item permanent
1,2025-03-15 05:02:07,loading henti kirim media foto video sinyal lancar mohon baik
5,2025-03-15 03:38:32,bagus banget telpon
2,2025-03-14 22:18:14,ngapa nggak masuk balas tolong kirimkanaku nggak masuk pakai kod kode
1,2025-03-14 16:39:18,gbisa masuk nya gw install ulang gbisa masuk muter muter trus
5,2025-03-14 12:42:13,senang
4,2025-03-14 12:36:09,have a language translation bahasa indonesia
3,2025-03-14 10:52:10,ya overall bagus sih
5,2025-03-14 10:15:41,guna mabar roblox cdid roleplay
1,2025-03-14 06:03:38,login susah guna
4,2025-03-14 05:49:20,kali pasu sandi salah sy pakai apk tolong baik
5,2025-03-14 03:11:34,all apps bagus literally perfect user bener dev ny ngadain nitro free edit chat typo cuman close dm bngt chat orang dm nya arah enak lihat nyaman hapus pas block dibolehin hapus message guna bngt tolong ya dev
3,2025-03-14 03:05:31,halo infinix note sent voice ngerekam suara rekam gimana ya
4,2025-03-13 21:51:19,lumayan bantu konsumsi
1,2025-03-13 14:05:55,buka
2,2025-03-13 13:32:42,gabung salur motion ime yaa join salur beranda masuk tuh susah banget saran atas
4,2025-03-13 08:53:31,bagus si bagus gua login akun ngapus no telpon akun apus tu akun log in pake no telpon biar cepet lupa pasword pencet forget password suruh nulis verify code dah ngikutin dah ganti pasword nya pencet return to nyuruh ganti password webnya ganti password dah turutin kayak gitu
1,2025-03-13 00:44:46,tolong register login mulu email pasword udah bener invalid mulu
1,2025-03-12 23:47:12,apk rusak tunggu kode orang emosi
1,2025-03-12 14:51:34,udh daftar tp susah masuk parah
5,2025-03-12 12:53:45,bagus layan bagus
1,2025-03-12 06:21:25,berat tanggap gb ram buka kecuali developer optimal
3,2025-03-11 23:05:12,bahasa nya ganti indo
5,2025-03-11 18:42:47,add indonesian language
1,2025-03-11 09:05:18,bahasa indonesia repot bahasa inggris ganti foto bayar anjir
5,2025-03-11 06:03:05,mantap poko
1,2025-03-11 05:27:25,kode verifikasi nya masuk masuk tlol banget bi apk update nya bagus ancur
4,2025-03-10 22:51:04,emng bahasa bahasa indonesia kah
4,2025-03-10 16:02:22,versi pc nya udah perfect mobile terkadang nonton share screen pencet close pas suka blank buka ulang
1,2025-03-10 14:49:31,ngebug memo gw msih penuh loh bang dev
5,2025-03-10 11:48:25,buat switch akun kaya instagram login logout login akun beda hp cepat
5,2025-03-10 10:22:25,tonton f tenang karna notifikasi
1,2025-03-10 07:46:11,komunikasi putus komunikasi
3,2025-03-10 07:01:24,fitur pin chanel
5,2025-03-10 02:37:26,apk seru teman
5,2025-03-10 01:38:21,main teman efisien senang
3,2025-03-09 17:32:28,bahasa indo
4,2025-03-09 11:48:22,for me all it s perfect gw reacord pake hp recordnya tmn tmn gw gw kasih nilai terimakasih baca yapping an
2,2025-03-09 08:16:04,share screen iklan ntah mohon baik
1,2025-03-09 07:22:10,rusak woi
1,2025-03-09 04:16:41,kali verifikasi akun gmail link verifikasi kirim pesan kali verifikasi isi kosong layar putih
5,2025-03-08 22:48:19,udah register gabisa login ya mohon baik ya
1,2025-03-08 22:20:16,verifikasi nya susah bet si masuk link dc motion ime susah gabener ni apk
5,2025-03-08 22:00:57,gem ya enak gem bayar duit geratisin mohon gem ya enekkkk coba
5,2025-03-08 19:10:00,kumpul kumpul kecuali ngaji
1,2025-03-08 18:08:17,login masuk masukin koncit
1,2025-03-08 15:24:50,susah login akun
5,2025-03-08 14:57:35,guna bicara bahasa inggris tolong tambah bahasa indonesia
1,2025-03-08 12:05:25,beli netro naikin limit join limit nambah ya bulan langganaan
4,2025-03-08 08:39:18,bagus tpi knp pas share screen hp kualitas nya buruk ya
1,2025-03-08 05:14:25,verivikasi akun mohon baik
4,2025-03-08 01:48:45,udah sakit hp kdg ska crash glich klw udh paksa henti apl nya fix udh ber msh bgtu
1,2025-03-08 00:42:07,apk apasih join server gagal
5,2025-03-07 20:26:53,iseng dolnot nya bicara yutuber
5,2025-03-07 13:24:57,teman pacar opsional
3,2025-03-07 02:22:14,blm bahasa indonesia nya
1,2025-03-06 13:54:21,buruk vervikasi nomor telfon mending perbaikin in bahasa indo nya ya
1,2025-03-06 13:10:04,b indonesia
3,2025-03-06 12:03:04,kirim pesan
2,2025-03-06 10:30:04,apknya bagus baik ken voice chat main salah game ilang trus terus bolak apknya plss baik bug macam ilang voice chatnya layar bagi ribet banget nyaman pake voice chatnya tolong developer baik
5,2025-03-06 07:20:23,ya chatting discotd simple
5,2025-03-06 07:15:10,game seru
1,2025-03-06 05:36:24,guna login akun google susah coba jam jam tolong baik cepat
3,2025-03-05 16:31:55,login tulis email invalid daftar bikin susah
1,2025-03-05 14:56:11,tolong ya update biar kagak akun nya kagak error begitu nya langsung tulis suport udah akun kali
1,2025-03-05 14:15:24,apk nya aneh susah eror mulu
5,2025-03-05 12:00:21,bagus banget developer nitro trial gratis makasih ya adain bahasa indonesia ya biar nggak bingung
2,2025-03-05 09:40:02,atur bahasa indonesia terjemah bahasa indonesia
4,2025-03-05 08:54:36,bagus gw pakek lag lag game
2,2025-03-05 08:15:00,nihh udahh login email nya salah udh login kemarin pake email
1,2025-03-05 05:52:46,kasih bahasa indonesia
5,2025-03-05 05:31:14,bantu senang orang bantu manusia
5,2025-03-05 04:12:43,tolong mudah login nya ye
3,2025-03-05 03:52:39,kasih b register log in susah password gmailnya password salah dev tolong baik
1,2025-03-05 03:11:21,ya ubah bahasa indonesia
1,2025-03-04 22:59:14,gem nyah susah arah senergi hadeh caflin
1,2025-03-04 18:08:30,najis hiro jadiin dage tinggal udah kumpul sinergi sesuai kombo kombinasi hiro ngerokok stok hiro hiro tanya soup udah capek capek kumpulin hiro sesuai kombo sinergi hiro dage tinggal kali kali main game nyaman ku
1,2025-03-04 16:29:40,kode nya nggak kirim pas login pakai no telepon
5,2025-03-04 13:29:17,kenal teman negara game
1,2025-03-04 12:22:24,ferify email dah update password tulis password password
3,2025-03-04 11:50:38,bingung jir
2,2025-03-04 08:36:24,baik nomor telepon nomor taut akun ya gw tambahin ingat muncul gimana nambah nomor telepon
2,2025-03-04 06:26:51,masuk pas pencet tulis sedia
5,2025-03-04 03:07:13,nggak temen bawakdewak
1,2025-03-04 02:52:29,parah orng sesuai gender
5,2025-03-04 02:16:56,bagus bange
1,2025-03-04 00:13:45,gausa nanya putus main game
1,2025-03-03 15:28:31,handphone ngebug
1,2025-03-03 13:50:23,gilir masuk game suara nya lgsg gd bosok emg
5,2025-03-03 13:31:33,kadang main kadang kadang force close kondisi hp panas playable
5,2025-03-03 01:06:36,jarang pakai
1,2025-03-03 00:46:08,gabisa login udh bikin sampe akun tetep gabisa login gw buang ngelakuin bodoh login gagal mending uninstall
5,2025-03-02 22:48:10,tolong kasih pilih bahasa indonesia kasi bahasa inggris
4,2025-03-02 16:20:23,oke lumayan bagus mohon tolong tambahin bahasa indonesia lancar bahasa inggris bingung mengunakan fitur nya bahasa indonesia
5,2025-03-02 14:33:04,bagus banget kayak gin
5,2025-03-02 13:08:47,mantap suara jernih main game forma nya turun rasa
5,2025-03-02 12:39:57,bljr kenal hidup luar temu teman hebat bahagia temu reallife ikat
1,2025-03-02 12:23:34,aneh ganti password sulit banget kombinasi nya udah bagus
2,2025-03-02 11:58:21,masuk server butuh verifikasi nomor hp kode verifikasi kirim sampe
1,2025-03-02 06:01:56,ganggu login register
1,2025-03-02 02:44:00,harap baik pasu email try again terus
1,2025-03-02 02:16:46,pake no hp gabisa login gabisa diilangin sih wajib pake email nyusahin banget
5,2025-03-01 14:42:17,keren
1,2025-03-01 14:08:39,angin ujan sangka bot
5,2025-03-01 11:58:46,suka banget apknya mudah komunikasi main game
1,2025-03-01 07:55:32,susah koneksi youtube
3,2025-03-01 07:54:50,nya udah bagus banget teman claim nitro trial gratis mya gimana wokk
5,2025-03-01 07:20:56,tau gabut ken bintang
1,2025-03-01 06:07:59,apk jelek login ulang gabisa akun suruh captcha your e a human habis pas selesai captcha gagal gabisa akun kocak emang pas join server linknya experied gabisa join dah pakai link tetep muncul notif experied nya dah
2,2025-03-01 04:45:06,beli nitro basic gabung salur gabung salur
1,2025-02-28 22:55:08,kasih masuk
1,2025-02-28 22:39:36,dimobilenya jelek
5,2025-02-28 15:29:12,apk bikin dejapu mntan
5,2025-02-28 14:10:47,mantapz
5,2025-02-28 12:58:52,nyaman pakai
5,2025-02-28 09:42:03,gtw komen bagus
1,2025-02-28 09:27:23,payah bahasa indonesia tambah duduk indonesia jt bahasa thailand taiwan golong duduk
2,2025-02-28 08:54:00,login ko ya udah pakai nomor telephone email ya tau
5,2025-02-28 08:19:13,bagus poll gampang cepat hubung komunikasi popok nice deh
1,2025-02-28 06:49:21,bikin akun ribet banget susah pake email udh bikin susah
1,2025-02-28 02:10:50,login ulang ribet banget dah lupa sandi mohon depan baik loginnya mudah simple praktis pusing
4,2025-02-28 00:43:39,min bug mengupload file teman suka stuck akhir ujung error pliz baik pilih pack emoji reaction memyulitkan scroll kadang masuk voice call suka putus nyambung bug putar video timer video nya hilang scroll mundur maju arah suka menit nya hilang
4,2025-02-27 19:03:30,pilih bahasa indonesia bikin susah main indonesia bahasa inggris tolong kasih bahasa indonesia
2,2025-02-27 12:46:48,bug error mulu send message
5,2025-02-27 11:52:48,bagus banget njirr canda doang wkwkwkwkk
4,2025-02-27 03:05:52,min pas pakai hp dengar lagu spotify status deteksi nyalain status connection
1,2025-02-27 02:51:00,login nya susah bet
3,2025-02-26 16:57:39,bagus tapiii suka sok tau
5,2025-02-26 16:14:52,suka
1,2025-02-26 15:17:23,mulu semenjak update pdhl hp gw knp simpan luas ram luas sinyal bagus mulu
1,2025-02-26 14:37:18,susah login nya banget eror pas masukin sandi
1,2025-02-26 14:06:00,android ngak izin izin plis izin brand handphone adain fiturnya udah ngak harap main temen nya aman aman hilang mikrofon hijau pojok kanan layar temen ngak denger suara orang bilang ngak suara orang balas suruh restart ngak doang tolong usaha yaaa
5,2025-02-26 06:46:40,apk dah bagus bagus tambahin fitur bahasa indonesia sistem translate mudah komunikasi maka sulit
1,2025-02-26 06:39:49,bahasa indonesia nya nih
1,2025-02-26 05:55:31,bugg out dri room
5,2025-02-26 05:52:25,komunitas cinta game tempat
1,2025-02-25 15:41:09,masuk akun google tolong betul
1,2025-02-25 15:16:18,gw robot anj
1,2025-02-25 11:42:50,kasih masuk pasword
5,2025-02-25 06:51:35,bagus guna
5,2025-02-25 03:27:55,bagus komunikasi
1,2025-02-25 03:08:25,apk sulit orang login anda fitur login google tnpa ribet login
5,2025-02-24 19:18:26,bagus seru geme mainin
1,2025-02-24 12:40:42,sialann knp si ampe ad register email akun pake nomor telepon jd ilg gara ku coba email pas masukin sandi eror balikin akun
5,2025-02-24 08:00:53,bantu temu teman komunitas teman
5,2025-02-23 22:36:37,apk nya bagus banget
5,2025-02-23 19:36:47,mantap rekkk mata melek
5,2025-02-23 16:20:36,bagus sih temen mabar
5,2025-02-23 16:12:39,wajib download bagus ngobrol teman teman
5,2025-02-23 13:30:35,baik pokok pake earphone suara mantappppp bintang
1,2025-02-23 13:06:25,login ulang pakek nomer telepon kasih nama email verify email
3,2025-02-23 07:50:40,lumayan akun hack yolongin ya balikin bayar plsss help
3,2025-02-23 06:24:21,suka suara
5,2025-02-23 05:46:45,bagus
1,2025-02-23 05:12:25,akun gw susah banget masuk monyet banget verifikasi
1,2025-02-23 04:16:04,buruk
4,2025-02-23 03:54:41,apk udah bagus fitur rusa jalan apk baik
5,2025-02-22 16:31:08,bagus suka
5,2025-02-22 15:46:37,hy tambain language nya negara indonesia donk kdang suka salah arti q moga dengar
5,2025-02-22 13:29:41,gg mamank racing suka maju anjay slebew
1,2025-02-22 13:04:39,susah login mudah susah woi verifikasi gagal
3,2025-02-22 12:20:18,kadang bug kirim foto video jaring bagus tolong baik
4,2025-02-22 10:55:06,tau download hpnya kentang
1,2025-02-22 09:47:29,gabisa ubah password ya udah tau lupa pw nya pas ubah pw suruh masukin password nya lawak
5,2025-02-22 09:13:26,tolong tambakan bahasa indonesia warga negara indonesia pakai bahasa indonesia nya
1,2025-02-22 08:32:01,akun pas udah selesai bikin gambar gituh banget udah putih doang
5,2025-02-22 08:28:17,jelek
3,2025-02-22 06:26:09,muncul notifikasi pesan
1,2025-02-22 04:42:18,sedia bahasa indonesia butuh bahasa indonesia
5,2025-02-21 21:20:27,maju
1,2025-02-21 16:39:24,susah banget login
1,2025-02-21 10:43:38,login pasword pasword nya simpan pas direset pasword nya coba login gamau emang
5,2025-02-21 09:35:31,gimana setting biar pakai bahasa indonesia
1,2025-02-21 01:07:45,udah akun kali kali suspend permanen gara gara join grup random jarang online tolong unsuspend bantu tolong kembali akun ku akun suspend kayak gin
1,2025-02-21 00:56:49,ngebug mulu ngirim image stuck loading
1,2025-02-20 17:30:22,heran kesini bug join voice tetep dengerin output suara ngeinput suara tolong baik
5,2025-02-20 14:56:26,pake bahasa inggris
4,2025-02-20 12:46:34,bagus fitur fitur dc emoji mes role member dc youtube langgan salah streamer vtuber dkk cuman nihh gue kesel connect youtube dc selaluuuuu gagal tau internet bagus connect in facebook tiktok twitter spotify gampang bett connect nya youtub gue ulang gagal mulu member gue channel rugi tau
1,2025-02-20 09:10:44,email simpan catat login ulang ulang pasu email gagal alas email sandi salah why
3,2025-02-19 15:22:56,adain bahasa indonesia
1,2025-02-19 14:26:12,daftar nya susah kontl gw robot mulu
1,2025-02-19 13:14:40,verifikasi nya susahh banget muncul
2,2025-02-19 11:19:11,aduh tolong giveaway last to leave win eh autentikasi g buka pdhl menang kalah gara tolong bener udh eventnya slm jam sisa orang paksa update pas update disconnect
5,2025-02-19 04:42:18,nya bagus hehe maaf balas
5,2025-02-19 04:06:39,nak masinis dkid mudah
1,2025-02-19 01:06:16,apk nya regis aj susah login aj susah
1,2025-02-18 14:49:50,verifikasi email susah orang tutorial email invalid apa
5,2025-02-18 14:42:54,bagus komunikasi
3,2025-02-18 14:08:57,bug voice game
3,2025-02-18 13:34:17,bagus bagus sihh tpi suara gw ya lawan bicara sampe sampe lawan bicara ngomong udh ngomong tpi parah suara
4,2025-02-18 11:18:28,nya susah tolong informasi tutorial biar erti moga baca
5,2025-02-18 08:37:18,nya bagus meme orang hytam batas platform nya hitam orang
1,2025-02-17 17:44:28,suka ngebug ngelag
5,2025-02-17 15:25:09,wow bagus mabar live teman
1,2025-02-17 14:42:09,jelek banget dah login nya bintang
5,2025-02-17 14:00:20,bagus banget cepet
2,2025-02-17 13:57:35,saran atur bahasa indonesia biar buta bahasa asing sulit terimakasih
1,2025-02-17 12:57:00,banget nunggu code nya
5,2025-02-17 08:25:51,seru bisnis
1,2025-02-17 08:21:29,bingung maka
5,2025-02-17 07:46:02,dihp asus didowload
5,2025-02-17 07:39:02,halo keluh main teman teman ku terkadang voice call putus trouble shot nya
1,2025-02-17 06:30:59,logiiinnnn email sandi kenapaaa
3,2025-02-17 05:26:03,bagus cuman hafal mode main senang game
3,2025-02-17 03:59:13,ngobrol kawan
1,2025-02-16 22:43:34,enak upload file video cuman mb doang versi gratis hei video zaman gede gede ukur atas mb minimal kasih kek batas mb mb emang jaman an ukur filenya
3,2025-02-16 16:40:49,tingkat yah banget bug and error nya tolong ain bahasa indonesia tolong yah
5,2025-02-16 16:29:40,coba bahasa indonesia nya
5,2025-02-16 15:15:58,masuk aneh
4,2025-02-16 13:53:46,login nya susah udah masukin password bener tetep
1,2025-02-16 12:20:36,masukin pasword uda
5,2025-02-16 12:01:05,geme nya seru
3,2025-02-16 11:16:44,jujur udah bagus banget fitur nya gampang banget ngobrol fitur nya main game kadang nya disconenect asik asik nya main tolong baik
4,2025-02-16 09:42:06,bagus tpi knp suka miss massage dri chat call ya mhon baik
1,2025-02-16 06:52:25,mending hapus playstore nnya
5,2025-02-16 02:48:49,meeting mabar komunikasi teman teman jarak terimakasih
4,2025-02-15 17:04:50,bagus sih login nya bikin sulit
5,2025-02-15 13:23:21,game bagus banget guys
1,2025-02-15 12:47:04,bahasa indonesia goblox
4,2025-02-15 11:27:01,notifikasi muncul bug
3,2025-02-15 10:57:06,ngirim gambar sih ku jaring hari sampe install ulang
1,2025-02-15 09:28:13,emoji wajah muncul bug hp laptop gw toleransi gw kasih toleransi emoji cermin reaksi wajah reaksi emoji reaksi wajah emoji tolong baik
5,2025-02-15 05:19:27,bagus fungsi
1,2025-02-15 03:17:15,cacat daftar verifikasi email g njeng
5,2025-02-15 01:54:11,apk bagus komunikasi dll
5,2025-02-14 15:40:24,baguss
3,2025-02-14 14:46:19,susah login
5,2025-02-14 14:23:51,
2,2025-02-14 14:17:17,buka pas buk tulis kompitebel perangkat tolong solusi min
5,2025-02-14 11:43:46,beuhhh mantapp
5,2025-02-14 08:32:27,bagus komunikasi orang orang
1,2025-02-14 04:06:36,login akun
1,2025-02-13 18:24:57,login susah banget v
3,2025-02-13 16:33:56,layar ngebug screen sharing layar gepeng potong belah
5,2025-02-13 14:15:44,komunitas ramah suku bangsa ras
3,2025-02-13 12:06:35,tau gimana password nya
1,2025-02-13 10:28:29,gw heran ama ni apk knp pas log in sulit verifikasi sandi gw udh suruh reset dah pas reset web kirim email buka aneh
3,2025-02-13 10:16:16,login bikin akun tekan tombol verifikasi buka robot mohon baik
1,2025-02-13 06:09:35,kena hack aneh aneh jarang buka tolong aman tingkat
1,2025-02-13 05:03:45,pake are you human apa
1,2025-02-12 13:18:57,gamenya susah akses hp mid range ledak gim
5,2025-02-12 10:25:49,ku teman
1,2025-02-12 06:26:49,tolong mudah login nya login akun ilang gara gara nih apk tolong mudah ngerugiin ko dasar
1,2025-02-11 19:04:30,masuk udah ganti pw invalid mulu
1,2025-02-11 15:08:32,mohon buat discrord mudah mudah cuman komunikasi moga depan nya pake dabel mic game fitur live maaan youtube tiktok facebook seru ada
1,2025-02-11 15:02:12,laku login email tolak daftar gagal apk fungsi uninstal
1,2025-02-11 12:50:35,kesini gajelas tolong baik bug nya isi verifikasi nomor email tekan done tolong baik woi
1,2025-02-11 10:49:16,gimana kode pasu nomor telepon muncul
5,2025-02-11 09:21:10,iki apek cok tenan
1,2025-02-11 06:41:35,masuk email sandi tolong baik
5,2025-02-11 06:15:50,bagus login hp platform beda cek gmail mohon
5,2025-02-11 02:36:27,tolong bahasa indonesia
2,2025-02-11 01:41:30,dah force close
1,2025-02-11 00:22:26,malas pakai kara bahasa indonesia tolong tingkat bahasa nya
1,2025-02-10 22:27:44,login email sandi bener robot mulu gw kocak bug apa klik verifikasi robot tetep ku cancel ilang tolong baik udh sekian kali restart reinstall ubah
1,2025-02-10 19:13:01,udh update error baik nya adain update dikit bug kelar udh update emang dasar aneh
1,2025-02-10 17:45:30,komunikasi putus putus apk ulang buruk ku pakai ntah pc hp sama update failed pemberitahuannya pc hp notif apa tolong update tambah fitur butuh tolong baik bug putus voice chat orang
5,2025-02-10 13:46:57,singkat bagus
1,2025-02-10 13:09:07,ribet banget bikin akun
3,2025-02-10 12:36:21,udh bikin akun
5,2025-02-10 12:16:13,bagus banget
2,2025-02-10 11:32:55,sebenernya ni apk bagus bagus banget login nya susah bgttttt
1,2025-02-10 08:38:29,sampah akun udah daftar pas login kocak
4,2025-02-10 07:18:48,tambah fitur ubah input audio dihandphone susah mic handphone
5,2025-02-10 06:10:44,bagusa senengg
3,2025-02-09 15:51:51,bagus sihh gw kasih no hp masuk akun pake no hp gamenya guna langsung taro no hp tolong baik perfitifikasi no hp pakai
2,2025-02-09 15:05:36,nomor telpon email password kode digit udah pas pencet done hadehhh
3,2025-02-09 14:05:10,udah pencet verify email notip muncul udah spam loh
1,2025-02-09 13:38:11,ya allah tolong tau ad fitur langgan dana tarik rp apk mohon kembali dana bukti transaksi nya butuh uang terimakasih harap dengar suara
4,2025-02-09 13:35:55,nya bagus bantu orang nolep baur tolong kirim pesan voice chat terkadang yap akun hilang
1,2025-02-09 07:38:55,apk kali login akun hapus mulu bikin
1,2025-02-09 06:38:36,rusak gajelas
1,2025-02-09 06:27:03,akun blokir jadinyaa bikin akun
1,2025-02-09 02:09:21,jelek banget login akun dn passwordnya udh bener
5,2025-02-09 01:03:16,ya bagus sih
1,2025-02-08 16:44:51,an video nya horizontal vertikal gepeng video nya
3,2025-02-08 11:52:40,moga hapus file file upload hapus fiel udah upload repot
4,2025-02-08 09:21:59,bagi tarik
5,2025-02-08 08:58:05,guna
5,2025-02-08 08:19:12,jelek bet sinyal bagus tetep voice
5,2025-02-08 06:21:03,bagus server pribadi maksud pasword
1,2025-02-08 06:09:09,pas email udah bener password salah pw nya
5,2025-02-08 04:59:33,nya bagus pas mabar temen voice tolong dibenerin
1,2025-02-08 03:44:37,verifikasi no hp stuck situ mulu no hp gw bener loh kode verifikasi
2,2025-02-08 02:06:00,login aneh banget
1,2025-02-08 01:51:57,perangkat muncul overlay video kamera mati hidup kamera jengkel video call buka apk mohon solusi gimana overlay video normal
1,2025-02-07 23:29:46,woi gimana akun gw password udah email udah tetep salah repot login akun
5,2025-02-07 23:20:50,baik gabisa jual nyari temen sih maaf banget ratting skrng keinget temen bilang rate apk lngsung kembang apknya turun harga nitroo woiii hhee
2,2025-02-07 14:52:52,mohon maaf ya pas ferikasi robot udah skip foto sampe x foto pas yah
1,2025-02-07 13:51:46,hey terima email password salah masuk google salah
1,2025-02-07 13:26:25,update fc masuk
1,2025-02-07 13:15:47,gw pen login lupa pass gw tekan lupaa pass ngeluarin ups temu salah langka salah sila coba periksa halaman status
1,2025-02-07 12:50:33,butut login bener username password nya tolong baik
5,2025-02-07 12:20:12,bagus keren
3,2025-02-07 12:00:30,ya udah akun pake gmail hapus pas download login gmail ya baca nya new location login beda lokasi nya email nya
1,2025-02-07 06:29:51,gajelas tiba dapet screenshot temen akun kirim link senonoh grup apk hapus download mengecheck grup aneh habis hapus gajelas
5,2025-02-07 00:51:45,bagus main temen online temen
1,2025-02-06 17:14:41,bnyak cincong susah login awkwkwkwk
1,2025-02-06 17:01:42,ribet akun udah login
4,2025-02-06 16:44:51,bagus tolong sedia bahasa indonesia terjemah bahasa indonesia guna indonesia pakai
1,2025-02-06 16:34:42,bug join voice channel dengar suara orang dengar suara ting ting suara tanda gabung voice ulang ulang hapus data reinstall restart hp solusi koneksi lancar simpan setting hp aman diutak atik baru versi terupdate mana
1,2025-02-06 14:15:43,tolong gimana pakek udah register
1,2025-02-06 12:39:35,error tolong benerin sandi nomor hp email udah discordnya tolong baik
4,2025-02-06 11:10:02,nya bagus model detail jg bagus kurang banget suruh upgrade update ttp nge lag developer nambahin fitur stiker stiker foto video terimakasih
1,2025-02-06 10:49:56,coba login salah sandi mulu setelesah cek sandi sudeh login tolong baik bug
2,2025-02-06 10:05:08,sulit erti tigak
1,2025-02-06 07:33:56,keluarin mulu tayii
5,2025-02-05 23:21:13,hp ku dah kuat main versi baru ya pake versi
5,2025-02-05 13:49:24,maaf suara nya ilang dengeran orang gimana yah
5,2025-02-05 10:44:31,layan bgus
5,2025-02-05 10:34:35,bagus banget orang
1,2025-02-05 05:20:16,install nya tau login
1,2025-02-05 00:46:02,update nyari pesan cari g muncul pesan
5,2025-02-04 23:21:55,mantab min
1,2025-02-04 11:14:14,verify ny banget kirim gmail mls nunggu
5,2025-02-04 10:22:34,nya bagus cuy on mic game moga trimakasih
2,2025-02-04 09:26:34,login akun nya tinggal pilih pakai login pakai gmail gitu kek uptade susah login nya kembali woyy akun gw udah hilang busett dah
5,2025-02-04 07:52:21,keren motivasi bagus
1,2025-02-04 07:52:10,login cocok kali kali masuk password ganti password nya tolong baik
3,2025-02-04 06:51:00,nya bagus but please tambah fitur switch layout ui ui layout update depan
1,2025-02-04 06:20:22,login udah kali loh login nya big bug tolong hapus bug
1,2025-02-03 17:19:00,buruk login registrasi
3,2025-02-03 16:54:41,main game ilang gitu suara nyusahin banget pas main game
5,2025-02-03 16:45:34,apk nya bantu tolong kasih mode bahasa nya
5,2025-02-03 15:37:00,mantap nya terima kasih developer
1,2025-02-03 14:14:10,login susah banget pass key gabisa udh coba instal ulang log gmn
3,2025-02-03 13:21:02,mohon baik bug mobile kali suara hilang mohon baik versi mobile
5,2025-02-03 08:45:00,bagus lancar lancar
1,2025-02-03 04:41:28,gabisa login akun tolong baik bugnya menggangu mohon baik
5,2025-02-03 02:21:30,alami force close downgrade versi normal lg
5,2025-02-03 01:40:36,anti wa
1,2025-02-02 19:03:32,sedia bahasa indonesia
5,2025-02-02 11:33:31,ngak tau tulis btw bagus tuh apknya
5,2025-02-02 11:29:44,guna komunikasi jarak
1,2025-02-02 09:47:55,jelek banget
1,2025-02-02 07:28:48,jelas panjang nitro booster google play store konfirmasi kait panjang uang hilang transaksi panjang tahu refund butuh uang langsung lepas batal langgan nitro booster mohon balas tunggu
5,2025-02-02 04:29:14,login nya gimana oy susah banget udah kali coba gitu tampil bya
5,2025-02-02 03:24:42,tolong sedia bahasa indonesia
1,2025-02-02 00:10:17,pesan hapus
4,2025-02-01 19:21:04,bug verifikasi ngulang fix
5,2025-02-01 17:48:40,terimakasih q snang gam sangt seru
3,2025-02-01 12:36:14,makasih masuk moga depan baik
1,2025-02-01 08:54:02,apaansih suruh verifikasi linknya expired mulu
1,2025-02-01 06:33:25,login pake akun email ku salah pass nya udh nya
1,2025-02-01 04:15:53,tolong dana kurang ribu langgan tolong kembali
4,2025-02-01 01:57:49,login akun google biar simpel
1,2025-01-31 17:05:39,gue pake akun akil hapus pake google bikin akun benci
5,2025-01-31 13:00:36,guna mabar
1,2025-01-31 11:49:48,buruk verify capek ganti email
4,2025-01-31 08:25:52,bagus yah cuman coba tambahin fitur nya yah biar tarik
1,2025-01-31 07:59:32,apk busuk sandi masuk
3,2025-01-31 06:17:00,tolong buat fitur hapus pesan ganggu ku
5,2025-01-31 05:12:45,mantap maen lunar v
1,2025-01-30 21:50:19,udah buka link google
5,2025-01-30 19:22:09,tarik
1,2025-01-30 13:22:52,akun hack pasang af bobol tolong atas hacker ngehack akun rugi akun kena suspend spam hacker pakai akun spam
2,2025-01-30 11:18:04,aneh buka server caption crash restart coba fix bug device udah install ulang tetep suka crash aneh
1,2025-01-30 08:16:15,gatau bug ambil kode verifikasi kode nya masuk sms
5,2025-01-29 23:50:13,bagus karna video call suara nya jernih v
1,2025-01-29 15:55:24,dalam si udah bagus developer nya login baik coba kali
5,2025-01-29 14:23:14,temen ngobrol asik
5,2025-01-29 14:03:28,baguss bangett cumaa emoji nyaa bagusin lagi
1,2025-01-29 13:35:28,dasar tiba ngebug gara lu cwe gue marah tolong diperbaikin
1,2025-01-29 09:40:19,emang dongo sumpah gw gw doang alamin orang emang sakit nya apk dc gin sih jing kesel banget nya tetep login maksud nya dongooo pw tetep beda pw gua ganti pw tetep ngaruh gin gada ubah miris tholol
3,2025-01-29 07:29:30,gabisa buka hp aman aman
1,2025-01-29 07:06:25,download tipu
1,2025-01-29 06:36:40,hapus nomor hp invalid phone number pas gw ngelakuin chapcat udah bener
1,2025-01-29 05:38:13,ini lag saat nonton share screen bagi jaring baguss buka yt sosmed aman
1,2025-01-29 05:31:30,login akun muncul tulis new login location detected cek email ubah pw ulang kali uninstall reinstall ulang hapus cache sampah jaring internet ok gilir login android hp poco f aneh
1,2025-01-29 02:10:04,aneh udah login dll pas masuk org
5,2025-01-28 23:17:04,bagus
1,2025-01-28 16:51:38,authorize refresh halaman authorize website aneh
3,2025-01-28 14:47:18,suka
4,2025-01-28 12:08:51,applikasi bagus pakai sandi google gag bisah bener ayo kesal
5,2025-01-28 11:51:55,seru banget main lita teman mabar hehe
5,2025-01-28 10:41:15,gim nya hebat sorono bise jumpa oyen ade youtube
1,2025-01-28 08:42:54,bagus cocok main ama temen
5,2025-01-28 08:39:10,suka banget
1,2025-01-28 08:34:44,bagus pakai un instal nya reset hp
5,2025-01-28 01:42:02,keren cuy
1,2025-01-27 18:21:08,aneh suruh masukin kode verifikasi login kode kasih
1,2025-01-27 18:11:32,woy admin no code verify nya kagak keirim kirim plus aama pake exbox
2,2025-01-27 16:47:08,tolong dibenerin main game hilang
1,2025-01-27 14:38:59,sorry updatenya device ngejaga privasi dadak hilang terus baik tolong ya device nya balikin
5,2025-01-27 13:34:17,bagus pas share screen hitam layar
5,2025-01-27 13:07:55,kren euy ketemu orang d
5,2025-01-27 12:49:53,oke bagus
1,2025-01-27 09:47:58,suara iklan pas telpon voice chat
1,2025-01-27 09:44:13,ngerti buka nya
2,2025-01-27 09:00:07,login akun ribet sayabsudah ikut prosedur sesuai kunjung masuk menu chat
1,2025-01-27 06:47:54,gua udah nungguin verifikasi sms muncul
1,2025-01-27 06:44:12,gajelas sampah verifikasi kode sms mulu udah nunggu jam muncul
1,2025-01-27 03:16:36,pake delta nya roblox
1,2025-01-27 01:40:09,apk nya pasu sandi salah ganti pake akun af hidup coba mati af pasu nomor salah apk nya tolong baik
5,2025-01-27 00:10:13,bagus nya ngobrol
5,2025-01-26 21:29:09,bagus bahasa indonesia guna indonesia harap kembang tambah
1,2025-01-26 21:09:04,gw gapernah bayar nitro anjg
5,2025-01-26 14:58:50,dlu kecewa ama
2,2025-01-26 12:42:51,ngawur login ribet banget udah masukin gmail loh bikin ajar
1,2025-01-26 11:29:43,login pasword gmail dah knp valid
5,2025-01-26 10:36:56,bagus fitur sama versi android versi pc login akun apk clone apk social media mohon moga cepat update
5,2025-01-26 08:15:18,ngak
1,2025-01-26 02:11:23,saldo potong langgan nyusahin reffund butuh uang nya beli makan
5,2025-01-26 01:23:11,bagus apk whatsapp versi gaming
1,2025-01-25 21:12:50,yaallah tolong kembali saldo transaksi otomatis tolong kembali saldo
1,2025-01-25 16:04:49,gajelas mending hapus sandi salah
1,2025-01-25 01:19:24,jelek login nggak email udah password udah nya sih
2,2025-01-24 23:15:06,kode verifikasi
1,2025-01-24 15:11:47,crash normal
5,2025-01-24 14:56:17,bahasa indonesia
1,2025-01-24 10:33:13,gw udah isi nama ama password tulis nya invalid udah bener sandi ama nama tolong developer baik bugnya
1,2025-01-24 08:50:40,jelek gua ganti akun rusak
1,2025-01-24 06:49:08,turut sih bagus udah nya ngntt nya login bikin akun drama nya email nya udah dimasukin tutup akun suruh login ulang kayk kntl
1,2025-01-24 05:21:02,login nomor udah bener kode verifikasi nya masuk pesan tolong baik
5,2025-01-24 03:43:59,terimakasih wak bintang
1,2025-01-23 14:36:56,praktis login
5,2025-01-23 13:15:49,bagus dowload
3,2025-01-23 12:28:17,nya bagus tolong tambah bahasa indonesia fitur translate orang bahasa asing guna terimakasih
1,2025-01-23 12:01:13,aneh login ingat salah udah masukin account password salah nya nya ni tolong baik login sistem nya aneh hapus
5,2025-01-23 11:20:18,makasih game emang gua butuh sih curhat nang pliss chat salur grup pake timer lupa bahas
5,2025-01-23 10:35:40,bantu
5,2025-01-23 07:37:07,terima kasih
5,2025-01-22 23:34:15,mmbantu bljr crypto bnyk komunitas crypto
3,2025-01-22 17:51:30,ges main ekor asdar jamin hari serasa tutup tumbler
2,2025-01-22 15:11:20,jelek bagus yap
1,2025-01-22 13:30:03,apk nya bagus login verify pakai nomer kode nya muncul nya
1,2025-01-22 10:08:39,tolong fitur ignore hapus untung orang main orang whatsapp fiturnya fitur blockir banding fitur ignore fitur ignore tau ignore guna hilang fitur kasih list ignore guna
4,2025-01-22 08:11:22,mental ya pas game
1,2025-01-22 07:09:44,babi lu lu gw udah masukin email pakai nomor telepon resend resend lu kek bodoh
5,2025-01-22 04:25:57,hibur curhat teman bagi alam salam sehat
1,2025-01-22 03:11:44,apk kaga y rusak error dasar apk error moga ae apk ganti baik kaga login kaga reset password dasar erroe apk
2,2025-01-21 12:50:25,diskord min mlh tulisane register
1,2025-01-21 12:36:01,ya udah akun pas hapus nya masuk login gimana ya tolong dev nya jelasin daftar udah akun
5,2025-01-21 11:58:06,bagus gitu ngegame
4,2025-01-21 10:57:19,gta samp roleplay
1,2025-01-21 10:39:11,guna undang instal instal reward apa berita berita doomsday guna better uninstall
3,2025-01-21 10:14:19,join server ya by step tambah bahasa indonesia nya juga bingung pakenya
5,2025-01-21 08:12:09,keren main wuwa
5,2025-01-21 07:38:22,bagus main teman
5,2025-01-20 18:29:38,mantul
1,2025-01-20 13:10:16,jelek join server udah download
4,2025-01-20 11:39:52,rusak apk nya login huh uninstall
1,2025-01-20 08:21:32,log in susah bnr jing brpa kai coba ttp sma
4,2025-01-20 08:06:03,oke oke enjoy pakenya susah pas ganti akun nggak adain fitur switch account
5,2025-01-19 14:57:10,keren
5,2025-01-19 13:49:23,bagus ngobrol online komunikasi telepon
5,2025-01-19 12:04:59,game seruuu banget ketemu idola ngumpul ngobrol gabut udah nang main ngobrol curhat deh dapet makasih
1,2025-01-19 11:05:27,e bego gua uda kasih password gua salah password pala robot lu
5,2025-01-19 07:16:34,suka banget
1,2025-01-19 06:13:06,masuk akun password email
3,2025-01-19 05:30:39,sih kadang kadang log out reinstal chat log out
5,2025-01-19 05:17:12,akamademi crypto
5,2025-01-19 03:09:34,bagus banget terimakasi ya
1,2025-01-19 00:59:33,verifikasi kek pakai
1,2025-01-18 14:26:51,bikin niat gasii gabisa login kontoll sandi email nya uda bener
1,2025-01-18 11:57:51,tolong bug nya baik join voice suara keluar infinix note pro
5,2025-01-18 07:24:35,apk keren
3,2025-01-18 07:03:48,timbang jaring
5,2025-01-18 05:36:59,mula
5,2025-01-18 03:45:04,bener cocok gamer cuman aksesoris border upload foto banner gratis kadang bosen gitu uang
4,2025-01-18 01:02:25,pake samp gw si udh bagus tolong periksa bug sms terima kode verifikasi
1,2025-01-17 14:47:41,ngebug
1,2025-01-17 13:46:05,gmn sih sy udh penuhin minta g login kykny rusk
1,2025-01-17 13:36:55,percaya
3,2025-01-17 10:52:58,pake bagus pas daftar menu tanggal error ya
1,2025-01-17 09:17:20,nih kode in notice gmail tolong baik
1,2025-01-17 09:00:02,log in sulit
5,2025-01-17 05:42:15,jelek bug
2,2025-01-16 12:57:42,semenjak update sinyal ilangan text kirim banget failed to send message pc laptop aneh
5,2025-01-16 09:43:50,komunikasi jarak
4,2025-01-16 08:03:47,d seru
1,2025-01-16 07:50:30,dimasukin kode verifikasi udah udah masukin kode kirim nya pas tekan verify nggk respon respon rate limited mulu kartu beli loh emang verify gimana sie anehhh
1,2025-01-15 18:27:32,oleh kode otp sms stuck coba kode tulis kirim kode email masuk email kode otp
5,2025-01-15 10:34:19,muah
5,2025-01-15 04:47:14,bantu sya komunikasi orang
1,2025-01-14 21:47:16,login susah
1,2025-01-14 19:00:55,gua kasih bintang bintang masalah login akun daftar sekali akun alas akun register
5,2025-01-14 16:35:20,good job komunikasi jaring luas tambah teman negri
1,2025-01-14 16:12:22,anjj gw stuck parah nih monyett
1,2025-01-14 14:32:01,verifikasi nomor telepon error kode verifikasi
1,2025-01-14 13:39:38,suruh verifikasi akun email pas masukin sandi salah akun tolong baik
2,2025-01-14 13:23:48,berat sulit klik masuk grupp
5,2025-01-14 12:57:04,makasih
5,2025-01-14 12:33:15,download blum kawan
4,2025-01-14 12:19:42,tolong baik knp ya verifikasi tp hrus verifikasi
4,2025-01-14 12:07:32,alangkah baik tambah stiker banh pelit stiker pls
1,2025-01-14 11:29:21,apa an dah akun diversifikasi nomor wa nggak beda akun dalam perangkat
5,2025-01-14 08:28:02,bagus ngobrol ngobrol temen device masuk voice trus masuk kadang nya langsung crash device kuat jalanin layar
5,2025-01-14 00:44:50,bagus pokok bagus
1,2025-01-14 00:20:29,susah banget login sandi email nya
1,2025-01-13 14:45:43,tmn cam pdhl cam trus jd emosi smpe taruh telur kepala mateng kali ya bang nnti banting hp kaya mami ren dc no internet cam nya biar muter jg kasi tmn nama dipa cam muter tanggung lu dc gamau tau besok gd kendala ya dc yaaa ku tandain kau
1,2025-01-13 14:00:23,rekomended email password tpi ttep masuk taaii
1,2025-01-13 13:24:34,terjemah indonesia ya
1,2025-01-13 11:24:04,fix bug video play media close suara dengar paksa force close tonton video
1,2025-01-13 07:30:19,apk gajelass akun masalahh aneh anehh akun nya gabisa kepakek daftar pakai nomer gbsss
5,2025-01-13 07:19:27,mohon developer opsi bahasa indonesia terima kasih
1,2025-01-13 04:22:28,bayar bagus whats
1,2025-01-13 04:15:36,overall udah bagus bug gambar video kirim ilang
1,2025-01-11 19:12:24,sulit login
4,2025-01-11 16:42:20,tolong baik sharescreen pandang teman layar nya gepeng layar liat please bug
1,2025-01-11 12:02:12,robot
1,2025-01-11 11:03:12,nambahin link instagram
1,2025-01-11 08:00:33,stabil bug
1,2025-01-11 06:22:47,bug nya tolong baik pas pakai wifi gabisa suara pas pakai internet
4,2025-01-11 06:22:40,bagus ngomong temen verify akun sih gitu udah ku coba verify eh gabisa ya verifikasihnya hapus pake nomor telepon
1,2025-01-11 02:00:28,hancur suka error buka
1,2025-01-11 01:27:01,gmn dah gua dc temen gua gda suara woi
5,2025-01-11 00:33:19,
1,2025-01-10 20:42:45,alih pas verifikasi
1,2025-01-10 18:18:08,cok kaga login udah bener
4,2025-01-10 15:47:28,hufh gara gara gw ken motorouk dragon adventure gw install
4,2025-01-10 14:31:09,ngebug nya mic game gapake mic gamenya
5,2025-01-10 12:05:30,kirim pesan kirim kali kali pencet tombol pesawat kertas kirim
5,2025-01-10 11:58:25,bagus game main
2,2025-01-10 09:16:37,akun login update buruk coba login fa security keys gimana login akun coba backup code terima pesan email pakai passkey tambah lapor situs support tanggap nya bantu hadap
1,2025-01-10 08:04:39,sih tambahin fitur sign up login pake pasword malesin banget coba update busa tambahin fitut sign up biar bikin akun password tan malesin kadang lupa pwnya bikin akun kadang salah pw verifikasi anyinglah
1,2025-01-10 07:01:24,jelek nambah nomor salah udah
3,2025-01-10 03:55:28,share screen ngelag ngeframe mulu udh gitu burem jaring internet bagus enak banget
1,2025-01-10 02:11:33,gw bingung masuk nya ken ketemu bang kanu ribet banget sumpah masak make nomer email gw pas coba gw udah eh gw robot gimana sih masuk nya
1,2025-01-10 02:03:02,notif ya nyala setting an
4,2025-01-09 17:45:28,bagus kasih terjemah
1,2025-01-09 14:14:00,login susah gmail serta password lantas tulis password salah tolong baik
4,2025-01-09 13:13:27,saran logo warna nick tampil akun border gratis biar ubah tampil tarik bug moga perbaikin tolong bahasa tolong adain bahasa indonesia mudah guna moga saran terima terimakasih
2,2025-01-09 13:10:18,terkadang kirim pesan pesan kirim pencet tombol kirim pesan tombol kirim pesan relog moga baik cepat ya
5,2025-01-09 12:58:31,hasil masuk juang
1,2025-01-09 12:21:02,klde masuk tolong dioerbaiki
5,2025-01-09 08:47:14,bagi bagus masuk server gaada link cari
3,2025-01-09 07:16:55,masuk nomor telepon
5,2025-01-08 16:01:42,tolong bug nya baik gua masuk
1,2025-01-08 14:48:56,maaf bintang ntar rubah bener no hp verifikasi muncul yah
1,2025-01-08 13:10:37,update bahasa indonesia
1,2025-01-08 12:47:17,jujur pke apk mantau psangan terkadang jga suka join diroom lgi ngobrol sma tmen nya cma mkin kesni baru mkin aneh dlu pasang lgi diroom orng curiga cwek psti tnpa hrus join dlam roomnya bsa volume si account sinyalir cewek full volume mute micnya selingkuh cek account nya login dimna skrng bsa cek server
5,2025-01-08 11:28:52,tolong update tambah fitur password lupa password akun meilhat nya
5,2025-01-08 10:35:00,nya udah bagus banget fitur edit pesan emoji status dll nitro trial gratis dah dev nya tolong adain fitur lagu fitur status nya lengkap nyaman terima kasih
5,2025-01-08 06:32:56,tingkat dev nya
4,2025-01-08 04:55:23,bagus kagak bahasa indonesia
5,2025-01-07 20:47:22,info baik ad
1,2025-01-07 15:49:32,kntl uda msukin no hp vrifikasi kirm kntl
5,2025-01-07 15:43:37,baik ajar bahasa mancanegara
5,2025-01-06 19:24:43,damping handal bisnis kawaaannn
1,2025-01-06 18:05:28,registrasi
5,2025-01-06 13:23:10,bagus manfaat
5,2025-01-06 10:54:52,dapet meme
5,2025-01-06 09:15:12,gatau gabut nge rating
1,2025-01-06 09:06:34,pepeq mati anjg
1,2025-01-06 06:49:40,discordnya seru login emang dsicord gajelas
3,2025-01-06 05:54:41,nya bug telepon main game suara ku dengar lawan bicara
5,2025-01-06 01:32:40,bagus main temen temen
1,2025-01-05 10:35:35,tolong baik pake resend resend woiiiii
5,2025-01-05 08:41:15,tolong login akun tolong baik nama asli abell indo nama udah ganti command block pls tolong
1,2025-01-05 06:59:45,gaje susah atur tolong kurang depeloper
1,2025-01-05 06:28:56,bugnya bgsttt
1,2025-01-05 03:10:59,aplikkasi diacord sgt susah daftar no hp sy daftar no hp sy jg daftar tulisanny no hp tida sgt aneh sy coba daftar no hp mlh no verifny kirim kirim knp kirim pesan butuh verif no hp apliaksi sebal susah orang harap baik
5,2025-01-04 16:26:11,harap update bahasa indonesia game online fitur trading item koin rentan tipu kecuali orang percaya hobi ngegame
5,2025-01-04 16:24:21,senang milik teman teman ngobrol
2,2025-01-04 16:21:52,tolong pebaruin bikin bahasa indonesia
3,2025-01-04 14:22:19,suka ngebug suara kedengeran jaring stabil call ringtone bunyi
1,2025-01-04 14:13:21,bikin aku susah
3,2025-01-04 11:51:49,bug
5,2025-01-04 10:04:55,bagus saran tambahin fitur kategori grup
4,2025-01-04 08:53:44,coba ngak bagus copot
4,2025-01-04 08:22:12,halo guna device handphone buka foto video alami error bagi layar ikut saran developer menginstal ulang muncul moga baik
3,2025-01-04 01:17:30,sedia bahasa indonesia tolong tambah bahasa indonesia
1,2025-01-04 01:05:47,developer udah bahasa indonesia kembang udah tambahin bahasa indonesia contoh kembang
5,2025-01-03 15:46:43,ulas
2,2025-01-03 14:48:13,ubah password password do not match udah pls benerin cok
1,2025-01-03 14:45:08,login dah error mulu min bug nya tolong baik min cepat
1,2025-01-03 13:14:15,susah akun buruk buruk
5,2025-01-03 11:08:38,cocok main kalang
1,2025-01-03 07:21:42,sih sign in pake nomor wa gmail udah selsain step
4,2025-01-03 07:13:56,verifikasi nomor telepon tulis nomor akun milik akun
3,2025-01-03 05:31:21,server peod lagibatuq server pencolay najis
5,2025-01-03 03:55:32,bagus kirim pesan ya kirim pesan tulis pesan kirim
1,2025-01-02 17:13:56,apk sirkel
1,2025-01-02 15:13:07,login udh masukin pasword nya masuk
2,2025-01-02 13:57:05,mandi
1,2025-01-02 13:49:18,aneh udah bikin akun pas lupa password trus ubah tulis this email doesn t exist bikin akun notifikasi pas bikin akun email
5,2025-01-02 12:37:29,udah lihat password nya login
1,2025-01-02 10:56:06,tunggu kode enam digit muncul muncul masuk main akun masuk alas akun sebal benang kusut benang kusut ribet
1,2025-01-02 10:37:27,tulis verifikasi tau kasih nomor telpon situ butuh nomor digit nomor digit tolong baik
3,2025-01-02 10:10:58,tolong baru ken ngechat verifikasi nomor telepon pas memmasukkan nomor telepon download tulis this phone number unable to be associated with this account coba nomor telepon random teman tolong baik
1,2025-01-02 09:58:35,bagus sih tolong ilangin verification required cape banget pas masuk tolong ilangin udah kali akun tolong ilangin
1,2025-01-02 09:26:07,salah tempat icon camera
3,2025-01-02 07:15:01,kasih terjemah
1,2025-01-02 05:40:20,ngedm orang ad verifikasi captcha nge dm ad are you a robot kali udah puluh kali ilang bot coba trading dibloxfruits
5,2025-01-02 05:20:51,kayak whatsapp bagusssssssssssssssss
3,2025-01-02 01:20:34,login nya susah
5,2025-01-01 21:23:30,bahasa indonesia please
1,2025-01-01 16:02:09,latar doang cache udah dibersihin panas drop fps
5,2025-01-01 15:50:27,teman
3,2025-01-01 15:49:35,enak pakeknya bikin akun susah ampun
1,2025-01-01 15:05:27,komputer
5,2025-01-01 14:42:03,bejir keren abiez
1,2025-01-01 14:33:32,tolong baik rate limit akun blokir kali gegara rate limits apa server ikut rugi
4,2025-01-01 13:26:00,hai login no telepon
1,2025-01-01 12:53:51,login password nya sistem busuk
1,2025-01-01 10:55:06,gw dah kasih email ama sandi dah bener tetep emang apk tlol
1,2025-01-01 01:28:46,apk buruk login ngebug pas ganti pw sok sok verifikasi ujung ujung nge bug k l
1,2024-12-31 16:14:54,gabisa login ngentotttt smua salah anjg
1,2024-12-31 15:47:57,kode nya kirim
1,2024-12-31 13:34:54,keluar pas masuk akun this account already regist
5,2024-12-31 13:14:54,bagus keren
1,2024-12-31 11:48:55,susah log
1,2024-12-31 10:44:15,bikin akun pake nomor telpn kirim verify nya code nya ngak kirim nomor udah kasih
1,2024-12-31 06:34:08,hadeh udah ngirim foto hapus pesan
2,2024-12-31 06:16:59,eror tolong proses login pakek akun syaa verifikasi pakek gmail pakek code reset pasword tolong baik
1,2024-12-31 04:42:18,tolong tambah bahasa indonesia
3,2024-12-31 02:39:37,sy kasih bintang karna kalok sy live trus livenya live nya renti kocak
1,2024-12-30 15:51:26,bodoh gara akun kena bobol
1,2024-12-30 15:30:09,sulit login kendala verifikasi email email aktif nomor aktif
1,2024-12-30 14:24:33,bug mic mobile
4,2024-12-30 13:38:46,bagus sometimes apknya ngelag susah connecting youtube tolong baik ya
1,2024-12-30 12:37:14,bug kek pas chat voice suara nya
1,2024-12-30 12:22:46,apa gw daftar dapet kode verifikasi nya nomer wa nya dah bener
1,2024-12-30 12:13:58,tolong baik bug nya jelas join teman hilang pakai wifi link expired kirim pakai kouta internet masuk hasil join langsung tolong baik bug nya guna nyaman
1,2024-12-30 11:45:09,apaansih register gabisa pake nomor email gbisa udh pake email aktif gabisa gajelas
1,2024-12-30 10:59:40,g login salah pasaword mulu udah bener robot apk rusakkk
1,2024-12-30 10:34:58,akun masuk main butuh jam ribet benang kusut hasil sia sia akun main
1,2024-12-30 07:47:25,rusak
1,2024-12-30 05:29:28,ui bagus respon lambat terkadang freeze tolong benah
5,2024-12-30 05:02:57,kelua trs mohon tolong biar mulu pas main game apa
3,2024-12-30 04:38:49,mohon baik bug nya
1,2024-12-29 14:39:23,bug
1,2024-12-29 11:11:15,pencet tunggu umum doang aj susah
3,2024-12-29 08:37:47,ku nyaman sistem voice cuma salah pecet voice normal gin
5,2024-12-29 07:48:12,gitu dah
4,2024-12-29 04:19:12,atas suara dengar plz
1,2024-12-29 03:35:36,jelek banget verrry jelek bet login akun susah banget login email nasib
5,2024-12-29 02:47:59,dc web airasia
5,2024-12-29 02:36:40,apk enak banget sih nyari server jb chat dll gmpng bgttt
5,2024-12-29 02:03:40,mudah mudah bagus ny
3,2024-12-28 22:12:31,udah oke sih cuman gabisa pindahin orang channel gada role sharescreen gada suara huff
1,2024-12-28 16:11:47,bugnya tolong benerin
5,2024-12-28 16:03:30,bicara enak
1,2024-12-28 13:02:08,login nya susah ulang ulang suruh kirim nomer telepon
5,2024-12-28 10:52:16,kayak bagus
1,2024-12-28 09:04:02,sambung akun gim nih maksud nya
5,2024-12-28 08:42:07,oklah
5,2024-12-28 04:59:08,mantull parah ngomong gua
1,2024-12-27 21:27:08,login bag
1,2024-12-27 16:03:03,rusak bug udah verifikasi pake no masuk kode verifikasi nya
5,2024-12-27 11:01:39,bagus keren orang download kasih kayak nyobain nitro basic gitu biar udah tau untung lebih nitro
1,2024-12-27 07:29:53,audio jalan video
1,2024-12-27 06:53:08,gabisa masuk server lag jugaaa
1,2024-12-27 06:30:43,masuk nya gimana
1,2024-12-27 06:20:33,bug ganggu tbtb disconnect suara stream gabisa on cam
1,2024-12-27 04:36:16,gaje ih udh captcha baca nya expired mulu lu makan link expired tolol gin apk ngeselin jdi susah akses nya pake captcha jing
4,2024-12-27 03:50:00,gabung suruh download download
1,2024-12-27 02:15:48,gajelas apknya email udh bener mas gbisa login
1,2024-12-27 00:44:43,coba ayo deh dikit dikit suruh verifikasi udh verifikasi gitu kirim pesan dikit verifikasi ngechat verifikasi udh verifikasi astaga tolong baik males pake
1,2024-12-26 16:46:47,kecewa buruk verifikasi nomor telepon perihal verifikasi rumit ribet jelas perhati edit serius tanggap prosedur rumit
1,2024-12-26 14:37:52,burik kayak baca
1,2024-12-26 07:17:31,susah akun
1,2024-12-26 06:46:31,bintang ku login email daftar
1,2024-12-25 18:07:04,jelek banget login pakai yahoo gbsa lagi
1,2024-12-25 16:29:54,user indonesia bahasa indonesia sampah
5,2024-12-25 15:52:39,bagus
3,2024-12-25 11:15:34,mati main game
1,2024-12-25 08:04:44,bug lu baikin lol bikin bug urusin kode masuk login nya susah pake email gabisa
1,2024-12-25 06:24:17,ken nonton turnamen skolah kgk muncul muncul ya woe knp pdhl udh accept invite jelek ni apk
1,2024-12-25 05:20:57,ribet login konfirmasi email
1,2024-12-25 05:10:40,login verty human kelar bolak
1,2024-12-25 05:08:26,jelek login udah veripikasi email eh pas klik ip adrees kadaluarsa
5,2024-12-25 04:28:05,tau
1,2024-12-25 04:12:32,coba voice langsung crash buka setelahnnya
5,2024-12-24 15:56:09,adakan bahasa indonesia admin hati
4,2024-12-24 15:29:28,mas berat
1,2024-12-24 13:54:34,gimana banget telepon suara nya huu dc hytam
5,2024-12-24 13:00:10,bagus banget
1,2024-12-24 12:55:53,upload file buka dm ribet message eror update buruk server lambat
1,2024-12-24 12:24:55,login akun pakai
3,2024-12-24 09:27:28,tolong tambah bahasa game bahasa indonesia terjemah otomatis
1,2024-12-24 05:22:08,leg login sinyal udah bagus
1,2024-12-24 05:04:42,burik login sandi gmail udah bener
1,2024-12-24 03:40:59,mending ilangin verify pake tebak gambar your not a robot bikin susah bikin akun
5,2024-12-24 01:18:01,tolong kasih fitur mabar minicraft nya simpel kasih bintang
2,2024-12-24 00:36:28,bs tpi email already pre register
1,2024-12-23 15:15:59,udh sabar kali kali kali login ampe ganti akun tetep invalid gilir udh nyelesain fuzzle gw udah login eh menu login
1,2024-12-23 14:58:47,kode verifikasi masuk
5,2024-12-23 13:49:43,momen harga pioner open mainet pi network aset mata uang digital dunia
1,2024-12-23 03:43:31,sinting dunia login akun bikin susah fa aneh hubung hp hp hilang rusak lol
1,2024-12-23 02:43:37,bug up image
1,2024-12-22 23:12:05,sih fitur verify phone kirim kode verifikasi nya
1,2024-12-22 15:18:51,ribet masuk gua
1,2024-12-22 11:41:32,lo suara ih layar lo suara gada temen
1,2024-12-22 11:09:34,susah kali masang akun
1,2024-12-22 10:19:17,akun dc udah nyoba kali kali hp tetep error
1,2024-12-22 10:01:26,pada mw join server motion ime gabisa bug mulu gilaaa tolongg baik
1,2024-12-22 03:29:55,dikit dikit error dikit dikit error apa
1,2024-12-22 03:05:34,kali unable to register sabar besok udah besok bikin coba coba mana akun
5,2024-12-22 02:18:50,kasih sempat pake nomor akun pake nomor telepon pakai nomor gitu sempat pake email gw suruh masukin email versi email biar gw masukin email gw masukin email aneh banget sumpah plis kasih tau slh bikin konten youtube biar tau langsung dc nya langsung plis min
5,2024-12-21 16:31:07,
1,2024-12-21 14:26:31,apk anehh call gada suara samsek
1,2024-12-21 10:27:13,login susah login ribet
1,2024-12-21 10:12:36,gabisa log in akun anjirrr udah pake email password bener udah coba reset password email kirim dc nya username akun pas log in bisaaa opo iki coooo
3,2024-12-21 08:14:42,tambah fitur translate
2,2024-12-21 05:29:22,hilang akun email hapus ganti password akun terima kode website ganti password
5,2024-12-21 04:32:05,bagus chat main cdid roleplay
1,2024-12-21 04:21:52,rusak rusak knp relog gilir login susah salah aduh kecewa udh susah susah login reset suruh login ulang sandi email knp salah
5,2024-12-21 03:53:58,lumayan join dorimos family
1,2024-12-20 17:19:29,apk anjingggg login susah pdhl udh bener sndi email nya bujanginam
1,2024-12-20 16:12:56,tolong kembali ukur meng upload gif versi ukur gif upload ukur layar versi ukur gif layar menganggu visibilitas
5,2024-12-20 12:07:55,bahasa jawa doang
5,2024-12-20 12:04:07,tolong tambah bahasa indonesia polish masuk
2,2024-12-20 09:33:56,pas verify nyuruh tp pas udh sampahhh
4,2024-12-20 09:02:52,guna gammer
1,2024-12-20 07:03:52,suka muncul suara knpsi
1,2024-12-20 06:11:10,sampah anj gw masuk link server nya suruh download gw cari youtube nya ketemu tolong baik lgi
4,2024-12-20 04:44:31,bagus kadang kadang suka ngebug
1,2024-12-20 04:19:29,gua udah masukin sandi email gua tpi mlh salah apa
1,2024-12-20 03:52:18,gajelas login susah ampun
4,2024-12-20 01:51:44,developer tolong baik bug login akun udah masuk akun login verifikasi nya error mohon fix bug nya
1,2024-12-19 19:58:27,hp hang
1,2024-12-19 16:07:02,bagus susah nyariin nyarii grup bikin bingung bagusin tampil trus fitur hapus pesan biar pesan hapus makasih
5,2024-12-19 11:35:46,fitur bagus bug voice menganggu guna
5,2024-12-19 10:15:38,biasaa bagus
5,2024-12-19 08:09:00,guna
5,2024-12-19 06:04:20,nice kali inovasi fungsi okey
1,2024-12-19 04:45:29,kebanyakn pop up muncul bikin stcuk nya pencet
3,2024-12-19 03:38:05,moga tingkat lanjut
5,2024-12-19 00:51:24,bismillah harap gabung jua kavling amg tingkat
5,2024-12-18 23:50:16,seru hangout bareng temen main minecraft game mohon tambah
5,2024-12-18 17:20:11,tambah menu translate cari ketemu
5,2024-12-18 15:25:45,nya bagus kumpul bareng group game lengkap fitur bahasa bahasa indonesia baik update depan
1,2024-12-18 14:51:42,apk jalan pintas selungkuh hati ya gais pasang cek apk
5,2024-12-18 13:55:51,bagus komunikasi cari teman negeri
1,2024-12-18 13:11:30,bajing ngebugkan
1,2024-12-18 10:58:05,daftar susah loading nya
1,2024-12-18 08:15:36,apa ngasih password nomor salah
1,2024-12-18 07:05:10,sorry habis update device nya hilang
1,2024-12-18 05:46:06,all gw gabung bg winda kode gob
3,2024-12-18 05:44:40,email password dah log in new location dll ajg
2,2024-12-18 03:34:51,gada suara
1,2024-12-18 02:46:50,masalah ajg verifikasi error
1,2024-12-17 13:49:53,email sandi nya invalid gambar nya pas dasar o on dongo males buang buang
1,2024-12-17 13:41:44,lawak login g error udah jam g udah bener
1,2024-12-17 12:10:19,jelek banget susah masuk
1,2024-12-17 11:18:21,verifikasi nya complex
2,2024-12-17 08:58:38,log out masuk lagu suruh login mantap
4,2024-12-17 07:50:07,tolong tambah fitur translate tombol chat teks tahan menu translate komunikasi lancar fitur tambah kasih bintang
4,2024-12-17 05:21:53,baguss banget pas stream game hp g suara
5,2024-12-17 04:38:05,baik cmn atas bug delay android atur role channel nya
1,2024-12-17 04:21:45,ngerti pakai
1,2024-12-17 02:22:18,udah masuk email masuk
1,2024-12-17 01:53:30,verifikasi email udah verivikasi no hp gagal
5,2024-12-17 01:52:42,gapapa masuk coba terimakasih
3,2024-12-16 22:22:15,instal
1,2024-12-16 20:04:31,kode verifikasi nya muncul cape gw
1,2024-12-16 15:36:57,tolong kasih pakai bahasa indonesia
1,2024-12-16 08:27:48,robot curiga selesai tugas robot curiga ya bintang tolong baik akun moga update sempurna
3,2024-12-16 08:01:39,hallo kak inc udah laku kak nomor telephone email kak recoverynya data bug nggak nih kak
5,2024-12-16 07:37:37,ulas baikdan tipsnya hasil ralat bintang
4,2024-12-16 05:30:15,bagus sih ya bug nya kayak gakbisa masuk server kirim gambar pokok deh tolong ya benar bug nya
5,2024-12-16 04:09:45,bagus trade
1,2024-12-16 02:09:20,bug nya
5,2024-12-15 21:16:41,saran tambah fitur pause sharescreen mudah guna
3,2024-12-15 15:35:27,nyoba pakai bisa tambahin auto translet biar gampang ngobrol bareng orang
5,2024-12-15 13:00:33,bergunaa
5,2024-12-15 12:14:34,tarik
5,2024-12-15 11:12:30,mantab mabar ngobrol bareng temen temen ketemu
1,2024-12-15 09:25:36,susah login
5,2024-12-15 07:14:30,bagus deh nya
1,2024-12-15 05:42:18,download akun sandi salah tolong baik akun sandi password invalid tolong baik
4,2024-12-15 03:47:56,udah bagus nya pakai coba ngetik butuh detik enak ngetik pesan bebas ya inti tolong developer nya hilangin etik terimakasih
2,2024-12-15 03:46:21,update baru pindah role role layar gerak pindah role rolenya tolong baik login akun log out pencet pencet layar chat teman buka nge freeze tutup kali kali tolong baik ya
1,2024-12-15 02:39:21,pakai akun suka pakai akun
1,2024-12-14 16:34:00,bodoh bug geram hubung sosia media muncul failed connection idiot application
5,2024-12-14 16:23:10,bagus share screen ituu terkadang stream pause tida kendala tolong info ya
4,2024-12-14 16:16:08,bagus pinter banget
1,2024-12-14 12:06:35,ganti pw banget loading nya niat
1,2024-12-14 11:55:14,sih nomer dimasukin kasih code nya udah nunggu tetep kasih code nya
2,2024-12-14 08:34:31,verifikasi email email udh pake
1,2024-12-14 08:03:26,kasih nitro
5,2024-12-14 06:51:58,yaaaa bagus si sdkit dikecilin size nya
5,2024-12-14 04:32:39,ku coba sih kayak bagus bangett
1,2024-12-14 02:19:37,full screen volume suka ngebug kecil
1,2024-12-14 01:50:03,ribet login akun new login location detected taii
1,2024-12-13 13:12:37,orang gila cipta login ya register ny cipta ush bikin kek gin dasar
1,2024-12-13 09:57:14,pliss downloads ya
1,2024-12-13 06:22:23,hapus aj bpak lu are you not human
4,2024-12-13 02:54:53,gatau inti bagus
4,2024-12-13 01:55:22,bagus cuman quest tolong baik quest main pc muncul mobile bikin orang nyaman sekian terimakasih
1,2024-12-13 00:43:17,kode verifikasi nya kadang muncul
3,2024-12-13 00:02:02,bahasa indonesia nya
1,2024-12-12 22:59:05,tolong chat timeoutnya hapus ngak guna
1,2024-12-12 20:57:45,main nya imbang senjata tiam main kacau
1,2024-12-12 16:13:40,server buat eror gajelas
1,2024-12-12 15:11:01,kali sabar tetep gitu aj full screen layar muncul nggak apa in dikit bug ilang jaring lag gitu pdhl jaring bagus tpi kek gitu sabar bngt hadepin kek gin minimal baca min biar rusak
2,2024-12-12 14:43:11,keluar orang nolep
5,2024-12-12 11:40:55,ok login
4,2024-12-12 09:56:52,bagus handphone ngelag nya
2,2024-12-12 06:26:18,bikin bahasa indonesia
5,2024-12-12 02:09:01,bagus masuk
1,2024-12-11 15:18:18,ya login ganti password pencet
3,2024-12-11 14:16:59,login sulit verifikasi nomor telepon sulit nomor telepon akun ku login muncul tulis email does not exist hadehh
5,2024-12-11 13:25:17,maha sia
1,2024-12-11 13:14:15,login sulit
4,2024-12-11 13:13:31,log susah sih bolak email sm knp g langsung isi email trs join
5,2024-12-11 09:53:35,ku sadar sekop sekop
1,2024-12-11 09:44:38,beda akun susah bingung selesai masuk lot jaring kencang cek fps
1,2024-12-11 09:35:33,jwlek
1,2024-12-11 08:43:36,gajelas akun gua kena suspend gegara ngetik
1,2024-12-11 02:47:02,sangatt susah karna verif nomor telpon nomor aktif opsi email akun hilang
5,2024-12-11 00:22:01,suka
1,2024-12-10 10:34:31,bug login benerin oyy
1,2024-12-10 08:35:34,bug sambung akun spotify roblox dll
1,2024-12-10 05:16:58,email udah bener sandi udah bener gabisa login
1,2024-12-10 04:37:30,suka mempermaimkan orang paksa orang pakai menyenagkan facebook telegram wa
3,2024-12-09 14:22:07,ganggu bet nama nih apk bahasa indonesia selisih jir
5,2024-12-09 12:49:48,bagus memnantu
1,2024-12-09 09:16:40,ya bagus minus bagi akun
1,2024-12-09 06:46:44,tolong baik masuk gmail sandi salah ganti sandi akun tolong baik
3,2024-12-09 03:21:32,suara soundboard suara
5,2024-12-08 17:25:32,kece
1,2024-12-08 14:32:04,rusak dah bs kirim pesan sih harap baik bug ya developer
1,2024-12-08 11:44:03,bug isi gmail
1,2024-12-08 09:08:51,peregis
3,2024-12-08 06:17:39,kasih bintang bayak bug telfon temen ku keluar telfon nya
4,2024-12-08 05:30:56,kadang ngebug kirim file gambar
1,2024-12-08 05:06:36,code verification nya terima
5,2024-12-08 03:34:23,apk nya bagus nelpon keluarga
4,2024-12-08 00:34:37,bagus bug notifikasi tampil menu mute mark as read
1,2024-12-07 17:24:44,susah masuk
5,2024-12-07 16:22:10,bagus bagus jam menit cuman login terimakasih bantu kubur mental
5,2024-12-07 16:03:45,bagus chatan
2,2024-12-07 15:59:49,loginnya susah kali stuck verify nomor email artikel udah baca login restart uninstall ku coba min admin
1,2024-12-07 13:20:53,login nya susah banget
5,2024-12-07 10:47:46,seru banget dapet teman
1,2024-12-07 09:26:35,jelek login kali
5,2024-12-07 07:30:47,beguna pvz fusion versi
1,2024-12-07 06:55:09,tolong yh udah ku tunggu menit kasih code digit nya
3,2024-12-07 02:50:03,lumayan main voice game nya l
2,2024-12-07 02:35:31,fitur cari channel bingung cari channelnya
1,2024-12-07 01:15:02,suka disconect gajelas
1,2024-12-06 22:25:12,potong dana
1,2024-12-06 17:18:59,apk ribet kalok ngurusin akun login lupa sandi
1,2024-12-06 13:57:53,login suda login ter kunci dagabar ter kunci busuk apdet pliss
5,2024-12-06 13:22:05,seru gada temen aing
4,2024-12-06 13:02:30,min masuk ya sms nya masuk nomor ponsel
4,2024-12-06 12:56:48,ya dengar music suara kresek kresek web suara tolong bantu
2,2024-12-06 12:08:33,kamera suka mati kali bugnya tolong benerin
5,2024-12-06 12:01:10,bagus bug selesai
3,2024-12-06 11:41:53,tolong tambah bahasa indonesia nya tambah kasih bintang
2,2024-12-06 11:06:41,on mic dengar trus mode tekan suara mohon maaf min benerin
5,2024-12-06 09:54:23,salah akun unable to register based on the information you provided we can t create an account for you right now akun bener tiba muncul nama unable to register baik
2,2024-12-06 09:21:22,susah login nya
5,2024-12-06 03:17:59,bagus nih apk pas mabar patah patah banget mic nya ngak gitu pas main minecraft
1,2024-12-06 01:31:22,tambah bahasa indonesia
1,2024-12-05 17:27:38,apk gajelas login pake nomer hp tpi code verify kunjung apan
2,2024-12-05 15:35:15,pas verify pake nomor wa ngestuck udah kasih tau notifikasi nya kode tolong stuck gabung grup main
2,2024-12-05 11:35:08,brp developer maaf banget udh coba langkah kasih tpi ku bingung butuh kode sms nya masuk kode nya masuk masukk
1,2024-12-05 09:26:59,verifikasi nomer handphone
3,2024-12-05 08:25:02,manfaat
5,2024-12-05 08:22:07,bantu user game
1,2024-12-05 07:43:10,bintang kasih jelek
2,2024-12-05 07:30:58,discrod susah ya daftar discrod verifikasi nomor telpon tolong ya atas nya terima kasih
5,2024-12-05 07:26:20,keren banget mudah komunikasi game
4,2024-12-05 06:24:19,jarang kepake
5,2024-12-05 05:39:32,udah bagus model detail upgrade
4,2024-12-05 02:42:51,apknya bagus cuman suka call dc nya tolong baik
4,2024-12-05 00:10:38,tolong hadir bahasa indonesia sulit paham bahasa inggri lancarr
5,2024-12-04 09:35:12,mantap moga capet
2,2024-12-04 09:20:11,apasih akun verifikasi robot nya kali kali cape ulang ulang mulu
1,2024-12-04 06:16:18,pasu san salah
1,2024-12-04 06:00:30,biar upload video ukur nya bawah mb ukur video mb mb beli nitro
5,2024-12-04 04:22:03,puas rate nitro gratis
5,2024-12-03 23:29:10,alam bagus bagi voice channel fitur soundboard spam suara metal pipe jatuh
5,2024-12-03 14:02:15,thanks mu update bokep baru
1,2024-12-03 11:32:03,bug mohon baik
1,2024-12-03 04:38:31,lag aneh suka respon device poco f gatau clear cache udah install ulang udah
5,2024-12-03 04:35:25,bagus sedikit kah boost free week
1,2024-12-03 04:16:54,apk tolol gua robot
3,2024-12-02 22:08:02,kadang suka error
5,2024-12-02 22:02:05,tolong kasih untu coba boost gratis week
1,2024-12-02 14:31:15,login aman ketat nomor masuk
1,2024-12-02 13:49:24,rusak gua kode verifikasi muncul muncul
3,2024-12-02 11:42:44,error kirim foto file udah coba uninstall tetep
2,2024-12-02 10:53:41,gabisa upload ngirim foto video orang kondisi jaring stabil wifi
1,2024-12-02 10:44:30,hp gua share screen suara nya tolong baik
3,2024-12-02 10:39:16,bagus banget star nunggu pas verifikasi digit kode udah masukin nomor ku plis send kode nya ken masuk servernya world booooxxxxxxxxxxxx pliisisisisiissssss t i o o
5,2024-12-02 09:26:00,batu
5,2024-12-02 06:42:01,bagus simpel
4,2024-12-02 05:51:04,baguss teman negeri mobile android fitur gift decoration temen fitur pc bayar pc erti mobile maksud yaa fitur ditambahin android mobile teman hadiah gituu emang udh kasi tau gimana caranyaa ty
1,2024-12-02 03:53:54,kirim kode pake whatsapp pake sms anjay
2,2024-12-02 01:56:24,download login ribet ingat manusia robot captca nya muncul muncul auto login
5,2024-12-01 18:20:05,ngeleh men
1,2024-12-01 18:16:01,ni dah su gw udah connect in akun youtube connection lost gagal udah ulang kali nyoba tetep hasil benerin sinyal gw bagus bagus failed trus dongo
1,2024-12-01 15:21:12,discrod rusak udah login babarapa akun tetep pake nomor jga nunggu kode nya banget
1,2024-12-01 15:09:12,menginstal ambil saldo biadab
1,2024-12-01 14:21:55,susah kali login nya salah masukin password email bener masukin password email pakai nomor telepon
1,2024-12-01 12:17:24,malesin detect bot code masuk sampe susah verify
1,2024-12-01 11:54:24,masuk nomor telepon sesuai nomor nya donwload ulang
1,2024-12-01 09:09:24,buset login pakai dc pas web pc bikin login disusahin
1,2024-12-01 08:30:02,banyak konfirmasi ai bacot banget login doang susah
3,2024-12-01 07:52:50,bagus bugnya chat keload jaring bagus on mic mohon baik terimakasih
2,2024-12-01 03:02:34,sih skrg susah daftar kayak masukin verifikasi udah bener mulu
1,2024-11-30 19:07:28,klw manusia ikut rules apk tolol x ngulang ngulang hasil jngn apk klw ndak beda manusia robot
1,2024-11-30 19:06:26,tolong diperbaikin verif nomernya
1,2024-11-30 17:47:33,payah
3,2024-11-30 17:44:07,gua masuk dc slalu bang udh bulak download
1,2024-11-30 16:34:19,hp restart buka voice menit
1,2024-11-30 16:22:03,apk pilih gambar bikin akun gimana si gua udah betull
1,2024-11-30 13:40:30,jelek anj lu nomor la email la hadehh serah tolol bikin mood gua ubah snj
5,2024-11-30 13:36:21,kelas wir
5,2024-11-30 13:15:27,good apk mudah informasi
4,2024-11-30 12:43:36,chat teman
2,2024-11-30 10:46:13,controlling editing channel delay on android pc aman
1,2024-11-30 07:23:52,layar penuh
4,2024-11-30 06:54:38,download download pvz fusion akuuu
1,2024-11-30 02:16:55,bagus putar video youtube putar video loading coba masuk layar hitam tolong baik
3,2024-11-30 00:21:08,dc hubung youtube ya gagal
5,2024-11-29 22:01:04,mantap
5,2024-11-29 16:04:07,neng sih apk dapet temen mabar deh main
1,2024-11-29 15:58:52,gua masuk nggak masuk masuk
1,2024-11-29 14:10:51,apk nya on mic suara org
1,2024-11-29 13:25:10,apk te sya te masuk akun ku ulang
5,2024-11-29 13:21:14,aduh gantengnyaa
2,2024-11-29 12:49:27,gagal sinyal pake wifi
1,2024-11-29 12:14:36,gimana ya pas main game gabisa fullscreen
5,2024-11-29 11:37:53,ajar
1,2024-11-29 09:45:01,ll daftar susah
1,2024-11-29 08:01:19,nautin nomor nerima kode nya nomor nya digunain emang jelass cepat baik ikut langkah langkah tuduh proxy vpn download pikir pikir gonta ganti akun hasil emang udah rusak
5,2024-11-29 06:32:04,ya bagus bagus sih
1,2024-11-29 06:02:58,masukin akun masukin udah bener ngapain lu login paket gua habis donglot
1,2024-11-29 03:27:39,maaf apk masuk tulis unabel to register pls baik
1,2024-11-28 16:46:41,share screen gw gepeng jir user samsung
1,2024-11-28 14:49:23,tolong baik bug
1,2024-11-28 13:22:05,sampahhh jelek banget busuk gw login pake email gw coba aneh banget kali diliatin gw cape ngurusinnya
2,2024-11-28 09:40:58,tolong baik bug voice cuman layar landscape
4,2024-11-28 04:45:05,bahasa indonesia
5,2024-11-27 23:47:34,baik adakan tampil auto translate chat
1,2024-11-27 15:55:57,kek iat udah ganti nomer otp busuk
5,2024-11-27 15:50:16,developer nya tolong kasih bahasa indonesia biar bahasa inggris susah
1,2024-11-27 14:58:26,bagus
4,2024-11-27 14:19:51,masuk bahasa indonesia apk guna akses nya
5,2024-11-27 14:08:24,bagus udh oke
1,2024-11-27 14:05:05,bug suara dengar telfon
5,2024-11-27 13:23:12,bagus nyaman
2,2024-11-27 12:40:35,tolong baik pesan kode smsnya delay
5,2024-11-27 11:43:06,apk bagus
1,2024-11-27 10:21:58,nomer hp notifikasi nya woyyy ko ngirim masuk sms gimana si bantu udah tetep code masuk nyangkut tiang listrik
5,2024-11-27 08:15:50,tolong tambah bahasa indonesia dev
1,2024-11-27 07:53:21,tolong fix bugnya woi dah spam email support dah ikut pandu sakit bug login bug restart bug half screen broo update woi pc bug sound hp pc cok udh support nganjurin reinstal ama restart modem indihome kali tolong lahh spam email kali kali hah
1,2024-11-27 06:33:53,sia nubener apk teh gblg teguna
1,2024-11-27 06:07:01,verifikasi nomor kode muncul
1,2024-11-27 06:05:17,update baru jd jelek banget anjg
1,2024-11-27 04:55:01,emang kode sertifikasi kirim
1,2024-11-27 03:15:18,login anj
5,2024-11-27 03:07:37,bagus enteng pakai serbaguna
5,2024-11-27 00:13:21,assalamualaikum warahmatullahi wabarokatuh
2,2024-11-26 22:13:36,bagus baik windows os android sayang android bengong stuck loading sosmed kuota me restart normal postingan
1,2024-11-26 14:21:34,jelek lahh gw pasang email gabisa password doesn t match udah persis bikin emosi
1,2024-11-26 12:31:35,rusakk bug verivikasi pake no gabisa ketat minimal aman sistem ketat operasi sistem lancar ken sistem ketat bug kecewa ama dc wkwkw
1,2024-11-26 10:17:08,ngk register pake gmail coba nya kali kali mas
4,2024-11-26 05:08:21,bagus erti guna
5,2024-11-26 02:40:52,bagus cari teman online komunitas aktif
1,2024-11-26 02:27:40,update bug dibiarin bug buka thread tampil blank kosong doang
1,2024-11-25 19:17:59,apk verifikasi susah
1,2024-11-25 15:16:22,voice call pas on mic suka suara
1,2024-11-25 14:53:24,bug muncul gambar video call orang handphone muncul handphone mati suara baik
1,2024-11-25 14:01:50,eror login akun
1,2024-11-25 13:23:57,rusak
1,2024-11-25 12:36:12,update rusak
1,2024-11-25 10:43:56,login diribetin autotentikator nya lupa disimpen mana wkwkwkk
1,2024-11-25 07:43:22,donlowd
1,2024-11-24 21:18:06,knp loginnya susah banget sih pdhl dlu tuh
5,2024-11-24 16:45:31,senang banget teman situ seru seru banget temennya anak anak situ heboh banget suka banget loh teman teman
1,2024-11-24 16:02:05,bugnya screen buka aktifitas belah trus ska gabisa pencet jelek uninstall kali kali smpe paksa henti apknya trus mati nyalain handphone nya samaaja gabisa
1,2024-11-24 13:40:35,cah ribet bgtt suruh verifikasi no telepon seta gw masukin pesan muncul login aman verifikasi nya ky asi
1,2024-11-24 12:25:23,ribet banget login doang susah
1,2024-11-24 11:50:01,bintang gw kasih bintang gblk email password log in gabisa login
5,2024-11-24 10:52:22,mohon bantu kena glitch login kasih email password masuk lihat interaksi grup dc nya tahan ikon appnya muncul servernya pas pencet muncul login mohon bantu admin edit makasih dc bantu
1,2024-11-24 10:44:43,nomor verify nya masuk nomor telephone tpi muncul sms tolong baik nomor aktif
1,2024-11-24 10:02:24,gw forgot password gabisa suruh lokasi dikirimjn lokasi
1,2024-11-24 06:45:40,rusak install baru nonton share screen full screen klik nonton susah mati mesti double klik terus orang join gaada suara kirim gambar uda kirim bilang failed main game klik join again susah rasany gaada ubah rusak mulu android hp nambah mending bener baik bug nya deh
1,2024-11-24 04:59:01,masuk login dasar sampah
2,2024-11-24 03:46:10,bug kayak loading loading internet udh mbps mohon baik
1,2024-11-24 03:43:12,sirkel
1,2024-11-23 18:56:13,bahasa indonesesia mudah mamasukan nomor telepon verifikasi
1,2024-11-23 17:47:48,jelek gua udh nitro pake
3,2024-11-23 15:46:51,tolong tambah bahasa indonesia
1,2024-11-23 14:13:43,apk sampah masuk delay ngelag mulu pdhl sinyal lancar
1,2024-11-23 13:19:07,apa loging ribet bet
5,2024-11-23 11:26:37,hebat
1,2024-11-23 09:47:04,registrasi akun banyak tele tele
2,2024-11-23 08:47:48,versi bug
1,2024-11-23 08:09:16,sekarng suruh ganti email sandi kirim pesan ganti sandi tulis password sesuai emang sesuai usernamenya
1,2024-11-23 06:15:50,developer bahasa indonesia doang
5,2024-11-23 05:15:49,moga dermawan developer nya
3,2024-11-23 02:22:17,buka dc bntr hp panas ntah device nya support dc nya berat pdhal maen game berat lancar jaya nggk sampe panas buka dc
1,2024-11-23 02:07:59,akun login
3,2024-11-23 01:34:09,tolong bahasa indonesia biar ngerti
5,2024-11-23 00:04:13,dpat komunikasi
5,2024-11-22 20:02:51,mudah sayang support multi bahasa server server
1,2024-11-22 19:37:55,apk burik gin play store udh register suruh verypy udh bener email password nya aj hapus apk
5,2024-11-22 16:01:59,applikasi bagus mula percrypto an ngebantu banget
4,2024-11-22 15:15:02,nya bagus saran update voice push to talk nya apus ribet pencet mic
2,2024-11-22 09:56:24,tolong login butuh verifikasi kode otp kode otpnya kirim nomer handphone tolong baik
3,2024-11-22 09:03:21,tolong verify nomor susah banget nomor nya udah bener
4,2024-11-22 07:48:41,tolong dev bug jaring fix jaring bagus main langsung down
5,2024-11-22 01:10:10,muas
5,2024-11-21 14:49:16,nampilin game main cuman genshin cuman mobile pc gimana nya search chrome google hubung genshin impact muncul hasil nya good job
5,2024-11-21 11:33:22,kreator indonesia malaysia
5,2024-11-21 10:16:16,suru pet reting dc muas
1,2024-11-21 09:05:15,sulit verifikasi kode captcha tolong baik
5,2024-11-21 00:40:25,bagus bagus suara mabar sisa nya bug
5,2024-11-21 00:06:36,senang komunitas
5,2024-11-20 23:07:34,bantu tingkat tahu wawas
5,2024-11-20 19:03:09,terimakasih tangan kendala sulit
1,2024-11-20 16:54:35,banyak bug versi android better versi
1,2024-11-20 15:09:09,susah verifikasi code otp
1,2024-11-20 11:57:13,masuk pake nomor tulis nya eror pakai email eror rusak
1,2024-11-20 10:52:23,update kini terimakasih
1,2024-11-20 10:12:51,verivication required nya buka capek capek download melon sandbox mod gua pas pakai nomor telepon hasil gilir sms code salah code nya dah salah
4,2024-11-20 05:40:03,mohon baik kadang suka nge bug suara nya robot
5,2024-11-20 03:50:42,blum pakai nya
1,2024-11-20 02:46:15,tetap tanggal lahir kali step daftar akun tetap tanggal lahir tetap tombol akun nyala
2,2024-11-20 00:49:26,gada pilih bahasa indonesia sii ganti bahasa gada indonesia
1,2024-11-19 19:22:46,diupdate versi baru bug lelet minim fitur versi
4,2024-11-19 17:42:05,please add indonesia language
1,2024-11-19 17:04:23,nonton live stream mode landscape hp full screen samping kiri gambar belah kanan hitam
1,2024-11-19 17:03:30,gjls download suara gaada gabisa login akun udh bikin sblmnya kesini buruk
1,2024-11-19 16:29:44,aneh login susah banget udh bener verifikasi robot nya gila banget ulang ulang ngotak anjir udh lelet aneh
5,2024-11-19 15:24:14,terimakasih developer baik bug login
1,2024-11-19 12:03:49,code verifikasi telp masuk code kirim
1,2024-11-19 04:52:15,email password valid salah hasil longin device laptop pusing tau email password orang sih
5,2024-11-19 03:26:14,kalaw pakai ngobrol bareng orang orang kenal kenal main game
5,2024-11-19 01:33:42,guna jem lucky
1,2024-11-18 22:54:35,daftar daftar nya susah
5,2024-11-18 17:17:19,makas km ak denger sho
1,2024-11-18 14:21:00,apa ngerti samsek ni apk tuh bener bener gabisa log in apk verifikasi gimana gabisa bilang nya suruh update gilir update gabisa pasang hp udah gitu verifikasi captcha gabisa loh udah muak gw masuk gc kek nyimak gabisa nimbrung karna alas nya bom verif emang apk nya susah verif
1,2024-11-18 13:52:02,putar video muncul black screen hadeh jelek update jelek
5,2024-11-18 13:46:57,chatting gamers anime komunitas
1,2024-11-18 12:27:51,plis masuk nomor email verify nomor kode kode kirim kirim cek sms chat
5,2024-11-18 08:42:05,udah bagus banget nya cuman tolong baik bug suara terimakasih
1,2024-11-18 04:52:49,woy gimana pasword email bener cok gara gara disgoblok
4,2024-11-18 02:41:07,tolong tambah bahasa indonesia
5,2024-11-18 01:38:37,tolong tambah bahasa indonesia ngerti fitur fitur nya
1,2024-11-17 21:47:58,sumpah dah ni apk ngeselin banget login gabisa ulang nya apk join aneh banget dah mending hapus apk
1,2024-11-17 17:30:57,update buruk sumpah pas sherescreen suara tllong baik
1,2024-11-17 17:00:42,chat nelfon bayar dlu
5,2024-11-17 13:27:32,gin enak makasih
1,2024-11-17 11:30:37,kode otp kode masuk masuk anying cape kali nih dc babi
1,2024-11-17 09:49:48,ribet verifikasi server gabung server
1,2024-11-17 06:33:40,tolong log in sulit nama verify verify nya nomber telepon ya gpp kode backup autentikasi prnah
1,2024-11-17 06:28:42,payah lo gin ny
1,2024-11-17 06:27:07,akun banned alas dikatakain gmail postingan bau child abuse
5,2024-11-17 06:05:26,g tau
5,2024-11-17 06:04:34,best chat teman
2,2024-11-17 06:02:09,gabisa kirim pesan ya gagal trs pdhl jaring aman
2,2024-11-17 05:58:01,update berat buka ngetik versi ringan dah mending dr make update
2,2024-11-17 05:49:53,benerin bug chat nya chat orang kirim load messege internet
1,2024-11-17 05:45:24,gembel banget anjir sinyal gw udh bagus buka lancar buka ngebug error gajelas tolong baik bintang minus udh gw kasih minus ni bintang
1,2024-11-17 05:44:26,bug hapus chat balas chat
1,2024-11-17 05:41:47,suka ngeleg lawak
1,2024-11-17 05:35:58,dev error kirim pesan failed message tolong baik
1,2024-11-17 05:32:15,bug nya
2,2024-11-17 05:31:47,kendala repot kondisi hubung muncul suara kadang kadang hilang
2,2024-11-17 05:01:18,lupa sandi udah susah masuk akun
3,2024-11-17 00:27:26,login nya susah pasword gmail nya pas tulis nya gmail pasword invalid masuk
3,2024-11-16 15:42:27,mic nya ngebug download ulang biar males kak instal ulang mic bug dapet code confirmation nomor
2,2024-11-16 13:40:26,main eh errornya pikir bagus kayak org eh errornya tolong fix bug nya yaaa
1,2024-11-16 09:39:32,send pic pending nya banget parah
3,2024-11-16 07:37:09,sulit pilih bahasa indonesia list bahasa nya
1,2024-11-16 07:29:30,login fa repot mengaktiflannya says akun buat sulit login
1,2024-11-16 06:51:33,susah login
4,2024-11-16 05:27:28,bagus main roblox dkid
1,2024-11-16 05:26:13,pasu tanggal lahir confirm
1,2024-11-16 02:45:22,eror masuk uda eror
1,2024-11-16 02:40:36,nya rusak dak login register
1,2024-11-16 01:59:45,leg
5,2024-11-16 00:40:43,keren apknya
2,2024-11-15 22:15:05,coba udah daftar ajah
1,2024-11-15 18:36:56,ganti nama g ganti pp g chatt blok admin iya apa nitro premium lol bintang bagus
3,2024-11-15 15:39:27,bahasa indo nya
2,2024-11-15 13:39:02,layar banget susah liat hp hp hp muat hapus sebernya bagus hp susah pencet
2,2024-11-15 12:32:06,tolong ya email sma password knp salah trus aneh
1,2024-11-15 12:31:35,gw login gabisa pasword ama email dah bener tetep salah gw dah cek google email ama paswordnya salah rekomendasi apk
4,2024-11-15 12:15:10,lupa paswoord
5,2024-11-15 11:02:52,gua temen youtuber bjirrr
5,2024-11-15 10:51:23,yeah ulang handphonenya ilang bug nya
5,2024-11-15 10:25:55,suka seru ketemu teman asik crush gw wheheh download dc ges
5,2024-11-15 09:45:05,manfaat gamers
1,2024-11-15 09:34:42,akun dikatain not human akun habis masuk
2,2024-11-15 08:36:59,eeh tolong daftar pasword udah bener salahin bingung tolong pesan nya kirimin kirim
5,2024-11-15 05:45:23,buka pm nya ngefreeze mulu device gw kentang
1,2024-11-15 01:07:13,suaramya hilang hapus dowload suara makasih tani
5,2024-11-14 20:34:13,mantap translate nya
5,2024-11-14 20:13:29,bagus banget komunikasi temen temen virtual
1,2024-11-14 19:49:25,gabung game royal amplikasi ilegala royal maenkan game koin bas judi system pelit miskin playernya parah game koin
2,2024-11-14 12:36:01,tolong keluh baik tolong cepat baik sosial orang
1,2024-11-14 12:34:39,update bug nya bug input sensitivitas nyala suara masuk mati atur manual input sensitivitas nya suara masuk mohon baik cepat coba reboot ponsel terimaksih
1,2024-11-14 11:56:10,gua tau gimana pake nya
1,2024-11-14 10:42:02,buruk error kali suara dengar hapus instal ulang normal kali kali perangkat update perangkat baru turun andai pakai paksa maka
1,2024-11-14 10:03:03,t daftar susah masukin tanggal lahir
3,2024-11-14 09:11:43,bagus cuman bug microphone alami user android please fix this bug
3,2024-11-14 02:01:09,ken login pas umur birthday udah isi gabisa
1,2024-11-13 23:01:19,ribet banget login bikin susah
5,2024-11-13 18:19:18,bahasa indonesia tolong uodate
4,2024-11-13 17:01:56,mohon fitur pesan baca dm private chat guna bahwasannya pesan baca orang dichat tuju terimakasih
1,2024-11-13 16:22:29,oi balikin apk lu kayak pas sharescreen suara apk discordnya seru anjay
1,2024-11-13 14:30:02,ganti password woi
5,2024-11-13 13:33:13,jasa rubah hidup sintas dunia maya
4,2024-11-13 12:03:15,udah masukin gmail bilang salah
1,2024-11-13 09:37:22,pas ngisi umur umur
2,2024-11-13 09:06:20,woy masuk akun lupa pasword kode verifikasi nya kasih siiih
1,2024-11-13 08:50:52,plis kode verifikasi pakai nomor telpon banget udah pakai kode verifikasi kasi nya masuk tolong benerin
5,2024-11-13 08:08:46,bantu
1,2024-11-13 05:27:19,benci banget verifikasi nya gw jengkel mati verifikasi tolong baik sistem verifikasi nya bikin gw maki sih
4,2024-11-13 00:40:06,suara hilang susah komunikasi
5,2024-11-12 23:36:05,terimakasih segenap tim developer selenggara thanks for google nice
1,2024-11-12 18:39:08,pas pasuk umur klik
1,2024-11-12 15:56:06,login sulit pake nomor pake nomor verify sms kirim kirim login pake email deteksi orang login akun verify gitu gitu jelas apk sampah
2,2024-11-12 15:27:43,suara
2,2024-11-12 12:25:46,bug muluu dah suara
5,2024-11-12 11:45:01,nya bagus banget
3,2024-11-12 11:42:55,bagus pas masuk server kasih youtubers deskripsi link kasi masuk
3,2024-11-12 10:06:10,coba admin stuck logo
1,2024-11-12 05:35:14,kirim kode anj
4,2024-11-12 03:17:27,ngirim kode otp verifikasi no hp tahun ya kasih bintang kasih otpnya gimana nih ku up star baik verifikasi tolong kembang ya biar nyaman pakenya
1,2024-11-11 13:51:17,error chat ku nggak kir m
4,2024-11-11 13:22:45,tolong admin kasih bahasa indonesia yaa biar mudah paham
1,2024-11-11 10:54:17,verifikasi susah ampun login
1,2024-11-11 09:50:00,login pakai akun
1,2024-11-11 09:38:29,lanjut date of birth
2,2024-11-11 08:07:02,ntah pas share screen mic nya off
1,2024-11-11 07:12:31,masuk emali nama sandi bener masuk
1,2024-11-11 07:01:21,udah email bener login
1,2024-11-11 02:48:00,marah banget daftar kali kali loh
5,2024-11-10 16:05:52,min terima kode verifikasi
3,2024-11-10 15:07:01,reorder roles ngebug mulu bug rotasi hp
1,2024-11-10 13:42:08,pas catut tanggal error tekan tolong baik
5,2024-11-10 13:08:53,susah bhs indo plus cari teman grup
1,2024-11-10 12:11:39,muncul notifikasi crash suruh restart udah mencet restart gabisa nutup buka gabisa cache apus buka file tiba ngecrash
5,2024-11-10 11:28:19,guna bicara tampa rumah nya
1,2024-11-10 11:08:30,keren banget suka obrol main kontolatos
1,2024-11-10 10:17:35,nomor telepon kunjung muncul kode bintang
2,2024-11-10 08:31:20,gagal kode verifikasi nomor
1,2024-11-10 07:54:16,pliss canda
1,2024-11-10 07:32:49,sms masuk
5,2024-11-10 05:55:24,seru
1,2024-11-10 05:29:25,ngebug mulu gw join server tbtb hilang servernya gw coba pc ama browser
5,2024-11-10 04:18:46,aktif game main
1,2024-11-10 02:54:04,susah banget verify sistem nya busuk developer dengerin ulas hadeeh
1,2024-11-10 02:30:56,benerin bug nya anj register
5,2024-11-10 02:00:21,mudah komunikasi orang whatsapp
1,2024-11-10 01:41:53,kont ol males log in register ujung ujung dah bab i
1,2024-11-09 22:33:25,ok atur tanggal lahir gmn daftar
5,2024-11-09 21:20:57,sorry min gua kasih rating ber btw nih bagus
1,2024-11-09 16:08:44,hei ayo verifikasi nomor telpon ayo kau benar mu harap ikut salur mu
4,2024-11-09 15:40:41,tolong tambahin bahasa indonesia
1,2024-11-09 13:25:58,knp sya register ngisi tanggal lahir pencet create an account kah sya mnta bantu
5,2024-11-09 12:57:40,bagus cari teman mabar teman voicechat
1,2024-11-09 12:46:37,gua isi tanggal lahir cok masuk
1,2024-11-09 12:27:21,register akun pilih email dll isi tanggal lahir masuk tanggal lahir tanggal lahir
1,2024-11-09 11:25:54,update buggg gimana streaming open mic pas streaming mic ku fungsi
1,2024-11-09 10:57:24,kocak gw bikin akun pas nyampe tanggal lahir tanggal lahir nya ngebug kaga ganti hadeh
1,2024-11-09 10:38:04,talong baik tanggal nya kaga verifikasi tanggal
2,2024-11-09 04:54:00,ni apk nape sih gw make suruh verivied gmail udah gw kasik bilang you gmail have been registered dhala
2,2024-11-09 01:50:19,saldo dana kurang verifikasi bayar liat kemarin saldo kurang terima kode verifikasi akses verif bayar aneh uang kembali
1,2024-11-08 18:11:23,log in pake nomer suruh verif pake email ya susah jing auth msg masuk via nomer la
1,2024-11-08 16:18:50,ngebug kadang suara ngomong ilang suara denger dah bantu alat hp bagus sinyal bagus
1,2024-11-08 15:39:48,gambar uploud compress susah org kerja
1,2024-11-08 13:52:06,banget proses akun baru nomor uda bener email udah bener
5,2024-11-08 07:41:57,diacord keren
1,2024-11-08 07:31:25,apk guna fun fun eh kesini verif email kode verif muncul lama aman verif no hp kode verif muncul akun new dikit verif kode verif muncul auto hapus apk
4,2024-11-08 00:39:13,tolong sedia bahasa indonesia kewalahan baca cape baca tulis inggris kadang ngerti kadang ngerti dah
5,2024-11-07 19:49:10,moga manfaat nambah ink
4,2024-11-07 18:20:47,coba biar tshu manfaat
1,2024-11-07 17:54:41,dah setaip gif lag nya
1,2024-11-07 16:40:02,apk login kode kirim
5,2024-11-07 12:47:58,mantabbb
1,2024-11-07 11:20:46,masalah udh verifikasi nomor nggak invalid udah cek kali nggak proses salah kecewa
3,2024-11-07 10:50:29,kadang ngebug tolong baik
1,2024-11-07 05:02:37,sih pas cari orang salah bilang bot susah anj login nya
5,2024-11-06 18:13:18,wis tau
5,2024-11-06 15:46:52,moga tuhan berkat
1,2024-11-06 14:19:49,difix screenshare ngobrol ngomong discordnya dlu full main ngobrol
2,2024-11-06 13:48:44,tolong baik bug connect youtube bln bs lapor lwt email tp baik tolong cepat baik bug ny
3,2024-11-06 13:41:48,optimizenya busuk ngelag teross oke gwe tambahin bintang udah rada mending
1,2024-11-06 12:32:58,login ribett buat akun email daftar masuk anehh
1,2024-11-06 11:47:18,voice call share screen buka share screen suara dengar voice call dengar suara teman teman voice call
2,2024-11-06 11:09:13,jelek share screen gada suara payahh
1,2024-11-06 08:42:28,rusak download pencet trus langsung apk tolong baik
1,2024-11-06 07:48:37,masuk udah kasih smail pasword kanapa
1,2024-11-05 19:26:22,registrasi masuk sulit fix uninstal
1,2024-11-05 16:01:06,daftar lol
1,2024-11-05 15:16:40,bug lupa password login kasih click gambar sesuai fix login
2,2024-11-05 15:01:50,gx bhs inggris tolong mudah pervikasi no hendponnya pervikasi tolak jd bintang turunin sukses bintang nya
1,2024-11-05 14:07:56,gimana sih on mic gua udah coba ganti akun ganti device tetep
1,2024-11-05 13:39:02,masuk
3,2024-11-05 12:08:41,halo tim memberitahukan kait verifikasi telepon verifikasi kode muncul harap baik
1,2024-11-05 11:51:28,robot main ha
1,2024-11-05 10:17:41,mic nya error min udh coba suara ku masuk
1,2024-11-05 09:34:51,macet
1,2024-11-05 08:37:43,anj bnyk bug baik tambahin bahasa indonesia ny tambahin bahasa inggris nya
1,2024-11-05 08:36:48,benerin bug registrasi lol
1,2024-11-05 07:51:27,anj your human apk asu benerin anj
5,2024-11-05 03:50:09,bagus bantu
4,2024-11-05 01:49:27,bagus kirim gambar bug
2,2024-11-04 23:59:44,pakai kecewa gegara sandi lupa ngga ganti aneh ngga kode no hp daftakan riset sandi
5,2024-11-04 23:23:03,guna
5,2024-11-04 18:43:01,mohon bahasa indonesia adakan semuah erti bahasa negeri
1,2024-11-04 18:37:05,apk scam ngehapusin nitro orang orang henti langgan biar bangkrut
1,2024-11-04 17:23:26,tolong baik bug share screen pas share screen suara gabisa dengar temen
1,2024-11-04 15:00:45,pas login email gabisa tolol
1,2024-11-04 14:22:03,log in susah
1,2024-11-04 14:03:15,muas dimainin kayak game ff
4,2024-11-04 13:42:50,terkadang bug voice main game
1,2024-11-04 11:42:01,eh ngurus bener woyy punya login pake email
1,2024-11-04 09:26:00,sharescreen ngobrol temen room voice suara dengar dengar suara tolong baik bug secepatnyaa
4,2024-11-04 06:11:13,susah kirim pesan ya update ngebug developer hormat tolong baik
1,2024-11-04 05:36:32,tari masuk udah tari process udah tolong proses cepat main game kecewa salam juang receh sayidi
1,2024-11-04 01:48:36,share screen suara hambat
5,2024-11-04 01:20:13,join dc kadang erorr
1,2024-11-03 23:39:50,masuk tgl lahir ajh
1,2024-11-03 21:16:06,susah verifikasi nomor doang
1,2024-11-03 16:57:58,login akun bijak fa harap baru tambah verify tambah nomer telp akses
1,2024-11-03 13:34:44,sharescreen suara bug nya gapernah fix suruh restart mulu hp
1,2024-11-03 12:07:53,nya expired linknya cuman udah expired tolong benerin nya
1,2024-11-03 10:14:53,register gagal log in gagal masuk developer baik
1,2024-11-03 09:56:37,pasu tanggal lahir
4,2024-11-03 09:00:28,bagus sih aneh nelfon pas bicara suara aneh
5,2024-11-03 08:58:47,guna banget
1,2024-11-03 08:15:53,masuk tgl lahir
5,2024-11-03 07:12:05,tau event selenggara
1,2024-11-03 03:46:54,tolong fix bug verify nomor karna verify kode muncul kode verify nya muncul
1,2024-11-02 17:41:33,tolong verifikasi nomor telepon udh bnr loh kode tpi ttp komen udh tpi blm benerin mls banget ginian tuh lambat kerja duh
3,2024-11-02 16:50:14,tambah pilih bahasa indonesia tranlate nya bintang tambah
2,2024-11-02 14:55:37,gimana dah ngebug gimana masukin tanggal lahir register biar login udah kesal mohon baik min
3,2024-11-02 14:24:06,add indonesia language
1,2024-11-02 13:08:12,verif nomor karna kirim code kirim ulang miris banget
1,2024-11-02 12:20:40,apk ya susah bet masuk nya
5,2024-11-02 08:46:12,seru gue main bareng ama orang negeri kota wkkw
1,2024-11-02 01:14:54,pante sumpah email udah bener ngebug tanggal kon udah susun bener kaga save gitu babi
4,2024-11-01 23:59:00,nggak masuk salah server
4,2024-11-01 16:39:05,nyari tau bahasa indonesia download bahasa indonesia nya ya
1,2024-11-01 13:55:38,parah sih apk nya registrasi daftar banget bag nya tanggal lahir ulang gue nya tanggal sekian eh tau nya parah bag nya tolong d baik apk nya orang orang ngeluh
4,2024-11-01 13:50:23,bgitulah
1,2024-11-01 13:48:08,apa verifikasi code valid
2,2024-11-01 12:12:11,cacad verifikasi nya lot
5,2024-11-01 11:49:40,sigma wing
3,2024-11-01 11:04:16,bagus akun masuk tanggal lahir diinput mantap
3,2024-11-01 10:45:56,lumayan tetep rese mobile kayak potong tiga upload gambar kayak bug mode landscape mode potrait klik gambar
2,2024-11-01 08:52:25,pas akun
1,2024-11-01 06:50:33,masuk nya gimana ribet banget gw akun x ad tulis nya lokasi account failed gimana dah udh gw coba kali tetep
2,2024-11-01 06:36:08,masuk email log in sana tulis email guna deteksi sigh in pakai isi ulang register email sana tulis guna daftar tolong baik yaa kasih bintang mohon obrol teman
5,2024-11-01 00:29:09,oke bagus
1,2024-11-01 00:22:28,ngelek habisin batre sulit erti moga hari suram
1,2024-10-31 22:30:04,apk login susah banget apk mending hapus dsri playstore
1,2024-10-31 15:51:09,benerin laaa terima verifikasi nyaa update apknya jelass banget anjirr bagus update update an gin bikin ribet mual banget bikin akun gegara nerima verifikasi
1,2024-10-31 13:47:58,gabisa verifikasi nomer hp kocak nomer hpnya dipake coba pake nomer temen invalid coba gada respon coba kasi limit maksud kocakkkk tolong evaluasi nya min
5,2024-10-31 13:44:17,terima kasih ya
5,2024-10-31 13:12:40,bantu ngilangin nomer telpon udah kait akun ganti akun lupa password verifikasi nomer telpon udah nyangkut tolong bantu
1,2024-10-31 12:52:06,apk setan
3,2024-10-31 10:52:48,astaga masuk pas register pas masukin tanggal lahir fix pls
1,2024-10-31 10:31:50,nyetel tanggal lahir atur suruh ngulang
1,2024-10-31 09:12:12,sumpah sy voice sm tmn tuh aman tpi kesini banget ngebug suara kedengeran temen gabisa besarin volume voice grup jdi hrs dlu trs suara ngebass temen pdhl apk aman telp an trs jg gabisa masuk voice grup kedengeran pdhl tmn ngomong dn sy jg ngomong tpi tanda hijau nya lgi ngomong tolong fix bugnya
4,2024-10-31 05:56:23,upsanya besok aj yak
1,2024-10-31 04:17:28,ribet daftar akun doang
2,2024-10-31 00:54:04,tolong sharescreen mobile android bug suara mic
2,2024-10-30 13:37:23,sy terkadsng suara masuk tolong
1,2024-10-30 12:31:22,apa an cek nomor telepon betul gilir verify kode sms trs gilir verify pake captcha invalid phone number gimana sih
1,2024-10-30 11:43:21,parah daftar balas sms nya
1,2024-10-30 07:40:18,bug umur daftar pilih pencet tnggal tanggal
1,2024-10-30 07:20:48,stupid apps susah login ribet sulit guna
1,2024-10-30 06:22:46,susah banget daftar nya
1,2024-10-30 04:54:13,verivikasi no hp website
1,2024-10-30 04:39:40,gue daftar masuk captcha pakai bahasa inggris gue faham maksud lo kuda zombie alien setan tambahin privasi email isi langsung masuk baru isi atur akun kuat aman atur konsep login sakit kepala boro boro masuk bosan alhasil gue hapus apk manfaat kagak
1,2024-10-30 03:46:06,mohon baik bug micnya dengar
3,2024-10-30 02:29:05,why bintang gin sumpah gw tau gunain pas download akun situ gw bingung kayak orang masuk grub foto video pemberitahuan member masuk mohon maaf
1,2024-10-30 01:11:16,astagfirullah min bug nya emang gin banget ya
5,2024-10-29 22:19:19,slalu bagus banget
1,2024-10-29 16:01:54,bikin apk bener kntl lu ngecit ya
3,2024-10-29 15:53:41,update device
1,2024-10-29 14:42:40,suara
1,2024-10-29 14:42:21,tolong benenar hp support apk nya kompetible tolong fix
1,2024-10-29 14:18:16,terima pesan sms kode verifikasi nya ya maaf bintang
3,2024-10-29 10:53:39,tolong developer nya baik masukin tanggal lahir tolong benerin
5,2024-10-29 08:15:08,keren banget sukaaaa banget
1,2024-10-29 07:33:55,login crome login bikin akun hadeh tolong depan problem kaya gin hilang
1,2024-10-29 06:52:08,kagak verify akun mending fitur login nya sucks orang nguli baik mati lu sial
1,2024-10-29 05:50:00,eror login akun
1,2024-10-28 17:13:56,log in pakek nomor telepon susah ampun gimana sih niat banget bikin
1,2024-10-28 17:07:57,parah gw b indonesia nya ngerti b inggris ngerti kasi
1,2024-10-28 15:14:20,tombol accept dc nya pencet
1,2024-10-28 13:02:13,log in susah akun register susah males pakai ribet mending tutup sulit
2,2024-10-28 12:53:04,crash log in hp ku restart
1,2024-10-28 12:07:02,ya streaming suara hilang main game buka suara pulih
1,2024-10-28 11:42:46,gabisa login tolong baik apk
1,2024-10-28 11:26:04,apk daftar login udah sulit
1,2024-10-28 11:10:06,kaga pw udah bener bilang salah coba
3,2024-10-28 11:01:10,gambar loading
1,2024-10-28 07:20:59,akun bs input tanggal
1,2024-10-28 06:09:36,buruk
1,2024-10-28 05:33:06,bug pas join stream kadang gambar
5,2024-10-28 05:20:45,bagus
1,2024-10-27 22:32:56,udah pake email asli google lu apasih gw udah pake pw beda beda
4,2024-10-27 17:50:16,bug kamera mati update fix
3,2024-10-27 16:35:00,erti buka mobile laman chat nya blank mohon baik bug buka mobile cepat
2,2024-10-27 15:38:11,tolong fix apala nambahin nomor telpon invalid phone number coba mati hp tetep
5,2024-10-27 13:46:30,bagus ngobrol ama temen
5,2024-10-27 12:33:02,bug mana tolong baik
2,2024-10-27 11:43:20,plis tanggal lahir pencet tolong baik
3,2024-10-27 11:40:23,daftar tanggal lahir set tanggal lahir balik tanggal
3,2024-10-27 05:18:17,jalan kendala device low lagging animasi lite hp low terimakasih
1,2024-10-27 02:54:22,login susah banget
5,2024-10-27 01:15:43,adu bug langsung tangan cepat terimakasih
1,2024-10-27 00:33:23,login ulang kompetibel
1,2024-10-26 23:52:02,pilkasi buruk masuk email password
3,2024-10-26 17:20:23,ngga update sih kocak bener dah
1,2024-10-26 16:24:28,email sandi udah bener reset email udah bener sad nya login astaghfirullah
5,2024-10-26 16:02:06,lancar main game
1,2024-10-26 14:42:31,jelek akun salah sandi nya
1,2024-10-26 13:50:21,bicara
5,2024-10-26 13:29:08,bagus grup gaming mantap
3,2024-10-26 12:47:59,ya pas login bisaa
1,2024-10-26 12:46:59,lelet ribet
1,2024-10-26 12:36:31,login apk paok hapus play store
5,2024-10-26 09:41:22,apk nya bagus gabung orang
5,2024-10-26 09:00:28,hedra manfaat suka
1,2024-10-26 08:08:23,banget ni bot udah bener masuk
1,2024-10-26 06:54:46,apk bantu komunikasi teman virtual
4,2024-10-26 06:45:57,tolong pas nambahin nomer telepon dah bener invalid
4,2024-10-26 03:38:01,harap mensuport giat konten kreator selesai giat rumit nyala
1,2024-10-26 02:04:58,login error discordnya
1,2024-10-25 19:08:09,sobet ribet bodoh
1,2024-10-25 17:56:40,apk goblog kga suara
1,2024-10-25 17:53:30,tolong ya login adain fitur otomatis login google dah biar ngisi email password manual nyoba login perangkat banget balas email keburu expired email nya login sulit
2,2024-10-25 12:39:36,buka nya bug gajelas gabisa chat kirim foto
1,2024-10-25 11:46:42,login nya susah bet sih banget syarat nya nyusahin
1,2024-10-25 11:38:28,apk aneh udah bener
2,2024-10-25 07:04:28,susah masuk udah akun pas masuk bilang password invalid pas kode ferivikasi gaada kirim
3,2024-10-25 06:18:08,rumit banget loginnya salah
1,2024-10-25 05:49:58,bug nya kali tolong baik nya kirim chat teman mikrofon suara tolong baik oke sekian terima kasih
3,2024-10-25 03:50:57,tolong tambah bahasa indonesia pliss
1,2024-10-25 03:16:35,bug pass gw login suruh masukin nomor verifikasi nomor verifikasi muncul ama terima ngebug pecet burik
5,2024-10-24 23:49:55,bagus temen main gim sukses slalu kingdom lord
2,2024-10-24 18:49:32,fungsi bagus kelola akun kesal login nomor ponsel verif email verif email gabisa pantad
2,2024-10-24 18:04:32,kode chat masuk akun
3,2024-10-24 14:08:08,verifikasi nomer handphone registrasi akun verifikasi server masuk tolong cepat baik
2,2024-10-24 13:23:53,suara share screen
1,2024-10-24 13:10:38,install knp voice nya dengar teman
1,2024-10-24 12:25:21,tgl ultah ngebug ganti tolong baik
1,2024-10-24 08:10:23,kode payah
5,2024-10-24 06:29:58,tingkat windows
1,2024-10-23 16:29:49,nya mulu buka baik yaampun update nyusahin
1,2024-10-23 14:57:47,gw download gabisa login codenya gaada gw tunggu sekaliii puluh puluh menit jam jam
1,2024-10-23 14:08:45,si login ribet
1,2024-10-23 13:26:43,udh dikirin no tlpn nya ko kode masuk masuk mn udh lg
1,2024-10-23 13:05:05,lu bikin cewe gw betmut suara kayak robot gegara lu njir
1,2024-10-23 12:33:42,daftar no hp jelek
1,2024-10-23 12:01:29,tau
1,2024-10-23 11:40:54,tolol anj jelek akun ngestuck umur mu
1,2024-10-23 11:38:22,tolong join server join ulang kagak masuk server nya kagak kena banned
1,2024-10-23 10:31:26,ken verify nomer hp nomer udah bener salah si
1,2024-10-23 09:53:30,bug kadang voice akun kita dalem voice pesan kirim kali pesan kirim kocak
2,2024-10-23 09:24:03,status game mati tutup gamenya laptop sampe jam tolong perbaikin bugnya
3,2024-10-23 07:32:35,tambah bahasa indonesia
5,2024-10-23 06:59:34,bapakkau
1,2024-10-23 06:07:45,login email sandi
1,2024-10-23 06:06:34,tolol cuman promosi mute lol admin nya
1,2024-10-22 19:06:41,susah banget login bgst
1,2024-10-22 17:38:56,notifikasi verify nomer masuk
2,2024-10-22 16:11:14,update eror suruh login akun bisa
3,2024-10-22 13:12:04,bagus cuman nelpon mabar suka mati nya gimana ya developer edit developer
3,2024-10-22 11:38:26,nya bug masuk masuk masuk
1,2024-10-22 10:41:25,balikin akun gw gw gabut add friend gitu doang bot verifikasi number kacau terima kode sms nomer telepon
4,2024-10-22 09:41:39,apknya bagus sih pake bahasa indonesia gabisa login email
1,2024-10-22 08:49:30,tolong atas verifikasi gmail udah ulang kali masukin gmail password muncul tulis ubah alamat email cepat coba
1,2024-10-22 07:35:33,apaa register lol
1,2024-10-22 06:43:22,pencet tombol verify
1,2024-10-22 05:43:13,aj login disusahin bug
5,2024-10-21 16:49:03,bagus tambah teman tukar tahu
4,2024-10-21 16:04:01,seru ngobrol nonton film main game bug grup chat kadang ilang nyaman
1,2024-10-21 15:49:49,bapuk parah lag ilklan
5,2024-10-21 15:25:43,login banget jaring nya bagus login milih gambar
1,2024-10-21 14:44:25,discrod cweekuuu gbisa knpaaaa bkin mood hancur harap hancurrr tanggung eror trusss loginn cpee tauuu
1,2024-10-21 13:55:56,sumpah verify email susah ampun dah jam muter muter
5,2024-10-21 11:34:43,knp dah buka ngeblank item doang lgi enak voice ngeblank item
1,2024-10-21 11:12:32,susah login hdeh
3,2024-10-21 11:08:57,akun tanggal lahir
2,2024-10-21 10:46:03,login susah banget
1,2024-10-21 10:32:31,bikin akun ikut langkah langkah
4,2024-10-21 10:04:50,tolong optimal fitur crash mohon
5,2024-10-21 06:13:35,bagus bug pesan gambar kirim baca gagal kirim failed to send massage terkadang suara masuk voice channel dengar orang
1,2024-10-21 04:19:31,bug dc kntl
1,2024-10-20 23:53:32,login geje
1,2024-10-20 19:10:35,baik mic share screen
3,2024-10-20 17:15:45,making bug
1,2024-10-20 16:14:30,bicara pas share screen tolong update kaya gitu tolong baik
1,2024-10-20 15:00:34,mengverifikasi nomor telepon kode nya masuk sms
2,2024-10-20 14:24:06,sulit login
1,2024-10-20 12:51:22,telepon suara hilang kadang mati telepon nya
1,2024-10-20 11:28:08,nya rusak gimana sih login pakai nomor telpon trs kirim kode udah invalid mau gimana
1,2024-10-20 10:07:58,gj masak suruh ganti email kek tol
1,2024-10-20 09:16:17,login tulisa rare error broo gitu mending hapus playstore udah jelek kayak orang
5,2024-10-20 05:48:59,suka tempe goreng pake sambel basreng makan versi aceng
5,2024-10-20 03:27:24,and shafa theatre wgwg aggregat eteh ttup turret difollow rt jfb ya kak kurang kurang kurang kurang kurang kurang nyaman
1,2024-10-20 03:14:16,daftar akun email nya daftar pas login akun email daftar gimana dah aneh banget
1,2024-10-20 00:54:05,bintang q nya bug kode masuk masukn tanggal gbisa deteksi inti buruk
1,2024-10-20 00:14:31,bug stuck jir apk dc
1,2024-10-19 22:39:02,bug mana coba ganti tanggal lahir pas daftar ubah registrasi
1,2024-10-19 20:09:24,rusak dah sampe beli hp tetep ae ngaruh login akun nomor telepon pas verify code update rusak wkwkwk
1,2024-10-19 14:17:49,verifikasi nomor hp udah nyoba kali kali kode kirim
1,2024-10-19 14:00:25,apk tolol kirim kode verifikasi kaga masuk kocakkkkk buang kouta gw ajaaa
1,2024-10-19 13:24:34,login sulit
1,2024-10-19 13:15:04,apk gajelas gua suruh verifikasi akun dongo
2,2024-10-19 12:46:57,ngebug mulu benerin
2,2024-10-19 10:14:51,pas bikin akun kagak masukkin tanggal ulang
5,2024-10-19 09:30:29,bug mending
1,2024-10-19 07:08:17,coba login code verifikasi kirim cari informasi youtube atas login
2,2024-10-19 06:03:33,anj gw bikin akun gabisa kasih manusia habis pas confirm tetep suruh pilih gambar ngerti gw
1,2024-10-19 04:53:01,ngaksengaja mengapus fa akun ku anu ngak edit bot ku
4,2024-10-19 02:07:28,keren cukk apknya
5,2024-10-19 00:36:52,terimakasih nya teman covid kenang
1,2024-10-18 14:51:35,udah daftar daftar tlol
1,2024-10-18 13:46:48,audio benerin min
2,2024-10-18 13:24:09,suka tampil rubah tampil versi kasi bintang kasi bintang
2,2024-10-18 12:40:34,login logout akun coba akun masuk akun tolong baik
1,2024-10-18 11:07:10,kode login pakek nomor wa
2,2024-10-18 10:42:41,tolong gimana saran nya ko masuk ya tulis nya kaya gin dasar informasi buat akun ya
5,2024-10-18 09:56:19,seru ngobrol orang
1,2024-10-18 09:10:42,tolong tambah bahasa indonesia bahasa indonesia
1,2024-10-18 09:02:36,apk eror pass login masukin email ama password
1,2024-10-18 08:11:23,akun
5,2024-10-18 00:43:04,kumpul bicara main
2,2024-10-17 17:28:33,masuk nya cok
1,2024-10-17 15:27:14,ngeshare gambar doang loadingnya abad internet aman upload speed loading gambar banget
1,2024-10-17 14:35:25,notif kadang muncul kadang nggak saiya harap baik
4,2024-10-17 13:53:40,nya ok kendala pas masuk game nya nya hubung
5,2024-10-17 12:36:16,game dg main seru asyik n vitur tarik gambar n vidio kagum bravo doomsday tambah teman kuat sahabat kuat aliansi dg aliansi
2,2024-10-17 08:18:59,pas udah selesaj verify muncul pls baik bug
5,2024-10-17 06:57:38,guna apl hak milik
5,2024-10-16 22:51:45,setel tanggal lahir sampah
2,2024-10-16 19:23:09,aman aman nge crash buka
2,2024-10-16 15:18:39,hi fitur hapus pesan nya update fitur susah mohon bahasa indonesia ada terima kasih
5,2024-10-16 14:43:04,bantu main ama bang ryan hitzet ch
1,2024-10-16 11:09:52,woi pas download menginstal
2,2024-10-16 10:36:49,kagak login gimana nya lancar tp gimana dah kagak login
5,2024-10-16 10:36:17,cloud baik
1,2024-10-16 08:40:40,sulit login
2,2024-10-16 08:33:04,sayang lengkap terjemah bahasa indonesia
1,2024-10-16 07:44:16,he apk ngeselin gua udah masukin kode lu acc bug apaa gimna si udh gua masuk in kode nya bilang kode salah kode kirim lu
1,2024-10-16 07:41:41,akun ku terdetek ip mulu sih situs nya mah lancar login tolong baik bug nya ngga
1,2024-10-16 01:20:16,tau masuk akun kga
5,2024-10-15 23:38:43,tolong baik bug nya
5,2024-10-15 23:28:40,puas pakai diacord main game game komunikasi
3,2024-10-15 19:33:15,dapat ku tpi turut bagus bebas yah krn bijak
1,2024-10-15 18:03:53,benerin nya padalan emil no telpon udah bener tetep nggk masuk
3,2024-10-15 16:36:48,knapa suara mulu ya
1,2024-10-15 12:30:46,
1,2024-10-15 10:06:07,masuk tanggal lahir tolong tambah login akun google mudah
1,2024-10-15 08:39:40,tolong benar masuk tolong benerin ya
1,2024-10-15 08:36:51,login susah bener dah gabisa login
1,2024-10-15 05:10:31,tolong hapus verifikasi sms sulit akun kirim kode verifikasi whatsapp
1,2024-10-15 03:59:36,tolol susah bet masuk nya
1,2024-10-15 00:23:18,buka
1,2024-10-14 23:56:15,nulis gatur angkah lahir ya
1,2024-10-14 15:29:35,guna banget login pakek nomor kasih kode verifi kode gmail konfirm tanggal tombol konfirmnya gimana orang login milik akun log in
5,2024-10-14 15:04:51,game seru bagus
1,2024-10-14 12:11:41,verfikasi emali muncul inbox
1,2024-10-14 12:10:59,ngefreze nih gmn ya update
1,2024-10-14 11:28:10,registrasi masukin tanggal lahir ku pas login pake nomer telepon suruh masukin code udah kirim gua dapet codenya gua uninstall deh discordnya
1,2024-10-14 11:21:49,kode verifikasi masuk registrasi akun tunggu jaring kuat lancar device bagus
1,2024-10-14 10:47:17,digit code verify phone terima kali coba parah
1,2024-10-14 03:06:14,responnya jelek klik susah banget pesan pribadi gila bet dah
1,2024-10-14 02:18:55,gimana teman
5,2024-10-13 13:29:45,apk bantu join
1,2024-10-13 12:12:47,kode otp apk ngak masuk ngak notif no bener mas aktif penting guna komputer pc pikir guna mobile
1,2024-10-13 11:52:20,verifikasi akun nomor hp masuk nomor hp terima sms kode verifikasi
1,2024-10-13 09:23:31,bug coba bug nya kunjung hilang
1,2024-10-13 09:10:58,login usah sih ngeselin ajaa ngga kah ngebuat sistem langsung login akun google kait x gitu
1,2024-10-13 08:17:12,gabisa buatvlogin hdeh
1,2024-10-13 06:59:39,udh ganti sandi kali login
1,2024-10-13 06:52:55,aneh udah bener login
1,2024-10-13 05:00:20,tau knpa gabut doang ngasih bintang
4,2024-10-13 03:51:03,susah mencet verify
5,2024-10-13 00:36:58,sulit
5,2024-10-13 00:24:25,bagus selingkuh
1,2024-10-12 22:50:44,email login
1,2024-10-12 21:38:07,seru
1,2024-10-12 15:02:57,delay dc buka profil smpai sec
2,2024-10-12 14:52:12,bug suara
5,2024-10-12 14:17:45,bagas dibble
1,2024-10-12 12:53:48,benci apk send video mb suruh bayar bayar nitro kirim mb banding whatsapp whatsapp video mb bayar kecewa bebas upload mb benci apk moga ajar salah
2,2024-10-12 12:45:35,benerin bug mic pepe capek gw apus donlot gara bug
1,2024-10-12 12:21:38,diskord apk reting jelek alesan nya hadeh komen gw hapus direspon gimana sih ni diskord udah login akun diskord gabisa muat akun kacau ni diskord
3,2024-10-12 11:43:19,pas pake emote fc
1,2024-10-12 11:19:42,tolol ku masuk pwnya udh tolol
1,2024-10-12 10:47:09,tolol gimana si gabener
5,2024-10-12 10:34:33,thanks banget dc cuz dc gua ketemu temen banget gua kangen
1,2024-10-12 10:14:21,klik tombol verivikasi pasu kode otp
2,2024-10-12 09:28:08,plis email udah coba verifikasi gabisa udah ganti ganti email
3,2024-10-12 08:27:57,tdi main pas main dri apknya trs ken main buka tu apk nya apknya masukin masuk knp ya tolong baik bugnyai ya developer
3,2024-10-12 03:13:22,bintang fitur translate chat bintang
5,2024-10-12 02:41:06,mantap masuk cuman download yss shader wkwkkw
1,2024-10-12 00:24:56,email dn pw udah bener salah mulu
3,2024-10-11 18:28:16,suara orang share screen dengar tonton mohon tindak lanjut terimakasih
1,2024-10-11 16:42:03,ngebug
5,2024-10-11 16:37:03,bagus keren banget banget pokok mantap banget sayang bahasa inggrissaya harap developer teman bahasa indonesia karna orang erti bahasa inggris harap cepat tolong banget tambah bahasa indonesia karna guna indonesia harap developer tambah ubah bahasa indonesia plisss
1,2024-10-11 12:34:28,tolong baik link kasih buka
1,2024-10-11 12:17:18,gua guna daftar pas daftar masuk bikin email password suruh bikin tanggal udah ganti eh tanggal nya ganti masuk aplikasi situ hedeh cape cape
1,2024-10-11 10:58:35,woi gimana masuk sih kesel bet asli udha bikin akun kagak masuk apa
1,2024-10-11 09:36:36,masuk email salah
4,2024-10-10 18:32:03,
1,2024-10-10 17:13:00,bug masuk voice channel suara
1,2024-10-10 16:34:37,apk ajg asu ngenteni
1,2024-10-10 14:37:37,voice gua sampe bikin tetep
1,2024-10-10 13:56:54,pls verify nomor telepon susah bet njir limit kirim code sms nya coba kali fix tobol verify coba verifikasi nomor telepon masuk codenya pas pencet tombol nya bantu kecewa cuman verify nomor coba beneran fix bug dah apa susah bettt
3,2024-10-10 13:56:17,suara dengar
5,2024-10-10 13:43:48,ya tuhan jauh hamba sekte pp ungu alias ulti nol buta map bocil rungkad manta
4,2024-10-10 11:01:14,bagus mabar ato ngumpul tau masuk nya
1,2024-10-10 10:24:18,tolong baik akun verifikasi udah verifikasi muncul
4,2024-10-10 07:42:56,cuman bintang karna phone namber ku error
1,2024-10-10 05:17:21,kasih bintang daftar akun susah nggak fitur lanjut google fitur lanjut google tulis password tulis nama akun tulis email lanjut google pencet akun langsung daftar selesai tolong developer tambah fitur lanjut google tolong please
1,2024-10-10 05:16:21,dc baru tahun
5,2024-10-09 23:10:49,tingkat forma nya kendor rekomendasi download
3,2024-10-09 19:36:08,gabut parah
5,2024-10-09 17:49:13,ngbrol teman seru mudah fitur tarik santa teman online
1,2024-10-09 15:21:30,gua masuk dicord
1,2024-10-09 13:41:44,semenjak ganti akun dc tombol kirim ngebug gamau kirim trus kadang pas ngetik tombol kirim hilang apk lot parah
1,2024-10-09 13:13:32,susah ya pas udah update masuk gampang banget tolong baik lag kode aduh kalok baca fix peduli
1,2024-10-09 12:35:01,bug jengkel banget ubah voice kedengeran sumpah update deh bug jelek rusak rusak
1,2024-10-09 10:59:48,apk nya jelek akun pas tanggal lahir nya udah atur sesuai muncul ok suruh masukin tanggal lahir gitu udah kali coba pas coba login google pas masuk apk nya baca nya email not correct
1,2024-10-09 09:58:22,login pas masukin email sm sandi udh daftar login aneh
1,2024-10-09 07:53:24,developer sombong bahasa indonesia
1,2024-10-09 07:27:20,kasih masuk verifikasi nta moga selesai gw udah coba bikin
1,2024-10-09 07:12:47,bug najis
5,2024-10-09 02:24:07,udah bagusss
1,2024-10-09 02:20:06,bug nya tolong baik yah pas bikin akun dah tolong bug nya baik yah
2,2024-10-08 14:53:05,ngisi tnggl lahir nth ud brp x bgtu trus daftar susah
1,2024-10-08 14:51:14,apk jelek streaming suara eror nya
2,2024-10-08 13:57:09,tutorial atas pas masuk eh fc
2,2024-10-08 13:50:57,suka apknya udh ngebuat email akun asli google nggak udh register pas make akun nggak sesuai verifikasi email akun nggak notifikasi masuk jujur emosi make nih apk seribet
1,2024-10-08 13:16:47,akun gambar mobil susah ultraman pas gambar maaf diskon nggak masuk allah emang gua coba mah nggak wa hapus kali bintang nggak aneh emang
1,2024-10-08 12:29:17,udah daftar via email muncul verifikasi pake nomor telepon
1,2024-10-08 11:03:18,login ribet are you human ganggu banget nomor udh bener suruh taro code verifikasi tpi kirim pke nomor
5,2024-10-08 09:49:25,ku
5,2024-10-08 06:40:47,
1,2024-10-08 06:34:18,kasih tutor daftar nya
5,2024-10-08 06:30:54,mantap rek
2,2024-10-08 04:20:26,problem apk hp redmi note pro g kirim chat pribadi pindah chat group kali chat priibadi kirim
5,2024-10-08 01:34:46,bantu ajar bareng sam temen
5,2024-10-07 21:36:59,ehehe terima kasih error penginstalan android pas nyoba udah ingat playstore dasar perangkat perangkat
1,2024-10-07 16:48:35,panggil suara piahk a b gabisa suara bikin cewe gua ngambek tolong baik
1,2024-10-07 16:36:55,bintang lysa
2,2024-10-07 16:23:18,woi min tolong baik bug mic nya share screen home mic nya langsung mati sekali hidup mic nya ulang ulang restart baru instal ulang
1,2024-10-07 16:00:19,ribet bikin akun tolong simpel akun apk apk
2,2024-10-07 14:50:25,apk ny udh bagus login register nya sulit mula change email lh verifikasi email udh login telpon saran moga login mudah
1,2024-10-07 13:44:52,lolot susah banget cuman login doang an jinc
1,2024-10-07 13:18:29,login akun je ribet
2,2024-10-07 12:58:09,susah login
1,2024-10-07 12:42:03,kode verifikasi nomor muncul muncul login susah udah akun masuk tolong baik enak login nya kaya susah
3,2024-10-07 12:42:00,suka banget notif dm muncul harap baik t t
3,2024-10-07 12:18:35,makan kuota
1,2024-10-07 10:22:02,ngga ngga kirim message forum read doang tulis done reading blablabla dah hapus fitur bug ngga
3,2024-10-07 09:57:17,login akun kode verifikasi nya masuk perangkat coba akun nomor telepon kode verifikasi nya masuk tolong developer discrod baik alami cuman doang kena fix nya kasih bintang terimakasih
1,2024-10-07 07:26:48,bugg
5,2024-10-07 05:25:28,suka
1,2024-10-07 00:42:12,log in doang sulit anjink
2,2024-10-06 21:16:21,suka gajelas gabisa buka video bugnya baik cacat gin
1,2024-10-06 13:53:46,wkwkw apk hp xioami rednote pro g hapus apk download ulang fungsi apknya pas update kayak taik apknya dc suara akakaowkwlwl bener rugi
5,2024-10-06 12:05:53,mantap keren banget apk nya main samp
1,2024-10-06 11:03:41,verifikasi kaya dlu pdhl udh msukin kode itu udh ulng lg msuk tp ttp bs
3,2024-10-06 10:56:48,ito kode cepat lelet banget
1,2024-10-06 10:52:03,login gw kasih bintang
1,2024-10-06 10:45:36,fix bug dapet kode verifikasi sms bilang ikut artikel apacoba
5,2024-10-06 10:10:48,tambah fitur translate
2,2024-10-06 08:18:07,apknya sebenernya bagus cumn pas verifikasi kode kirim tolong develeopernya perbaikin apknya biar nyaman
1,2024-10-06 07:40:57,verifikasi nomor terima kode tolong baik
2,2024-10-06 07:07:07,tau cmn doang emg ngga sentuh kayak nyentuh back g detect pencet jg g detect udh update
1,2024-10-06 06:16:45,ribet dah laku ttp masuk aneh
2,2024-10-06 05:57:59,nya bagus saat login invalid
1,2024-10-06 05:18:34,bikin akun goblog
1,2024-10-06 04:46:04,share screen mobile mic hp langsung mati bug
5,2024-10-06 04:18:36,apk keren bantu main game teman komunikasi game terima kasih developer apk
5,2024-10-06 02:56:53,patah hati cinta
2,2024-10-06 02:10:47,suda registrasi tagl lahir mas hemmm repot ruwet
1,2024-10-06 01:49:18,jelek sampah hapus dri playstore
5,2024-10-06 00:35:47,apknya bagus tolong diupdate yah biar enak tq
1,2024-10-06 00:30:52,login kode sms nya kaga masuk ribetin
1,2024-10-05 23:23:41,login ribet
1,2024-10-05 20:51:30,ribet verifikasi nomor hp udh kirim kode ttp gabisa masukin aneh
3,2024-10-05 20:27:36,tambahin fitur bahasa indonesia
5,2024-10-05 18:28:01,keren banget suka banget skors main temen ngobrol ngobrol main game pokok seru poll
1,2024-10-05 13:00:35,umur eror
1,2024-10-05 11:26:22,bayar contoh edit profil server guna harus langgan ganti nama ganti foto profil
1,2024-10-05 10:55:41,tolol emosi btl ak td ak verifikasi gagal mulu sesuai tp mulu report update mudah tp susah guna masuk
1,2024-10-05 10:52:27,cerita sy ganti device trus sy login dc pas login ad tulis new location device please check your email pemberitahuan nya muncul menit telah pas pencet tulis ip kadaluarsa laku plis fix gausa sistem ky gitu nyusahin guna tolong banget loh ya
2,2024-10-05 10:03:14,verifikasi nomer code masuk udah pake menginstal ulang
3,2024-10-05 08:44:54,min lupa pw saran gmn biar login akun yng kait google
1,2024-10-05 08:20:44,very lagging ram android suruh install ulang nipu biar rate download nya tipu gue
1,2024-10-05 06:09:08,aneh masuk n join voice
1,2024-10-05 05:33:58,buruk akun susah masuk tanggal lahir susah rekomendasi
5,2024-10-05 03:49:28,karna banyakki selingkuh ple
5,2024-10-05 00:09:26,tingkat
2,2024-10-04 23:44:32,tolong tambah opsi bahasa indonesia guna indonesia orang indonesia bahasa inggris
4,2024-10-04 16:21:58,usaha baik
5,2024-10-04 14:24:12,bagus banget guna
1,2024-10-04 12:50:30,bagus tampil tampil jelek ribet bug audio conect headphone wireless ngebug uninstall kali tetep ngebug
2,2024-10-04 12:40:51,ko kadang kadang call temn suka suara yah dc ku dc orang taoi dc orang dengar ku pengn saran nya gimana ngalamin kaya
1,2024-10-04 07:58:24,bug mengechat grup vertifikasi nomer hp menggangu
1,2024-10-04 04:30:08,puki login udah gonta ganti email
1,2024-10-03 13:38:26,jelek suka masuk apk nya pasu nomor hp pw nya tolong nya skibidi yaping dasar admin sigma wing
1,2024-10-03 13:31:11,login email password udh bener kocak
5,2024-10-03 12:38:30,teman cocok sih
1,2024-10-03 12:28:16,ngebug klik crash
5,2024-10-03 12:04:03,seru
1,2024-10-03 11:37:29,aju kembali dana proses itidak baik tolong uang butuh main nitro tolong kebijaksaannya kirim tiket jelas
1,2024-10-03 09:33:21,emang bagus udah join voice komen masuk email
1,2024-10-03 08:46:32,suara bicara login nya
4,2024-10-03 00:25:44,update versi awalnyaaa update nya
4,2024-10-02 14:00:27,bagus deh blm nyobain hehe
5,2024-10-02 13:23:12,butuh medkit
1,2024-10-02 11:45:36,menginstal masuk login install buang data rugi buruk x
2,2024-10-02 11:30:47,apa akun udah bener tetep hadeh apk rusak
1,2024-10-02 10:34:47,login daftar human ya letak salah human muncul
1,2024-10-02 07:08:09,akun nya masuk tolong baik biar
5,2024-10-02 05:09:57,baguss banget gw suka
4,2024-10-01 23:53:39,lumayan bagus next update fix share screen voice nya kadang suka suara robot tampil share screen nya burik bilang jaring teman ku
1,2024-10-01 18:23:15,error hp
4,2024-10-01 15:19:04,udah kasih saran developer sedia fitur hide foto profil orang teman orang block foto profil akun terkadang call server suara suka ilang suka disconnected mohon saran terima tindaklanjuti tim kembang terima kasih
1,2024-10-01 15:18:15,update gajelas share screen suara call suara putus putus forceclose jaring stabil mohon baik
4,2024-10-01 14:42:10,x bugs
1,2024-10-01 13:22:29,si login susah banget
1,2024-10-01 12:39:24,sharescreen muncul suara sampe cari benerinnya tetep gabisa tolong ya
3,2024-10-01 10:17:23,bagus mohon tolong baik telepon telepon putus masuk game mohon baik bug
1,2024-10-01 08:12:13,gila masuk pake kode verifikasi gabisa jir heran dah kenapaa
1,2024-10-01 07:23:49,payah log in akun masuk sandi salah ganti sandi log in sebal
2,2024-10-01 01:12:11,ganti password nyusahin
3,2024-10-01 00:57:30,overall smua udah okey tlg baik sistem bayar beli nitro nya suka error beli tambah sistem bayar apk
1,2024-09-30 18:30:52,bahasa indonesia bintang tolong baharu tmbhn bahasa kasih bintang
1,2024-09-30 13:45:38,maaf toxic tolong baik udah verifikasi nomor telepon gmna sih
1,2024-09-30 13:18:57,apk tolol ngasih tanggal lahir anj
1,2024-09-30 11:59:38,nih makan ram itu ngelag user android buka baik performa ngga tambah lite
1,2024-09-30 11:25:22,mulu yah verifikasi nomor telepon dapet nomor verifikasi invalid mulu
4,2024-09-30 11:25:06,nya bagus login nya gimana
1,2024-09-30 09:38:51,mimin bagi layar bicara bagi layar teman dengar
5,2024-09-30 08:35:57,pas kumpul bareng teman frekuensi game fitur server jdi bsa teman tari
1,2024-09-30 08:06:51,login susah banget
1,2024-09-30 07:47:18,login pake facebook nga nya akun servernya ilang udah level nya situ
5,2024-09-30 02:58:47,suka fitur fitur nya komunikasi teman dar teman
1,2024-09-29 23:58:55,halo aneh nih dc gilir grup ngirim nya lancar chat pribadi delay banget ngirimnya masuk dc ngirim tolong baik terimakasih
5,2024-09-29 22:41:35,keren bagus
1,2024-09-29 18:08:54,mw akun aj bikin ribet anj
1,2024-09-29 16:43:44,tlponan dc nnt bareng ko skrng aneh diperbaruin bener malh jelek
4,2024-09-29 13:25:30,bagus si bagus kurang verifikasi nomor handphone klik
5,2024-09-29 11:04:24,berkat apk sekin lb
1,2024-09-29 08:08:17,apk verifikasi akun sulit
1,2024-09-29 06:06:37,log in nya ribet udh dimasukin email passwordnya tetep masuk gajelas
4,2024-09-29 04:50:54,anjir serius yak bnyk bngt bug nya pas telpon kadang gaada suara suara bkn speaker dll benerin yah bagus loh mabar jarak
2,2024-09-29 04:30:11,nurunin kapasitas file dr mb bawa alas beli nitro bulan
1,2024-09-29 02:12:40,lbisa daftar akun eroor
5,2024-09-29 02:07:21,keren bagus loh ngegame
1,2024-09-28 20:47:27,login ajaa gabisaa udah akun login gabisaa akun gabisaa tolong baik cuman login bikin ribettt
1,2024-09-28 14:44:58,akun burik
3,2024-09-28 14:26:52,aplikasi tombol done piloh tanggal lahir jd vbisa akun
1,2024-09-28 14:17:54,apk gj udah bener email pasword presentasi nya apk gj
1,2024-09-28 09:02:20,gagal login
1,2024-09-28 08:45:28,ad verifikasi nomr hp ajg dah ngulang kali kali
1,2024-09-28 08:31:09,loginkan
5,2024-09-28 07:06:52,tolong tambah bahasa indonesia
1,2024-09-28 04:36:20,tolong ya verify susah banget loading nya udah pake wife verify masuk email ama sandi salah mulu udah catat fotoin ama salin sandi nya tolong ya baik sampe stres ngehadalinnya ama aman ketat udah minggu coba kagak verify
1,2024-09-28 02:42:22,pas udah login bug banget ngerti bahasa inggris pas ulang tolong ya baik bug gaje
1,2024-09-28 00:01:31,shearscreen suara ngga yah forclose ngegame tidur ngga banget bugnya update nambah bagus nambah rusak tolong balikin banyak update sepi tolong yak benerin ngeluarin banner border profile doang benerin bener
5,2024-09-27 23:31:05,update kali bahasa indonesia
1,2024-09-27 16:12:03,tolong baik fitur share screen game share screen voice langsung hilang share screen buka fitur chat delay banget buka pdhl jaring setabil tolong baik nyaman user jujur kecewa ui kecewa harap baik tolong
2,2024-09-27 15:54:02,mana dengar suara teman teman dengar laku reinstal restart device etc pulih kali beritahu detail update laku moga depan terima kasih
1,2024-09-27 15:38:01,buruk daftar saran
2,2024-09-27 14:06:48,nikmat login masuk sandi email persis
1,2024-09-27 13:25:50,tolong baik kirim link gambar video loading alami kirim ulang menit blum hasil minggu pakai kirim file foto gambar yah kirim file susah banget jaring lancar pakai wifi
1,2024-09-27 13:25:26,bug kntl benerin anjg
4,2024-09-27 12:49:12,login suruh cek email email masuk ganti password masuk
2,2024-09-27 12:43:39,gara gara verifikasi tap itch okay
1,2024-09-27 10:29:26,login gkbisa kasih padah udah bener rapi salah
1,2024-09-27 07:24:13,login pake no telepon sms nya masuk masuk pdhl udh d tunggu menit an truss pas ak daftar email pas ak kasih tau tanggal lahir sya ehh apk gajelas
1,2024-09-27 06:48:11,aneh bet gw masuk server bilang link nya invalid pas akun satu tolong baik
1,2024-09-27 06:06:12,avatar potong liat bagus
3,2024-09-27 05:30:45,susah login ntah akun
5,2024-09-27 05:03:27,et gw login susah bet
1,2024-09-26 16:12:00,muas change gmail seribet apa nya coba ribet ribet kayak gitu tinggal akun login selesai change change gmail masukin no telfon kali kayak gitu
5,2024-09-26 15:35:13,indonesian language
5,2024-09-26 15:12:12,silah download gratis
3,2024-09-26 13:07:41,bug ngeupload gambar langsung reset sampe mb size nya
1,2024-09-26 12:50:19,susah login
1,2024-09-26 10:46:38,tolong ya guna indonesia tambah bahasa indonesia
1,2024-09-26 07:26:44,update baru bug chat share screen jalan game bicara teman room voice update lag tolong baik nge bug nya ty
1,2024-09-26 07:23:52,manfaat login masuk imel sandi nya download nyesel
2,2024-09-25 20:15:16,tulis wait are you human emang manusia baik sulit log in
1,2024-09-25 15:27:30,verifikasi nya rusak
1,2024-09-25 15:15:46,gabisa buka pdhl kemarin
1,2024-09-25 13:40:00,dikit dikit ngelag bener bener aneh
3,2024-09-25 13:37:37,main apk hapus tolong kasih bawah ya
1,2024-09-25 13:22:38,pas share screen suara hilang apk dihp
1,2024-09-25 13:11:07,daftar ribet susah gax apk nya
1,2024-09-25 13:03:23,bikin date birth tekan create account tombol loh
3,2024-09-25 12:18:04,stuck log in register
1,2024-09-25 11:13:36,tolong baik login gue udah log in kali tetep bolak situ muter gilaaak tolong lahh gin mulu
5,2024-09-25 10:18:50,bantu banget
1,2024-09-25 08:09:42,apknya bagus gw ken aj kasih bintang
1,2024-09-25 07:22:21,lu ape sih hah login kaga udh bener akun sm pwnya bolak gw ganti pw jg ttp salah lu bilang beda wilayah gue rumah kaga kmn knp kaga bisaaaaa
2,2024-09-25 06:27:54,gagal koneksi youtube
1,2024-09-25 02:04:49,pas private chat klik apa lag unistal restrart device tetpat
1,2024-09-25 00:49:32,pepe
2,2024-09-24 18:08:57,pas share screen muncul suara apala
5,2024-09-24 14:43:35,buka buka suka ya pakai buka suara nya dc nya memmatikannya buka sih suara dc buka dengar sih suara nggak tolong beritahu
3,2024-09-24 12:31:59,sharescreen smartphone buka buka mic otomatis off izin mic nya aktif izin guna atas
2,2024-09-24 11:25:13,bug kirim video jembut kirim video ngestuck selesai selesai sinyal bagus video pendek nya kek ngurus akun fufufafa
1,2024-09-24 10:47:09,pas login suruh kasih nomor hp pas udah kirim suruh tunggu kode pas tunggu kode masuk masuk mohon baik
1,2024-09-24 07:57:09,upload depe video error tolong baik
5,2024-09-24 04:40:39,bagus banget
1,2024-09-24 04:20:52,bikin sulit sorry kasih bintang
3,2024-09-24 04:13:26,login tanggal coba tuh google sign in nya aneh
2,2024-09-24 02:01:05,update berat ya buka
3,2024-09-23 23:41:46,akun register pencet date older you tulis ok bug jengkel tolong baik
1,2024-09-23 17:57:52,big update bug bug hancur
1,2024-09-23 17:44:28,kn dowlod ulng login yaa sudh tombol how old are you komfirmsi udah restart tetep sudh hapus dowlod tetep bisaaa
5,2024-09-23 16:40:56,seruuu banget
1,2024-09-23 14:10:56,sharescreen mic nya langsung mati please fix it gapernah gin
1,2024-09-23 13:49:18,login akun login akun sandi salah ganti kali kali lapor service nguawor
3,2024-09-23 13:24:54,tolong tambah bahasa indonesia aplikasi
1,2024-09-23 12:24:31,performa berat
3,2024-09-23 08:15:46,nya bagus pas verifikasi email delay internet bagus
3,2024-09-23 06:42:30,tolong baik dengar musik terkadang suara kes patah patah fales
5,2024-09-22 22:59:53,terimakasih informasi
2,2024-09-22 13:22:23,fc for close voice
1,2024-09-22 12:24:51,udh daftar gabisa kocak pake nomer udah masukin kode kode salah pdhal bener kocak ni apk
3,2024-09-22 11:39:59,mohon apk nya baik login
1,2024-09-22 09:21:19,parah update lag nya gila pdahal hp buka game main lancar mulu kendala lag nya
1,2024-09-22 09:09:08,ngebug gjlas pdahal instal
3,2024-09-22 07:21:16,udah bagus cuman ya pas masuk server discordnya suruh download discordnya udah download nya
5,2024-09-22 05:42:44,mantap tingkat ya
1,2024-09-22 05:09:06,tolong baik sistem register verifikasi pakai nomor hp nomor valid nomor masuk
1,2024-09-22 04:19:56,dengerin suara temen ku pas apk pas main game denger dc aneh
2,2024-09-22 03:27:17,ya pas sharescreen voice ny ad sm pdhl voice setting ny udh bner hp nya jg udh versi udh ngikutin yt tp tetep
5,2024-09-22 02:48:43,tambah relasi
1,2024-09-22 02:32:00,pliss perbaikin udah login sampe ganti pw kali tetep tulis nya new login location detected
1,2024-09-22 02:22:33,suruh masukin kode verifikasi udah kode kirim terang kode invalid
1,2024-09-22 00:14:26,bug fix
5,2024-09-21 23:27:57,bagus mudah komunikasi
1,2024-09-21 23:02:57,dah elor aneh sungu kecewa
1,2024-09-21 18:39:16,verif pakai nomer tolak kendala nomer
1,2024-09-21 18:27:11,apk lupa pasword reset layar putih udh tunggu tpi bagus hapus apk bikin emosi kntl
5,2024-09-21 16:36:32,no debat bagus bgtttttttttttttttttt ngelag hak berisik req lagu temu baik
1,2024-09-21 14:38:48,aneh banget g login email password nya bolak google mastiin bener tau bener sandi valid mulu
1,2024-09-21 13:55:01,login kam binggung
2,2024-09-21 13:50:27,masukin tanggal lahir pas udah selesai klik
3,2024-09-21 12:35:41,udah verekasi code mohon baik bug
1,2024-09-21 11:33:39,aneh login akun tulis wait are you are a robot pas klik confirm login tulis email or pasword is invalid akun login satu akun tolong baik
1,2024-09-21 10:10:21,pake nya ribet
1,2024-09-21 10:10:13,masuk code tida
1,2024-09-21 08:08:38,baikin bug share screen suara pas buka apk laen temen dengar
1,2024-09-21 04:50:51,bhsa indonesia
1,2024-09-21 03:52:42,bangkeeeee verify by phone codenya kirim kirim
1,2024-09-21 03:17:59,bodoh lu dc bikin akun tetep
1,2024-09-20 23:45:33,registrasi hasil masuk akun malam info tutup masuk
1,2024-09-20 21:16:42,udh mh kga b indo tambah login aj susah apk sampah
1,2024-09-20 15:42:07,bug stabil
2,2024-09-20 15:41:33,fitur share screen teman coba masalah dengar suara share screen
2,2024-09-20 15:19:29,nomor invalid mulu sih udah pake nomor
1,2024-09-20 14:50:42,apa gua veryvay kode blok
5,2024-09-20 14:43:24,bantu senang lengkap
1,2024-09-20 14:35:03,kode verifikasi nya banget
4,2024-09-20 14:02:26,input audio sharescreen ngebug g suara bicara main
2,2024-09-20 13:56:20,woii apaansih gua screen share suara gua ilang discordnya dongo bangett
1,2024-09-20 12:33:43,bug live kagak suara bug buka game bug nya resah bikin nyaman pake dc
1,2024-09-20 11:20:05,guna login google mohon hapus depan
2,2024-09-20 10:46:44,gimana nih akun date and birth isi atur tanggal nya
4,2024-09-20 10:06:45,paan dah verifikasi no telepon cancel
5,2024-09-20 09:46:57,cocok game
2,2024-09-20 08:30:42,tlong baik bug login verify phone
1,2024-09-20 07:44:09,susah banget login udah kirim kode verifikasi login password ama kode verifikasi nya bener
1,2024-09-20 05:29:55,boros paket asli recommended apps coba cek guna paket kaget
1,2024-09-20 03:57:52,login bikin pusing email ku bilang new location pdah pindah suruh cek email verifikasi email link expired nya cepet banget
1,2024-09-20 00:39:24,tau nge bug chat pribadi nya susah kirim pesan enter tanda panah kirim pesan suka pencet
3,2024-09-19 22:00:14,bahan indonesia nya
4,2024-09-19 16:14:40,bagus sii suara main game saya temen bagi layar kadang ngebug gitu dcnya close buka nyambung channel ttp
1,2024-09-19 16:03:25,voice activity grup hilang bug tokong fix
1,2024-09-19 15:21:09,pas login masuk kode verify gagal pdhal masuk kode udah kirim aneh update tan
1,2024-09-19 13:51:54,ribet banget pas lupa password nyusahin ganti
4,2024-09-19 12:11:35,mantep sih ni apk third appnya hubung akun tiktok tekan tombol lanjut pilih akun reset nya kayak loop
1,2024-09-19 11:13:51,sandi dah bener tolong admin
1,2024-09-19 10:25:24,masak re instal main
1,2024-09-19 10:12:54,enak banget sumpah kadang ngeleg jga
5,2024-09-19 10:06:43,udah bagus
1,2024-09-19 08:56:03,aneh anj gw daftar anj ttai
2,2024-09-19 08:47:50,ngebug share screen suara dengar teman
1,2024-09-19 08:27:57,isi tanggal lahir code verifikasi telpon
1,2024-09-19 08:17:22,suara suka hilang kek gabisa on mic
1,2024-09-19 07:56:32,tolong baik ehh idiot karna hp login atapun akun
4,2024-09-19 04:58:34,bug voice trus pake bot musik bug mic kedengeran auto disconnect jaring bagus sih dah mantep
1,2024-09-19 04:47:56,ramah lupa account
3,2024-09-19 03:55:06,streaming suara ilang mohon depan benerin
5,2024-09-18 21:51:31,mmg
2,2024-09-18 14:30:21,bug gamenya hpku blackscreen alamak moga kembang tq
5,2024-09-18 13:49:49,apcoba gajelas sih gw hape si
4,2024-09-18 12:02:02,mantap kadang suka ngebug
5,2024-09-18 11:07:37,bagus banget nya suara apk nya jernih suka
5,2024-09-18 10:48:40,seru main
1,2024-09-18 10:38:49,apk babi ngebug suara
1,2024-09-18 05:22:57,banyak bug
1,2024-09-18 05:08:59,daftar error date of birth
1,2024-09-18 03:23:01,update sharescreen pindah suara mic nya hilang tolong baik terimakasih edited ikut saran parah suara nya hilang sharescreen re install bug mohon baik
5,2024-09-17 20:18:47,bagus nge game
1,2024-09-17 15:52:47,dengar suara sharescreen buka
1,2024-09-17 15:13:24,suara kadang ilang ilang tolong diperbaikin
5,2024-09-17 14:24:55,bahasa indonesia gampang paham bahasa indonesia
2,2024-09-17 11:53:42,tambah fitur bahasa indonesia
1,2024-09-17 09:55:55,lihat stream layar stream update jelek bat
3,2024-09-17 08:14:04,ngebug kocak
5,2024-09-17 06:21:40,bagus keren banget
2,2024-09-17 06:13:21,pelit kirim video batesin size mb doang nya sampe mb minimal
4,2024-09-17 05:51:08,tambah notifikasi orang kirim pesan kirim minta teman perlu
1,2024-09-17 04:35:01,upload nya diturunin mb free user kecewa
3,2024-09-17 01:55:37,minimal bug register akun baik min plisss makek apk min
1,2024-09-16 16:34:30,susah daptar
1,2024-09-16 15:39:19,bug verifikasi nomor telepon udah isi kode tolong terjemah atur bahasa
1,2024-09-16 15:10:40,udah masukin kode nomber hp pencet verify masuk masuk
1,2024-09-16 15:06:58,register
4,2024-09-16 13:59:00,overall uda bagus minus nya update baru ko share screen trus nya suara guna share screen nya jdi gabisa nobar ngobrol huhu sedih banget ngandelin banget komunikasi jarak tolong min kaya dlu lgi fitur share screen nya ngobrol suara nya gitu
2,2024-09-16 13:37:07,update disconnected
1,2024-09-16 10:38:23,dongo anjg anjirrr udh verifikasi nomor telp kode nya pas masukin password nya developer nya tolol ku kasih rating bintang
3,2024-09-16 06:13:19,sulit ajar
1,2024-09-16 05:26:00,gimana ngak login tolong baik login akun gampang kalok login
1,2024-09-16 04:56:29,tolong bug tanggal lahir nya baik
1,2024-09-16 03:18:31,suruh ganti password susah tetep ae kgk dongo tolol
5,2024-09-16 02:49:02,bagus komunikasi main bareng temen tpi skrng bug mana share your screen suara hilang main game
1,2024-09-16 02:46:53,login memk
1,2024-09-16 02:32:52,gimana sih code nya kirim dilay kirim gagal gimana sih
1,2024-09-16 01:30:28,suruh masuk tanggal lahir udah tulis gakbisa dunia
1,2024-09-16 01:07:54,halo admin barusan ya telpon pas nyoba share screen buka langsung ilang suara nya admin mohon tolong baik
5,2024-09-16 00:59:46,tolong bahasa indonesia tambah
5,2024-09-15 22:09:39,terimakasih game hibur
1,2024-09-15 20:50:27,bug hyper os xiaomi kali update an buruk device kemarin update baru share screen suara hilang rindu ntah dri os
1,2024-09-15 19:13:40,parah kali nih verifikasi email tolak sampe akun gw pdhal isi grup taik
5,2024-09-15 14:58:27,tolong tim tambah bahasa indonesia
1,2024-09-15 14:40:35,nya tekan kirim chat pm yah
1,2024-09-15 14:20:22,bug kirim pesan orang ngeleg kirim pesan komunitas
3,2024-09-15 05:42:43,coba nyoba login pake no wa trs login pake email jg ya gua login pake kocak bener aje
5,2024-09-15 03:46:35,seruu
1,2024-09-15 03:31:06,sebenernya udah bagus pas sharescreen orang denger suara nya plis dibenerin udah benerin kasih bintang
4,2024-09-15 01:22:24,tolong developer bahasa indonesia sulit bahasa inggris mohon bantu developer
1,2024-09-14 18:06:35,share screen suara masuk teman fucek
3,2024-09-14 18:02:21,bug henti vc group
1,2024-09-14 17:26:07,pas abis update serung ngebug lag banget pas join voice call putus nyambung tolong baik
1,2024-09-14 15:47:49,kocak gabisa login dah bener benerin bugnya dev puki
1,2024-09-14 14:41:38,apk sampah bug login login tulis email already kocakk kocak pas gua masukin bisaa apk kocakkkkkk
5,2024-09-14 13:52:52,seru
5,2024-09-14 13:34:55,manfaat komunikasi grub
2,2024-09-14 13:12:07,bintang voice chat terkadang suara hilang menit pakai
2,2024-09-14 13:06:08,emang bug kemarin atas bug muncul teman share screen suara live share screen aman suara teman tolong baik
3,2024-09-14 12:59:08,bingung masuk akun akun akun sedia apa tolong baik bye
5,2024-09-14 11:05:03,sanga bagus komunikasi saran lebi ni si
1,2024-09-14 10:29:17,share screen suara handphone restart update android
1,2024-09-14 08:35:34,dc skrg susah login aneh bet tolong yah tolonggg mah bet lu
1,2024-09-14 07:53:52,hey pakai temu bug share screen suara orang nya hilang suara handphonenya
1,2024-09-14 07:17:34,apk burik bug daftar delete akun ku apk sampah
5,2024-09-14 06:46:17,hebat baik dah pokok
1,2024-09-14 06:38:42,pedo suka anak
2,2024-09-14 05:11:12,tolong baik login susah bener
5,2024-09-14 04:25:33,bagus komunikasi obrol teman
1,2024-09-14 03:55:41,masukin sandi invalid nyoba kaga ganti sandi kaga tolong baik
2,2024-09-14 03:33:17,ganti tanggal lahir tpi muncul tanggal tanggal dh ganti tolong baru
1,2024-09-13 23:52:06,susah loginnya
1,2024-09-13 22:37:52,susah masuk coba kali kali mohon baik
1,2024-09-13 22:12:14,update masuk voice chat masuk
5,2024-09-13 16:28:18,mudah cari teman
5,2024-09-13 16:26:07,bantu komunikasi temen online
1,2024-09-13 16:19:47,susah banget kali login akun
1,2024-09-13 15:06:25,aneh pas voice suka masuk tb tb kadang suara nya orang denger suara
5,2024-09-13 14:49:25,good
5,2024-09-13 13:50:07,tolong andro suport suka apk
2,2024-09-13 13:38:09,apk nya jelek dikit dikit manusia lu pikir gw robot serlock paran
3,2024-09-13 13:24:52,ganti foto profil bayar
2,2024-09-13 13:21:30,bug voice hp poco infinix bicara streaming share screen
2,2024-09-13 13:19:48,update sharescreen langsung off mic apk mic on masuk awas suruh uninstall install ulang update dev
1,2024-09-13 06:16:57,maaf ya kasih bintang bug registrasi nya pasu tanggal lahir muncul coba mohon baik bug nya saran
5,2024-09-13 06:06:42,super mantap teknologi canggih
5,2024-09-13 05:15:41,kasih
5,2024-09-13 02:54:01,sedapss
1,2024-09-12 16:53:28,instal ulang hpnya reset teta gima solusi ngak manfaat tolong lahh
1,2024-09-12 15:34:34,gada suara pas live
1,2024-09-12 14:16:28,apk nya daftar emil nya udh bener salh no wa juaga udah bener tpi apk pungsi
1,2024-09-12 12:19:06,mengupdate koneksi internet wifi lancar
2,2024-09-12 10:57:57,login mhon prmudah min gajelas bnget email pasword udh bner tpi gbsa pdhl gda kait dc akun google verifikasi nomer ydh muncul cuman pas msukin kode mlh invalid ku kasih bintang sudh prbaiki akn kasih thnks mohon mngerti min
1,2024-09-12 09:23:00,dc dongo eror update in ngebug anjir lu update bener napa gua log out aee anjeng mending hapus aee ni apk emng gitu mah
1,2024-09-12 04:59:54,masalah verify verify your number da kode kirim aneh
4,2024-09-12 04:53:39,apknya bagus btw gw ken ganti avatar kokgk sih
1,2024-09-12 04:39:21,update versi ngelag nggak buka dm buka galeri kirim foto freezing crashing update jelek
4,2024-09-12 02:39:42,seru banget dapet teman
5,2024-09-12 00:54:32,enk bicara
1,2024-09-11 23:34:43,alah koyo asuuuu login cek email pdahal no hp password langsung masukkk taiklaa
1,2024-09-11 16:40:37,tolol saldo gua potong gara gara langgan konfirmasi panjang langgan babi
1,2024-09-11 14:47:51,verifikasi kode nomor handphone kode sms masuk valid pasu kode mohon baik bug kode valid admin
1,2024-09-11 14:45:17,ditambahin fitur akun google langsung tolong
1,2024-09-11 12:24:32,oy gimana update kesini handphone suara orang semenjak update buka galeri gambar nya langsung muncul gambar nya update bug nya
5,2024-09-11 12:09:10,suka mati telpon ya
5,2024-09-11 11:00:41,wajib downloadd sihhhh iniiii manfaat bangett jamin dahh nyesell
1,2024-09-11 10:47:47,instal ulang karna bug skrg gabisa ganti suara notif aelaaaah
2,2024-09-11 09:32:30,bug tanggal lahir
1,2024-09-11 08:09:20,yah verifikasi nomer kek eror gitu
5,2024-09-11 03:55:06,
1,2024-09-11 03:01:06,gw udah claim make gopay masuk gabisa claim rugi donk
4,2024-09-10 22:43:40,bjir suruh rating
1,2024-09-10 22:22:54,tambah bahasa indonesia kasih bintang
3,2024-09-10 17:18:20,mo nyoba ngisi usia nya koq bikin bingung udah bener tanda klik
2,2024-09-10 15:13:58,wei ko gw bangku cadang kartu gw sisa loh
2,2024-09-10 14:36:50,sih bikin akun bikin akun suka error nya captcha masalah udah verify tetep isi isi pusing tau
5,2024-09-10 14:21:02,tolong nasihat gaya hidup usia remaja orang sukses
1,2024-09-10 13:32:32,hadeh benerin login kode registrasi udah bener mulu ngtd
4,2024-09-10 13:30:41,loginnya susah
1,2024-09-10 12:27:47,masuk nomor pin
5,2024-09-10 11:03:54,beuh guna banget mah
2,2024-09-10 09:33:07,rumit rumit dah kek nama bilang gavalit moga mudah
5,2024-09-10 09:13:36,bantu
1,2024-09-10 09:06:19,kode sms kirim merestar hp mengundu ulang hasil nya
1,2024-09-09 23:21:41,daftar no hp ya rusak kah apknya
3,2024-09-09 22:01:47,lambat sendat sendat
1,2024-09-09 17:02:14,tolong baik gw dh bener imel pw tpi masuk mohon baik ya
5,2024-09-09 12:35:08,sirkel anj
1,2024-09-09 12:12:54,apk haram verify susah aj
1,2024-09-09 10:09:16,minus bahasa indonesia
3,2024-09-09 07:45:04,bug
1,2024-09-09 03:48:26,login ribet banget
1,2024-09-08 21:59:46,payah apk
2,2024-09-08 21:36:57,indonesia in ngerti
5,2024-09-08 17:38:03,trasllitet indonesia
1,2024-09-08 13:51:15,sumpah udah ikutin masuk email password udah bener banget bilang salah sumpah gua main susah login ya
1,2024-09-08 13:35:07,knpa ya mic nya kadang dengar tolong solusi dah restart
1,2024-09-08 12:07:31,login banget sandi masuk tolong baik
5,2024-09-08 11:09:18,cari explore server handphone koq udah ya
1,2024-09-08 09:17:50,kode verifikasi nomor g masuk tunggu cari tutorial
1,2024-09-08 09:17:14,hapus nya masuk akun
1,2024-09-08 07:01:01,apk nya udh bagus gw bikin sandi akun dc ko bikin sandi salah whyy bro pas bikin sandi bilang gin gagal sandi silah sandi bilang gitu apalahh gaje bat tolong ya biar tindak kek gitu terimakasih
5,2024-09-08 05:25:32,apk sangkat bantu sekin
1,2024-09-08 04:22:14,register bikin akun udah masukin tanggal lahir tulis oke nya dih
1,2024-09-08 04:04:06,susah verify email nya bangsat
1,2024-09-08 03:11:00,ayo admin mudah loginnya bolak login invalid mulu pake email udah akun login web pakai nomor telepon kode nya kirim kirim
5,2024-09-08 02:48:06,keren main game berat hp kentang
1,2024-09-08 01:48:03,gua masukin tanggal lahir
1,2024-09-08 01:39:59,maksud nya gw uninstal login males anj pas register kntl
5,2024-09-08 01:29:22,keren tipu
1,2024-09-07 23:50:45,ya login email pasword tulis login or password is invalid dasar aneh
1,2024-09-07 15:03:16,ni kanapa dah pas login pake no telepon code sms muncul dlu mah aman aman sekrang gaada invalid code mulu gajelas banget bgusan update bagus jelek parah banget dah
3,2024-09-07 13:40:18,apa apa kalao voice chanel suara suka adao
5,2024-09-07 13:19:34,text baik
5,2024-09-07 12:06:55,bagus ketemu teman
1,2024-09-07 12:00:28,apl sih registrasi jam masuk suruh pilih gambar harimau dah gambar salah emosi manusia robot gambar dambar harimau makan labu masuk akal pilih gambar situ harimau makan salah mulu uninstal apl lol
3,2024-09-07 11:35:45,kompitabel anjg web tulis andro x andro gabisa
1,2024-09-07 06:52:21,apk udah masukin pasword bener tetep apk jelek
1,2024-09-07 05:30:15,discrod pelit gilir pakai pc gilir pakai hp kek kntl
1,2024-09-07 05:18:43,gimana log in udah pake email gimana log in
1,2024-09-07 04:39:31,update susah login knp sih sulit banget login
1,2024-09-07 03:29:23,buruk pas ngasal email pake orang
1,2024-09-07 02:46:43,mohon maaf login email password
1,2024-09-07 01:41:54,hp bug suara jir kikir ni upload nya limit mb doang
1,2024-09-06 18:43:41,tambahin bahasa indonesia
5,2024-09-06 14:07:34,buka gambar item gambar
1,2024-09-06 12:15:15,tolong baik detector bot hal jls masuk passwordnya salah tolong baik
3,2024-09-06 12:03:32,mudah orang apk bahasa tuntut guna apk detail
1,2024-09-06 09:05:31,kaga bug pas download masuk akun mudah keren kode verifikasi kirim salah kirim bikin akun pake gmail sangkut umur
1,2024-09-06 09:04:06,rekomen download pakai server game roblox scammer akun dihack password nya ganti orang orang bikin ngamuk aj dasar komunitas anj
5,2024-09-06 08:41:36,bejirrr gw masuk arthes cok gara gara
1,2024-09-06 08:28:55,susah dah verifikasi nomor sms nya kagak kirim kirim abis udh kirim udh make nomor laen
4,2024-09-06 07:24:36,dah bagus login mudah login error mulu
1,2024-09-06 06:18:21,lh gua udh masukin code rusak rusak
1,2024-09-06 05:28:07,didownload sebel
2,2024-09-06 04:13:16,gue setting apk rumit pusing banget
2,2024-09-06 00:35:27,bug ngefreeze kamera ngezoom kualitas nya jelek tombol tombol ilang bug malas jelasin
1,2024-09-05 23:58:51,woi kocak gw masukin nomor verifikasi nambah nomor telepon invalid mulu gw aj benerin lu bugny
1,2024-09-05 16:00:52,kaga tau nya
1,2024-09-05 11:43:58,halo login register udah bikin account bikin account
5,2024-09-05 10:14:50,seru join komunitas ketemu temen sahabat pokok bintang
1,2024-09-05 08:08:23,gimana sih aku udah suruh verifikasi susah banget masukin nomer hp kode nya salah tetrus kode benar uji sabar ajing
1,2024-09-05 05:35:55,kaga verifikasi no telpon bikin emosi
5,2024-09-05 04:02:35,sahabat tak
5,2024-09-05 03:47:52,coba moga bagus
5,2024-09-05 03:45:42,bagus banget
4,2024-09-05 03:33:53,fungsi diandroid hp menginstal update baru
5,2024-09-05 03:01:38,game seru pay to win
5,2024-09-05 02:01:41,
5,2024-09-04 13:13:14,lucu seru
1,2024-09-04 12:28:12,apa image nya ngezoom sndiri gajelas
1,2024-09-04 12:08:52,ad verifikasi manusia gambar sesuai sama
4,2024-09-04 11:06:49,oke dah main
1,2024-09-04 10:42:55,apk jelek pas daftar masukin tanggal lahir apk bug anjg udah gausah download
1,2024-09-04 08:51:59,payah
1,2024-09-04 08:02:05,confirm tanggal lahir sm login tolong baik bugnya
5,2024-09-04 06:15:10,keren mudah teman
5,2024-09-04 02:59:07,bagus nya bantu
1,2024-09-04 00:00:52,bahasa indonesia nya
5,2024-09-03 23:34:22,nya bagus guna gamee yaa
1,2024-09-03 23:20:22,sih akun kena ultra rare error mulu tindak langgar tolong baik
5,2024-09-03 17:46:29,tolong baik suara suka bug suara ilang ilangann jdi antem cwo udh ngomong lebar bug suara kedengeran
1,2024-09-03 14:06:13,login sulit ganti pasword
1,2024-09-03 13:24:03,salah apk jelek susah log in verifikasi nomor telepon doang susah ampun
3,2024-09-03 11:59:13,bagus bagus tambah fitur hapus pesan grup khusus admin grup hapus pesan pesan senonoh member nya gitu loh kaya nya enak harap fitur tambah nyaman orang
1,2024-09-03 08:05:07,verify nomor aj susah apk rusak
1,2024-09-03 07:59:09,tolong baik pilih akun google pakai imel ribet
2,2024-09-03 04:57:01,donload apk login saran jgn logout uninstall apk lg karna susah loginnya id pw nya
5,2024-09-03 03:32:30,bagus edit foto macam thanksss
3,2024-09-02 15:05:08,tolong baik bug nya
5,2024-09-02 14:25:45,bagus bagus komunitas game five stars for maaf hujat
1,2024-09-02 11:32:34,sambung youtube pake akun pake akun orang
1,2024-09-02 05:32:26,ribet bangt logind
1,2024-09-02 04:10:00,tolong baik habis update kirim emojis kasih bintang
1,2024-09-01 18:35:00,bug gaenak buka udah coba reinstall
1,2024-09-01 18:16:46,bug update
5,2024-09-01 14:04:23,admin terimakasih kasih ya responnya
1,2024-09-01 13:46:36,aneh pas verifikasi nomor telpon kirim kode nya aneh
5,2024-09-01 12:51:19,suka
3,2024-09-01 12:48:16,tolong tambah fitur autosave password google apa
1,2024-09-01 12:17:46,wortit
1,2024-09-01 10:36:17,login register sulit hape bodohhh
5,2024-09-01 08:26:14,pleas add laungage bahasa indonesia
1,2024-09-01 06:45:59,pas regis birthday nya pencet
1,2024-09-01 05:56:22,apk kaga login bikin akun susah
2,2024-09-01 05:25:40,register muncul verifikasi sms tp muncul
1,2024-09-01 03:34:07,registrasi masuk aneh udah masuk code ny masuk kecewa
4,2024-09-01 02:55:16,login email chat pakai nomor hp verifikasi kode hp terima kode sms hp kali moga baik
3,2024-09-01 02:37:43,tolong mengi si tanggal lahir tombol nya
1,2024-09-01 01:58:57,udah login password email pas pakek verifikasi cok
2,2024-09-01 00:46:19,tolong ngak tombol centang umur
1,2024-08-31 21:56:44,ko daftar stak mulu
3,2024-08-31 16:54:32,apk sulit registrasi
1,2024-08-31 15:31:13,join cakap muncul suara
1,2024-08-31 14:10:42,login akun akun
1,2024-08-31 13:27:28,burik tolol anjg bug mic trus tolong pervaiki anjeg
1,2024-08-31 12:39:03,jelek pas login ribet banget
5,2024-08-31 07:48:19,tolong dc boikot tmn karna main uno jam jam beres beres langsung keluar game nya rame rame
4,2024-08-31 06:24:29,nya fitur join link expired join server orang expired
3,2024-08-31 03:52:50,bagus sih tolong tambah fitur channel channel nama create your own creation channel dalam nya contoh channel create your own creation pas pencet muncul feature creation s pas pencet muncul channel tolong baca ya
1,2024-08-31 03:49:06,minimal daftar gausah ribet ajg
4,2024-08-31 02:08:11,tolong kasih bahasa indonesia
1,2024-08-31 01:36:21,susah banget register gajelas
1,2024-08-31 00:20:44,susah login nya
1,2024-08-30 17:40:12,pas masuk langsung kasih tulis cari hewan pas cari isi hewan
1,2024-08-30 17:18:51,sepi ajak
1,2024-08-30 17:01:16,buka apk berat lag banget gabisa apain
1,2024-08-30 16:47:28,masuk apk nya masuk
5,2024-08-30 15:18:32,mantap star
3,2024-08-30 15:15:51,gua kasih bintang pas register umur kaga ubah akun
5,2024-08-30 15:13:44,bagus banget mabar ajak ngbrol
1,2024-08-30 14:05:37,lu ngk bikin ngk bikin tolol kali udh kali bener gua masukin email password salah mending lu kerja google dasar calon susah hidup orang
5,2024-08-30 09:59:08,bagus banget
1,2024-08-30 09:57:57,verify udah masukin nomer telepon masukin codenya eh g
1,2024-08-30 09:25:44,kali coba register captcha kirim ku email register coba ulang ulang kirim ku kenapaaa this is why i don t like to get anywhere it s a hassle to register with stuff like this happening computer
5,2024-08-30 07:21:44,seru teman debat
1,2024-08-30 05:48:37,sampah register kali kali login kirim kode verifikasi pakai angka huruf keyboard angka ketik huruf restart hp satu hapus install bikin kesal
4,2024-08-30 05:06:09,nomor hp terima kode verifikasi siscord
1,2024-08-30 03:58:32,bsa verifikasi nomer hpnya udh kode tolong benerin bugnya gw nyari celah bug apk
3,2024-08-29 17:47:13,bug ganti foto profil error baik
2,2024-08-29 14:15:21,ngga ganti foto profil ya update muncul tulis there was a problem updating your profile gimana min admin
1,2024-08-29 12:06:03,bug nya tolong baik jelek masuk register no invalid udah isi nya anj
1,2024-08-29 11:20:31,pas login email udah bnr ama pasword nya
1,2024-08-29 09:16:47,notifnya benerin woy update bener rusak
1,2024-08-29 08:07:45,engga login bener
4,2024-08-29 06:53:22,moga hemat kuota tolong tambah bahasa indonesia
5,2024-08-29 02:42:23,baik apk mu login karna lost contak teman teman online ku baik verifikasi paksa
1,2024-08-29 01:14:03,sya register trus pas smpe tanggal lahir nya kayak erorrr trsss gt g bsa lnjt
5,2024-08-28 23:06:35,bagus
1,2024-08-28 18:50:35,tolol bed password dah bner tp pas login salah password
1,2024-08-28 16:11:12,susah login kode anggap salah pake email masuk tgl lahir g baca
3,2024-08-28 14:34:19,bagus sih nggak bahasa indonesia kasihan inggris bahasa indonesia link join orang susah banget i don t know gimana nya jujur kayak bagus tau pakek nya ya
1,2024-08-28 13:48:12,item mahal kasih diskon kek belah
2,2024-08-28 13:06:05,pas update aman anan update ngomong suara nya tolong baik ya males update
3,2024-08-28 12:43:31,login aneh pas login apk aneh benerin
1,2024-08-28 10:39:15,udh masukin email si males login bner
1,2024-08-28 10:36:27,gimana atas done reading
4,2024-08-28 10:27:46,apk nya bagus bahasa susah orang awam
1,2024-08-28 08:54:09,login nya susah si
1,2024-08-28 08:00:18,tolong baik masuk verifikasi email ngebug gimana
1,2024-08-28 07:25:18,lol kagak aman privasi online hari kirim link phising pesan teman
1,2024-08-28 04:06:09,old isi
1,2024-08-28 02:18:36,akun tanggal lahir tombol akun tekan
4,2024-08-28 02:13:31,knp susah masuk apk ea email password izin apk d izin tolong d baik fasilitas akses masuk ea
2,2024-08-27 20:22:54,suka reconnect sinyal aman san lancar buka dc tahan orang ganggu nyaman karna suka reconnect
1,2024-08-27 15:48:26,update lag gajelas
1,2024-08-27 14:53:07,apa mic dc nya ngebug mulu ngomong dengar teman mohon tinjak lanjut dc
1,2024-08-27 14:02:10,anjg email pw udh bnr salah
1,2024-08-27 12:56:40,ngebug kirim pesan tolong baik
2,2024-08-27 12:31:26,kali jam masuk gagal mulu kesel banget
2,2024-08-27 11:22:55,ngebug user android resa jokowi sampe periode doang
1,2024-08-27 10:39:11,udh gua masukin email gua milih kaya gambar hewan udh bnr apk rusak
1,2024-08-27 10:20:59,buruk lahir error
1,2024-08-26 14:33:40,cacat login babi
1,2024-08-26 14:10:36,login nya susah banget
1,2024-08-26 14:01:56,lahh anj daltar gw anj gimana
5,2024-08-26 13:43:05,baik ku temu whatsapp terimakasih developer cipta tolong harga nitronya turun
1,2024-08-26 13:00:43,ayo developer robot emang skibidi hag
3,2024-08-26 11:37:43,adain terjemah min
2,2024-08-26 09:38:51,bahasa nya bahasa indonesia jd bingung
1,2024-08-26 09:06:35,nomor hp pakai pakai berifikasi nomor hp beli nomor hp kepake akun emang sistem masalah confirm confirm confirm no progress load
5,2024-08-26 07:44:39,bagus jga
1,2024-08-26 04:55:03,update hasil ai nya watermark watermark nya kayak gpp watermark nya udah kayak tiktok kanan kiri
1,2024-08-26 03:22:01,masukin lahir tombol creat an account nya gimana nih baikin
5,2024-08-26 03:19:27,mantap vc ayang
1,2024-08-26 01:38:56,developer tolong baik login iniiii coba login kali bisaaaaaaa tolong baik bug login
4,2024-08-25 23:52:51,please add indonesian language
1,2024-08-25 11:52:06,pass udah muncul birth age tombol nya
3,2024-08-25 11:33:03,mengupload gambar gambar nya saat hapus salah satu hapus
2,2024-08-25 10:20:13,tolong baik susah log in
1,2024-08-25 10:02:12,masuk humas anjirrrrr
1,2024-08-25 09:29:29,pilih tanggal lahir tombol confirm hilang add friends ketik nama add
1,2024-08-25 08:55:28,ribet guna ribet aneh
4,2024-08-25 07:49:18,bintang apk rusak simpan
1,2024-08-25 07:34:21,login susah verif muncul email ama nomer update mulu bagus nyusahin
1,2024-08-25 04:42:50,login nya susah ege
3,2024-08-25 04:20:04,ribet login nya email dana password sulit login tolong mudah login kek gin bingung login nya
1,2024-08-25 04:10:33,apk jelek verify no hp masukin code invalid
1,2024-08-25 04:08:42,ngeluh login gapernah ditanggapin ama developer cuman suruh hapus apk suruh download apk lgi
1,2024-08-25 03:53:47,gj bilang are you human
4,2024-08-25 01:37:22,nya bantu banget
1,2024-08-25 01:31:34,halo topup uang dana kurin kunjung industri yogyakarta bangun tidur uang sisa ribu pakai ribu gara fitur langgan otomatis kembali uang kumpul uang uang jajan sekolah
1,2024-08-25 00:56:06,tolol kgk pencet lag sinyal bagus
1,2024-08-25 00:48:45,tau guna
2,2024-08-24 22:46:11,join server verify double counter kali
5,2024-08-24 22:26:33,keren bagus
1,2024-08-24 20:36:20,tolong adakan bahasa indonesia
5,2024-08-24 16:18:28,bagus cuman map nya liat
3,2024-08-24 15:12:40,sign in gw tau verifikasi nya
1,2024-08-24 13:42:44,isi nya pas tulis create an account tolong perbaikin
3,2024-08-24 13:22:15,tolong output audio baik mobile output audio bagus suara bocor
2,2024-08-24 13:09:25,cacat dikit woy verifikasi no telepon
1,2024-08-24 13:04:20,apk mu jelek login sulit nggak nggak ikhlas
5,2024-08-24 12:50:48,good mudah
5,2024-08-24 11:10:23,gabung teman teman
1,2024-08-24 09:06:39,jelek udah instal ulang kali kali ampe jem bilang invalid mulu jembut pusing mending gw hapus
1,2024-08-24 08:57:32,login sulit dll bug baik tolong baik
1,2024-08-24 07:55:57,bikin akun nya susah email sandi nya udh bikin akun
1,2024-08-24 07:34:47,coba baik join server nya jir gw join server orang
5,2024-08-24 06:33:49,guna main game seru
3,2024-08-24 04:32:05,
3,2024-08-24 00:43:47,nya
4,2024-08-23 22:35:07,bagus ngirim video ukur mb ndk kirim beli nitro skrg diduitin males dah
1,2024-08-23 15:13:44,bug kontolllllll dah jam tungu bug anjg
1,2024-08-23 14:28:29,bodoh opsi lupa sandi sulit login
1,2024-08-23 13:51:13,sering update ajg
5,2024-08-23 13:32:46,seru
1,2024-08-23 12:57:06,gw login mulu pw udh bener
1,2024-08-23 11:45:51,cihhh anjgg apkikasi kontoll masuk akun ribet bangett bangsatt new login detected taii kucingg truss gua lgin gimana anjgg dev tololl
1,2024-08-23 11:21:08,guna main coba mendownload login nya susah hasil akun
2,2024-08-23 11:13:24,micnya
1,2024-08-23 09:11:40,gw masukin no gw kirim kirim
5,2024-08-23 09:05:39,kambing
5,2024-08-23 08:01:34,link porno bjir
5,2024-08-23 07:38:44,mem imel nya bag
1,2024-08-23 07:07:00,anjink sampah log in sulit babi akun gw sah bener cose verif dah benrr bilang salah kode mikir bab
3,2024-08-23 06:15:17,gajelas lu tolol bug suara ilang mulu si anjg
3,2024-08-23 04:40:09,susah
1,2024-08-23 01:34:27,kirim pesan slalu ngefreze
2,2024-08-22 22:04:45,alu update mengangu
1,2024-08-22 19:17:16,taikk bug nya download bikin akun bug nya anj ng
1,2024-08-22 18:38:07,jmbt login ganti sandi udah ngelakuin apa buruk bet kntl
1,2024-08-22 17:55:34,udah login suka tulis you re human pas klik yes eh ulang terus tolong baik yaa
1,2024-08-22 15:58:45,update trus bangsat
5,2024-08-22 15:41:51,harap bias video call
1,2024-08-22 15:34:13,click enter masuk tanggal lahir
2,2024-08-22 13:17:10,login ribet banget pw dll udah suruh confirm email pas klik masuk browser login nya browser
2,2024-08-22 12:53:51,min pas masukin tgl lahir tulis confirm nya
3,2024-08-22 12:42:36,bugg sih layar doank udah hapus
4,2024-08-22 11:59:52,fitur optimal lumayan enak bug ganggu
1,2024-08-22 10:35:47,males banget gbsa create account stuck tanggal lahir baik kas bintang
1,2024-08-22 10:31:50,apa udh gw kasi nomor verifikasi gabisa
5,2024-08-22 02:31:24,download bintang jelek bintang
1,2024-08-21 21:25:53,pas ulang tahun loh ngestuck situ paksa uninstall
5,2024-08-21 21:16:39,trmakasih
3,2024-08-21 14:04:08,tablet share screen
5,2024-08-21 12:29:17,verity pincet ulang ulang tetep
1,2024-08-21 11:06:59,suka tekeluar hilang suara gajelas
1,2024-08-21 10:21:30,apa pas login masukin tangal lahir uda isi reset ulang apk tolong baik
1,2024-08-21 10:13:17,login daftar udh kek ngurus ktp susah google susah kesel gua
5,2024-08-21 09:44:16,apk bug login susah bagus apk
1,2024-08-21 08:44:53,woy admin baik apk gw suruh verifikasi email pas ngirim kode kode masuk kotak gmail benenrin lahh
1,2024-08-21 08:14:59,bintang skrg login dc ribet banget verif udh gitu notif nya kocak
1,2024-08-21 08:11:49,login akun etik email password
1,2024-08-21 05:51:59,susah masuk masukin nomor verifikasi masuk
3,2024-08-21 05:44:12,nya bagus main pt bug kayak perbatuin gitu kayak masukin tanggal lahir g ulang g tolong baik ya develor kasih bintang ya
5,2024-08-21 03:22:07,coba blm th mdhan bgs
1,2024-08-21 03:04:24,dilogin email sandi udah tp login tolong baik sistem
1,2024-08-20 14:36:20,eror terossssz eror muluu gabisa gilir coba lg batas lawakkkkk
1,2024-08-20 13:44:43,gw blazing dapet nya kartu jelek
1,2024-08-20 13:38:58,susah daftar nya gblok
4,2024-08-20 12:36:04,bagus sih log in susah banget
1,2024-08-20 09:38:48,tolong baik bug buka dm
1,2024-08-20 07:45:27,dicord kode verify invalid masuk channel butuh verify uninstall
1,2024-08-20 07:23:54,ribert susah daftar nyebelin banget
1,2024-08-20 06:59:58,login nya udah bener ku kasih reting
1,2024-08-20 05:55:16,skarang voice
5,2024-08-20 04:17:16,guna keren bangets
1,2024-08-20 03:33:06,bug nya baik k nt l
1,2024-08-19 16:17:36,update berat buka ngelag parah ngeselin banget
4,2024-08-19 15:55:40,nomor nya susah kait
1,2024-08-19 15:27:49,login email nomor habis masuk email udah masuk nomor telepon tolong baik
1,2024-08-19 14:14:43,ngebug bener benerin
5,2024-08-19 13:12:17,tingkat kualitas nya
5,2024-08-19 10:24:15,hm hm baik gua daftar kon tol
1,2024-08-19 08:23:42,login sulit
5,2024-08-19 07:38:37,bagus orang cari senang cari hasil
2,2024-08-19 07:06:47,ui ux ribet bikin pusing hp enak
5,2024-08-19 02:06:43,bagus
5,2024-08-18 16:36:39,bagus skali apa tolong kasi bahasa indonesia trimakasih
1,2024-08-18 15:29:47,guna captcha erti kembang bodoh
1,2024-08-18 15:13:37,update delay kirim foto
1,2024-08-18 14:22:12,update ngebug mulu suara kadang kadang putus hubung ngebenerinnya disconnect
3,2024-08-18 13:42:12,in b ind yaela susah ni org indo asli
1,2024-08-18 13:28:48,login fix hadeh
2,2024-08-18 13:17:44,voice fungsi pas coba aman aman
3,2024-08-18 13:08:12,ilang nya voice bawah messages
5,2024-08-18 11:48:33,coba ya bagus pakek bintang kurang
4,2024-08-18 11:36:55,tolong tambah terjemah indonesia
1,2024-08-18 11:27:36,login nya susah banget
4,2024-08-18 06:07:25,disconnect voice call teman internet kencang tolong baik
1,2024-08-18 03:21:16,bintang pasu nomor hp klik verivikasi kode nya kode udh bener bilang salah pas kode bener tombol verivikasi nya pencet hdehhh tolong admin baik
1,2024-08-18 01:58:03,bug update tampil mulu bugnya jarang fix
2,2024-08-17 16:23:11,berat nya skrg
1,2024-08-17 15:38:57,saran tolong mic nya benerin ngomong suara nya ya bingung nya
2,2024-08-17 14:28:27,downloading update pc gitu
1,2024-08-17 13:58:53,login email password nya coba akun
5,2024-08-17 10:36:09,tau guna indonesia tolong tambah bahasa indonesia
4,2024-08-17 09:32:05,bagus banget voice suka
4,2024-08-17 09:14:00,temu frost diamond
1,2024-08-17 09:01:40,nuh uh
5,2024-08-17 08:39:20,game bagus
5,2024-08-17 06:36:18,bagus banget nya berkat mabar ama temen ku dapet temen negeri
1,2024-08-17 06:13:47,entitas gambar sesuai entitas
1,2024-08-17 05:23:01,server
1,2024-08-17 05:03:43,tolong baik apk nya masuk stuck logo tolong baik apk nya
3,2024-08-17 04:18:34,pilih bahasa indonesia make orang indonesia
1,2024-08-16 21:37:28,login gambar kaya iklan bug tolong baik
2,2024-08-16 21:11:45,masuk uninstall install ulang nya masuk nya saran developer
5,2024-08-16 21:04:33,mantap bagi terimakasih god bless
3,2024-08-16 17:58:14,kadang bug sound board pencet gameplay jalan jalan
1,2024-08-16 15:19:03,kode verifikasi kirim udah ulang ulang
5,2024-08-16 14:23:02,bagus banget pas teloponan suara nya patah patah
5,2024-08-16 14:20:25,nice game acc id advanajadah
5,2024-08-16 14:09:52,bagus
1,2024-08-16 14:04:00,selang update nya cepet banget diupdate ngebug
5,2024-08-16 12:42:26,keren sih pas ak download ulang g masuk ya pdhal bener loh
1,2024-08-16 11:18:43,login susah banget email nya udah salah masuk nomor telepon notice wa nomor telepon berapakali instal ulang tolong baik
1,2024-08-16 09:04:00,bug tolong benar
1,2024-08-16 07:57:15,oi suara ku ilang pas telepon wa
3,2024-08-16 01:33:22,bantu
5,2024-08-15 17:57:03,mantap deh
3,2024-08-15 16:10:22,saran voice meseges tbtb hilangg
3,2024-08-15 10:21:06,login register
3,2024-08-15 08:25:47,notifikasi verifikasi email tunggu email apa kesal mohon baik
2,2024-08-14 19:05:18,halo tolong fitur teman orang orang voice ya ganda akun desktop akun handphone tolong jelas
1,2024-08-14 14:23:54,udahh verifikasi kali kali tetep robot
1,2024-08-14 13:29:45,oi benerin tu verifikasi nomor
1,2024-08-14 11:21:34,njirrr susah banget masukin akun
1,2024-08-14 09:29:59,aneh akun sanget jelek
1,2024-08-14 08:37:50,bagus tpi tau login gabisa anjir udah ganti password akun error gmna developer nya tolong d baik salah sistem nya
1,2024-08-14 08:32:23,sandi masuk bikin jengkel tolong baik coba ganti sandi masuk
1,2024-08-14 04:11:31,apk jelek bug login
2,2024-08-14 04:02:45,ribet banget dah masuk register
2,2024-08-14 03:02:28,masukin tanggal lahir mohon bantu
5,2024-08-14 02:52:50,mantap kece
1,2024-08-14 01:49:59,pw nie make nitro g make border skrng alias suruh beli pisah mending nitro beli full sistem langgan iya udah langgan eh border suruh beli kek main game admin fitur full kek liat chat udah hapus
1,2024-08-14 00:48:43,masuk udah masukin syarat nya
1,2024-08-14 00:09:13,apas gabisa verif ewat phone number ain
1,2024-08-13 18:22:55,dah masuk pakai email pas nomor nomor nya ngak nomor aktif lo
1,2024-08-13 14:21:20,gajelas login susah
1,2024-08-13 13:10:22,login suruh cek email new location tekan valid developer idiot
1,2024-08-13 12:03:24,bikin susah kode verifikasinyaa munculnyaa
1,2024-08-13 09:45:51,maaf kasih rating pas akun ganti tanggal lahir tolong baik
1,2024-08-12 19:28:05,bug versi apk pas registrasi ngatur tanggal lahir tombol crate account nya pencet woy tolong
1,2024-08-12 19:08:21,login trus login ntah email sandi udah bener udah coba suruh buka email verifikasi tuh udah verifikasi
1,2024-08-12 14:19:28,juta bug
1,2024-08-12 14:14:02,apk tolol udah email pasword bener tetep gabisa login
3,2024-08-12 14:12:42,gimana daftar pake email no hp salah gimana masuk tolong baik
1,2024-08-12 14:11:38,gagal daftar jelek
1,2024-08-12 13:04:11,buruk aneh bodoh poko download ni aneh haram
5,2024-08-12 11:35:15,bismillahirrahmanirrahim alhamdulillah senang sholallahu ala muhammad terimakasih
1,2024-08-12 07:01:55,update ampasss
1,2024-08-12 06:52:00,sampah woy niat gw pas udah masukin password verifikasi gabisa daftar udah persis baik verifikasi nomor email nya diam developer nya
1,2024-08-12 02:20:56,verivikasi sms code nya sms tolong baik
3,2024-08-11 17:04:58,boros kuota asuuu
1,2024-08-11 15:13:51,teman kasar benci
2,2024-08-11 14:42:18,kali buka ngeblank refresh kali
1,2024-08-11 13:31:55,bngst muter muter doang chaptha baik noh chapta banget bug nya nih
1,2024-08-11 13:23:38,tll log out gj
3,2024-08-11 13:18:19,capek kadang voice setting kaga apa apain udh on voice suara hapus data nya suara cape reset data mulu
3,2024-08-11 12:24:51,stream audio quality jelek ui bagus mudah paham
1,2024-08-11 11:58:39,apa masuk pake email ribet benerin lol
5,2024-08-11 11:31:22,bagus ngechat orang sosial rame rame
1,2024-08-11 10:43:09,kode konfirmasi kirim masuk nomor telepon pasword kirim gblk
1,2024-08-11 07:37:23,ui kek tai
1,2024-08-11 07:25:18,parah limit cun brutal yayank ku
3,2024-08-11 05:54:56,bugnya plz
1,2024-08-11 04:47:12,verifikasi nya kode dah bener login
5,2024-08-11 02:58:10,terimakasih apk nya bantu main game bicara game
2,2024-08-10 15:38:16,tolong pakai masuk akun email tulis lahir tulis suruh isi pilih pakai nomer telepon hp tulis robot habis kirim code sms tunggu tolong baik kasih saran
2,2024-08-10 14:22:34,bug sinyal drop fine fine cuman masuk ya gada
1,2024-08-10 13:36:47,tolong tambahin fitur bahasa indonesia
2,2024-08-10 13:36:45,ya saat verifikasi nomer hp passwordnya kirim udh kali liat tutorial kirim password sampe gabisa ngetik komunitas grup mohon bantu admin diskord
1,2024-08-10 11:34:43,gimana sih tolol banget apklikasi
1,2024-08-10 10:39:08,susah bet daftar susah liat d yt beda dah aneh dahhhh
5,2024-08-10 08:32:01,nya bagus
1,2024-08-10 08:29:42,susah login males make ny
4,2024-08-10 06:55:38,tolong baik bug pulih akun kasih masuk pasword coba hasil invalid kode tolong baik karna kembali akun terimakasih
5,2024-08-10 01:32:40,bagus untul main samp
1,2024-08-10 01:23:17,masuk kek gin nunggu kode daritadi udah jam nunggu banget
1,2024-08-10 00:53:20,verifikasi anj gimana sih nya susah bet cok suruh cari plek anj anj fak yu bikin apk nya by anj
2,2024-08-09 17:04:18,micnya dah coba cek artikel ikutin sampe liat yt tetep
1,2024-08-09 15:03:04,bug voice
1,2024-08-09 14:56:52,bug
1,2024-08-09 13:07:38,kocakkkkk suara suka gaada bug mlu kadang kadang ngga
1,2024-08-09 12:52:09,dc ngebug mabar jengkel
1,2024-08-09 12:19:40,invalid number mulu si apk gajelas mending download jam ngurusin nomer
1,2024-08-09 12:05:47,bikin akun bisa udah bener udah jam tetep tulis are you human manusia robot
1,2024-08-09 11:55:45,buruk daftar asu suruh pakek nomor hp email mu ngabisin data download nya
1,2024-08-09 06:02:08,login akun udah coba login kali kali
1,2024-08-09 04:06:18,udah tulis masuk bug emang ya
3,2024-08-09 03:17:18,woi gua hilang suara juancok mas pagi bikin emosi
1,2024-08-08 23:53:48,nya kurang nya bagus login udah register eh email invalid
1,2024-08-08 20:42:21,email verifikasi lupa password ganti device sulit login
1,2024-08-08 17:37:51,gamaauu loginnn verifikasi sms nya gamau masukk
5,2024-08-08 17:21:02,terimakasih mudah discoard malam buka akun kelas bahasa asing
2,2024-08-08 15:52:43,ishhh sihh tinggal verifikasi nomer doang gabisaa gimanaa haduhh sinyal bagus tinggal verifikasi nomer telpon doang ya ampunn gabisa
1,2024-08-08 13:38:09,gimana sih are you human are you human dah cok gimana sih gua bot akun doang gimana sih gua dah taroh password nya ama email nomor gimana sih
4,2024-08-08 12:49:17,hibur
1,2024-08-08 11:54:51,udh restart coba download ulang aj g heran dah perbaikin
1,2024-08-08 11:54:48,suka pencet
1,2024-08-08 10:48:37,tau memeq
1,2024-08-08 09:09:17,masuk server download
5,2024-08-08 07:42:08,enak laptop
1,2024-08-08 06:21:40,kode verifikasi ku salah nomor telepon ku masuk kode knpa verifikasi kecewa
1,2024-08-08 03:49:42,invite teman mental
4,2024-08-07 17:49:22,not bad
1,2024-08-07 15:16:57,buruk
5,2024-08-07 14:35:00,kualitas sharescreen nya bagus
1,2024-08-07 13:43:08,tolol susah masuk
1,2024-08-07 12:07:42,mereset password nomor telepon pesan masuk valid kepala panas
1,2024-08-07 11:57:39,masuk apknya tulis unabel to register
1,2024-08-07 11:02:56,guna gamer temu orang sayang team support nya guna kirim tiket jamin bantu
5,2024-08-07 08:43:31,mantap bug nya udah baik nunggu gapapa
3,2024-08-07 06:06:34,tolong bnerin bug tambah no telpon dll resah
1,2024-08-07 05:01:49,masuk akun susah otp susah parahh banget apk
1,2024-08-07 01:16:42,verifikasi gmail
5,2024-08-07 00:25:04,bagus informasi
3,2024-08-06 17:58:49,dengar vidio putar share screen teman
1,2024-08-06 16:50:44,click kmn stuck situ gitu kesel deh
1,2024-08-06 16:37:47,mending update kode pas login bener sala email bener password bener invalid kocak
1,2024-08-06 16:05:12,dc bangke error
1,2024-08-06 14:36:06,verifikasi nya susah bet dah ngento
1,2024-08-06 13:54:36,please pas verifikasi suka ngeblank isi udah bener invalid email password pas masuk verifikasi aneh
5,2024-08-06 10:31:14,apl bagus komunikasi main teman moga bagus banyak fitur sekian terima kasih
1,2024-08-06 10:06:25,parahh sercer voice chat kadang ngomong baik lahhh
1,2024-08-06 08:47:54,loginn eror trus kocakk
5,2024-08-06 08:43:14,makasih admin ni bintang nya moga manfaat
4,2024-08-06 07:04:24,bug pesan dm selip gif masuk dm nya pesan gig kirim ulang double
5,2024-08-06 04:25:06,bagus
4,2024-08-06 03:54:37,logout pas login gabisa udah verifikasi email kirim
1,2024-08-06 01:35:28,jelek banget isi mending download
5,2024-08-05 15:00:57,mula
4,2024-08-05 14:11:40,seru sih org suka main game tmn gitu
5,2024-08-05 12:23:05,p bewan
1,2024-08-05 12:19:25,parah beh daftar susah banget bolak mulu ribet
1,2024-08-05 10:46:21,kasih bintang login ribet banget sampe gabisa mah gampang gampang ribet mohon developer nya biar benerin bug nya
1,2024-08-05 10:14:37,login kode verifikasi salah udh kode
1,2024-08-05 06:57:25,parah banget speed ny gambar ukur mb gagal d kirim
1,2024-08-05 06:42:55,gagal akun nomor telpon email
5,2024-08-05 06:02:46,gampang komunikasi bareng orang hehehe
1,2024-08-04 22:33:07,pedo
2,2024-08-04 14:26:34,pas udah masuk pakai email verifikasi kode otp nomor telepon kirim kode verifikasi gabisa login
5,2024-08-04 12:38:00,susah loadingnya
2,2024-08-04 12:35:27,mic gw gapernah nyala jir
2,2024-08-04 09:36:16,pls pas masukin nomor udah pas verifikasi code verifikasi pls gw kesel banget
1,2024-08-04 09:03:33,admin hormat suka ambil foto video ambil terdownload tekan tolong kualitas gambar video tingkat
1,2024-08-04 04:41:56,login
2,2024-08-04 03:26:29,akun yah tolonh perbaikin donk
1,2024-08-04 00:57:36,dc yaa off
5,2024-08-03 16:49:55,baik baik
1,2024-08-03 14:42:42,hahhh benci banget pasu password email login gabisa login ku eror akun akun kali ketes eror akun device bug resah
1,2024-08-03 14:07:43,kocak gabisa login udah ganti sandi ttp gamau lawak
2,2024-08-03 14:02:52,jelek bangett login kaga reset password kaga muncul muncul verifikasi r u human mulu masukin password ribet banget pliss bikin orang emosi
5,2024-08-03 14:01:44,keren si nya youtuber
5,2024-08-03 13:59:02,seru
1,2024-08-03 13:31:04,woi babi gmn daftar ya udh bener salah gimana nih
1,2024-08-03 13:06:16,trouble call chat
4,2024-08-03 10:57:17,habis download akun ilangg akun login akun pdahal blm bikin akun nama nya xyzran dyy ya tolong ya
3,2024-08-03 10:39:39,kecewa pas masuk akun
1,2024-08-03 06:50:03,dc anjg login susah sandi udah bener email ganti pw masukin kode verifikasi invalid verivikasi nomor hp pencet verivikasi emang apk dajjal
1,2024-08-02 23:22:35,gimana susah banget masuk email sandi bener tpii gabisa udh gtuu pas gabisa pencet sma pas udah masuk gabisa kirim pesan
1,2024-08-02 20:39:15,tolong lahh baik login
1,2024-08-02 19:40:52,palah gajelas baik min
1,2024-08-02 15:19:35,jelek burik gembel sign in gabisa log in gabisa gembel nup bot
1,2024-08-02 15:10:20,apk manja voice call update suara
1,2024-08-02 14:59:54,tolong tambah bahasa indonesia indonesia butuh mudah
5,2024-08-02 14:43:01,sempurna
1,2024-08-02 13:49:31,ni suara ilang kon
1,2024-08-02 13:00:04,kekmana log coi
1,2024-08-02 06:07:46,bener udah ngasih email bener
5,2024-08-02 03:57:52,bantu keren bug kadang gambar zoom gitu klik ter zoom pas apk masuk normal
1,2024-08-01 16:33:09,loginnya susah
1,2024-08-01 12:27:36,sebenernya bagus cuman bahasa lengkap bahasa mulu bahasa indonesia belah unistal
1,2024-08-01 11:43:57,jelek nih login akun dc password nya udah bener reset pasword invalid token
1,2024-08-01 11:05:01,kagak login bikin kesel
5,2024-08-01 10:47:34,cari pijat bayi cari
4,2024-08-01 07:52:46,pls kasih tau pasword manager nya
4,2024-08-01 07:25:39,bagus masalah gmail
4,2024-08-01 07:10:42,download nya jaring wifi bagus login akun verifikasi email kali kali gagal udh bener sampe kali login gara ngurusin dc pacal jd ngambek
2,2024-08-01 04:42:01,pengenmasukin kode no hp ngga
5,2024-08-01 00:02:42,terimakasih baik bug nya
5,2024-07-31 22:53:19,lupa update versi
1,2024-07-31 15:08:09,sistem verifikasi bodoh niat biar aman bikin guna susah
1,2024-07-31 13:43:19,jelek banget gua login sulit sulit buat akun login mohon mudah
1,2024-07-31 11:43:11,anjir gebak gua login akun gua tolong baik
3,2024-07-31 10:37:29,mem verifikasi nomer whatsapp respon nya
4,2024-07-30 18:10:34,tambahin bahasa indonesia min
2,2024-07-30 13:57:38,bug bagi audio output bot jockie suara keluar bot music suara telpon risih bug install ulang mohon masuk
1,2024-07-30 13:51:58,bug buruk pakai
1,2024-07-30 13:18:19,tolong developer hormat knp join voice main game voice nya mati tolong fix developer menggangu terkadang join voice
2,2024-07-30 12:28:20,alas login sudh password dll sudh coba kali moga cepat baik
5,2024-07-30 11:14:36,verifikasi mudahin verifikasi makasih
5,2024-07-30 09:10:34,udah bagus biar bagus tambahin bahasa indonesia biar guna
5,2024-07-30 02:34:25,keren
1,2024-07-29 22:40:21,dc suka trouble cetang cetung muluuuuuu astaghfirullah sng eling
3,2024-07-29 22:07:36,paham apk sy kasih bintang dlu ya
4,2024-07-29 16:46:44,menu bahasa indonesia sedia
1,2024-07-29 15:21:21,apa register phone kagak verify gaje bet udah uninstall kagak
1,2024-07-29 14:47:38,dah susah login nya
1,2024-07-29 14:41:17,bet kirim kode nya
1,2024-07-29 13:14:44,masuk lupa katasandi susah bangt rating buruk
1,2024-07-29 13:01:44,nomer hp invalid chat cs jalan
1,2024-07-29 12:23:43,fitur nya susah
5,2024-07-29 11:40:29,bagus bet
1,2024-07-29 11:04:07,buka udh registrasi akun daftar maksud nya tolong baik
1,2024-07-29 10:40:03,udh login bekal udh susah tulis alamat imel sandi masuk sandi imel udh tolong bug tangan
4,2024-07-29 07:59:33,bantu
1,2024-07-29 07:54:49,banyak kena bug login no hp tolong baik
5,2024-07-29 06:41:33,keren banget suka teman gara gara ini makasih bro
1,2024-07-29 05:04:29,bug mulu udh ngelakuin
5,2024-07-29 01:58:09,tukar koin diamon
2,2024-07-28 22:57:27,sulit verifikasi nomor tolong sulit
3,2024-07-28 13:57:38,bahasa indonesia ya
5,2024-07-28 12:08:49,lumayan nambah temen online
1,2024-07-28 09:29:39,apa verifikasi pencet pas kode nya udh minimal baik bug nya
3,2024-07-28 07:01:19,minus plus simple gimple pop pip skrim
2,2024-07-28 05:35:18,gkk bahasa indonesia
1,2024-07-28 04:02:37,developer discod masalah komunikasi terkadang bicara barengin main game tolong tingkat
5,2024-07-28 03:30:47,sy cuba semofa bagus
1,2024-07-28 03:05:57,gaada bahasa indonesia
5,2024-07-28 02:08:31,bagus komunikasi
5,2024-07-27 14:05:27,mantap banget main block man go top up sekin bagus sekin gratis permanen
1,2024-07-27 12:23:41,maaf kasih bintang bug mem verifikasi nomor masuk kode tolong baik
2,2024-07-27 09:24:14,nya login bug akun google ku udah tempel tulis
5,2024-07-27 09:18:26,kau baik man
1,2024-07-27 06:29:50,login register suruh verifikasi selesai verifikasi nya
4,2024-07-27 06:16:03,gaada notif muncul ya pas buka apk nya pdhl udah aktifin notifikasi
1,2024-07-27 05:41:41,sumpah log in gabisa udh kasih email nya gabisa udh bener
2,2024-07-27 04:04:16,halo buat tolong baik bug akun duluu an salah pas dah unabble to register tolong baik bugnya akun
1,2024-07-26 21:28:19,no telp verif gabisa udah
1,2024-07-26 17:59:22,dc butut
2,2024-07-26 16:23:38,update doang bug urus
5,2024-07-26 16:15:48,tambahin bahasa indonesia manfaat oarang indonesia bahasa asing tolong tambahin bahasa indonesia
1,2024-07-26 15:34:17,mohon maaf deviloper tollong ko sya log in code log in nya kluar kluar ya
1,2024-07-26 14:52:35,login dc kek ngehack data anjg
1,2024-07-26 14:40:03,instal ulang matamuuuu anjjjjj semenjak update beres anehhhhhh moga ganti iniii
3,2024-07-26 13:02:07,notifikasi ya suara kayak notifikasi sistem pdhl bunyi beda ciri khas apk
5,2024-07-26 12:08:25,suara suara bunnyi tana enbalga
5,2024-07-26 10:46:18,bagus keren main alhamdulillah verified
5,2024-07-26 07:37:40,kelas
5,2024-07-26 06:43:47,keren gampang komunikasi orang luas negeri
1,2024-07-26 06:42:56,akun pakai email tulis unable to register tolong
1,2024-07-26 05:52:06,gabisa login pdhl udh bener masukin no wa tolong baik
5,2024-07-26 04:18:43,tarik mudah obrol
3,2024-07-25 22:52:17,tolong kasih bahasa indonesia
2,2024-07-25 19:44:02,woiiii gua register susah amattt anjir
5,2024-07-25 15:00:01,bagus tpi tolong tambah bahasa indonesia orang indonesia tambah bahasa indonesia mudah guna sekian terima kasih
4,2024-07-25 14:42:20,jelek nasionalis bahasa indonesia
5,2024-07-25 13:45:39,best deh pake mabar temen suka tlp an gampang ngga repot apk belah suka lag layar mati gajelas sekian
2,2024-07-25 12:01:35,bikin jan baperan napa bg ku hapus login aku
1,2024-07-24 21:47:51,kali download langsung gagal persen udah coba hp
1,2024-07-24 15:51:13,susah banget login lupa sandi
1,2024-07-24 15:24:08,mutu jelek payah
5,2024-07-24 14:33:09,moga jaya
1,2024-07-24 13:16:53,susah banget sih login nya udah bener salah yah tolong baik yahhh
1,2024-07-24 13:10:48,suara kecil
1,2024-07-24 10:46:11,jelass masukin akun udah verifikasi bisaa tolol
3,2024-07-24 10:33:49,oke apknya cmn bug kayak suara video gambar potong blue bar atas chat uinya oke enak
1,2024-07-24 08:52:52,bahasa indonesia please
1,2024-07-24 08:11:18,kode udah login mohon benar
3,2024-07-24 00:21:47,sumpah liat id nya liat tutor aj suruh nyari behavior pas buka gda behavior
1,2024-07-23 22:56:03,game lot loading mulu ampe kesal kian game kian sebal
1,2024-07-23 15:54:33,emang nya
1,2024-07-23 15:09:18,login
1,2024-07-23 12:16:54,burik login anj kntl
5,2024-07-23 11:55:19,bagus rekomendasi
5,2024-07-23 11:30:43,mantap we we map main game polyfield bagus ni gw kasih bintang
1,2024-07-23 09:55:35,versi berat device device samsung galaxy a
1,2024-07-23 09:02:17,ni apk susah banget login
1,2024-07-23 06:39:22,verify phone udah masukin nomor tinggal masuk code code masuk invalid bingung kasih code bilang salah
5,2024-07-23 02:35:41,sungguh bantu obrol
5,2024-07-22 20:30:41,bagus komunitas ramah
1,2024-07-22 15:40:30,gabisa login nunggu kode verifikasi muncul gajelas
5,2024-07-22 15:35:26,gg adik
1,2024-07-22 15:26:03,batas pesan grup cooldown aps no rekomend
1,2024-07-22 14:45:49,berulangkali daftar pakai email gagal email nonaktif gajelas banget
4,2024-07-22 14:16:48,bagus sayang hapus server
1,2024-07-22 13:54:48,jelek banget
4,2024-07-22 13:24:14,tolong min very phone ya very phone
5,2024-07-22 12:50:27,kemaren hp jadul
5,2024-07-22 11:20:34,dpt kawan loh
1,2024-07-22 08:27:00,mati sendang
1,2024-07-22 08:09:05,nya ngebug udah bener
1,2024-07-22 07:46:55,bagusya bagus minimal benerin tuh bug nya kocak
1,2024-07-22 05:01:59,ngerti gaada bahasa indonesia nya
3,2024-07-22 03:45:04,ngk bhs indonesia nya
4,2024-07-22 00:37:49,ya download situs game ps mudah
1,2024-07-21 15:37:02,bagus udah masukin sandi gmail login
1,2024-07-21 11:11:12,banget bug masuk tolong baik cepat developer banyak bug kasih bintang kasih dah
1,2024-07-21 10:33:09,login email password nya pakai nomor hp tetep tolong baik
2,2024-07-21 09:48:02,tolong tambah bahasa indonesia
1,2024-07-21 09:31:39,tutor login pake akun gua apa login akun lawak bet ni apk
1,2024-07-21 07:42:59,knpa install terang tunda install apk cepet
1,2024-07-21 07:12:30,udate update aj msk susah ampun mutu jlk byk makek nih apl
1,2024-07-21 04:02:51,login nya susah banget invalide number
1,2024-07-21 02:18:35,tolong baik bug verifikasi security code
2,2024-07-20 21:57:32,hapus
1,2024-07-20 18:04:58,apk login susah banget akun ama pw ny dah bener pas udah ganti pw mas aneh mending bagusin login jan laen login ny dlu mudah
5,2024-07-20 13:41:11,oke bantu diskusi game the godfather family dinasty
1,2024-07-20 12:00:05,parah login
3,2024-07-19 22:11:24,channel ya
1,2024-07-19 21:57:19,apk nggak bikin akun gagal ngawur emang nih apk
1,2024-07-19 17:40:47,bug ken masukin no hp kirim code uda pencet pencet kagak mohon update nya
1,2024-07-19 17:15:56,apalikasi gajelasss udah log in gilir log in kaga tingkatinn
1,2024-07-19 16:05:27,bikin pusing masuk gabisa
1,2024-07-19 14:40:53,ngelag parah kek
1,2024-07-19 13:18:13,suara ilang telpon kasih bintang kurang
2,2024-07-19 13:17:29,kirim chat gambar susah pleaseee bugnya ambyaar
5,2024-07-19 13:05:29,bagus informasi komunikasi
3,2024-07-19 07:09:15,mohon tambah fitur android ios rekam suara rekam layar handphone kerepot recording pakai bot craig mulu rekam suara didiscord ngepasin suara nya andai rekam langsung live pas live tiktok an handphone ku viewer ku bilang stream ku suara ilang gara gara ku stream an yah curhatan ku sekian moga baik
1,2024-07-19 06:11:45,masuk masuk sandi salah sandi salah ribet lu minn
1,2024-07-19 05:37:44,nomer hp bom link verifikasi tulis an existing account is already this number akun cuman sengaja hapus no hp gagal login pc gara bug invalid login cuman ken balikin nambah nomer hp gagal hapus nya gimana coba nomer nya hubung akun tolong benah invalid nya login nambah nomer hp verifikasi nya udah nyoba pc hp
5,2024-07-19 04:03:36,ok mantap langsung dibenerin
1,2024-07-19 01:59:20,nya ribet bngt tetlalu bnyk pilih bs edit poto kebaya bs d erti pko nya ribet bngt deh
1,2024-07-19 01:51:29,bug pencet mana aneh ni apk
5,2024-07-18 23:42:20,lancar kendala bug min lupa nonaktif versi kembang perangkat terimakasih
1,2024-07-18 19:04:01,ayolahhh udh pake sandi akun sampe email bilang sah sah mulu gw sampe rela hapus akun dc gw bikin dc bilang sah pie iki loh bikin tantrum taikkkk
5,2024-07-18 17:14:56,bugnya anj minimal bikin apk niat
1,2024-07-18 15:27:24,benerin tuh gw login susah banget udah bener no pasword nya apk sampah
1,2024-07-18 14:59:23,register jam bjir
5,2024-07-18 14:52:48,tambah bahasa indonesia biar rame
5,2024-07-18 13:52:04,bingung pakai
1,2024-07-18 11:56:13,login pake new login location detected please check your email gw pindah rumah hdeh
1,2024-07-18 11:45:31,suara ngebug jir
1,2024-07-18 11:00:19,banyak bug
5,2024-07-18 09:26:12,terimakasih baik
1,2024-07-18 08:50:12,tinggal login ae sulit asu asu
1,2024-07-18 08:41:49,bingung login nya hcaptcha nya ribet udah coba browser desktop
1,2024-07-18 03:18:53,jelek ngebug ui masalah crash kadang suka keyboard suka error
1,2024-07-18 03:00:46,banget email nya udah bener masuk perangkat restart
3,2024-07-18 00:03:08,tarik
1,2024-07-17 22:17:20,hah
1,2024-07-17 16:14:38,gajelas cok very ngebug mulu
1,2024-07-17 15:23:18,kendala login verifikasi verifikasi nomor telfon kode kirim
1,2024-07-17 14:37:41,masuk t lo l dah bener sandi nya invalid cacad
1,2024-07-17 14:15:51,udah kasih email bener salahin
1,2024-07-17 12:13:58,apk tombol kirim ubah tombol emote ngirim pesan
2,2024-07-17 12:07:16,login akun email password pas akun guna
4,2024-07-17 10:23:58,orang indonesia tolong tambah bahasa indonesia
1,2024-07-17 09:51:59,login susah bbrapa kali coba ehh blokir lucu ni
3,2024-07-17 09:04:50,haduh ngga ngerti apk bahasa inggris kasihan ngga bahasa inggris
2,2024-07-17 05:29:29,register login serba salah email nomor telepon udah mohon baik robot
1,2024-07-16 22:52:24,login bug login ganggu haloo tolong baik
1,2024-07-16 17:11:15,buruk
5,2024-07-16 16:28:00,alam mudah obrol nal orang asing teman saran mohon batas member group member ok sekian terimakasih
5,2024-07-16 13:14:31,ap nya udah bagus please tambahin atur bahasa b indonesia
1,2024-07-16 12:33:58,tolong baik loginnya pake nomor tlpn bener tolong baik
1,2024-07-16 12:33:01,tolol sandi ama email dah bener salah in
1,2024-07-16 11:04:41,suka ngebug cik mwalasin
4,2024-07-16 10:54:31,tolong bahasa indonesia bnyak guna apk indonesia
5,2024-07-16 10:52:22,
1,2024-07-16 10:19:31,jelek log out akun masuk developer tolong benar bug
1,2024-07-16 05:14:49,mohon baik bug login akun
1,2024-07-16 05:01:21,sampah udah pake enak enak loh pas udah update ko login passwordnya udah tolong baik
5,2024-07-15 21:54:42,login
1,2024-07-15 18:28:38,sampah suka nyedot saldo berhentiin langgan pas cek menu langgan gaada saldo kurang
1,2024-07-15 17:02:24,versi ngebug macet tap apa nggak muat laman
1,2024-07-15 15:02:20,login email password
1,2024-07-15 14:55:13,didownload ya
1,2024-07-15 13:58:27,akh paok kali kau bujang
1,2024-07-15 13:47:15,oi gw manusia robot bikin akun susah
2,2024-07-15 13:27:36,coba
2,2024-07-15 12:17:09,voice error suwara masuk coba uninstall install ulang coba record audio normal normal discod g masuk suara mohon baik bug nya terimakasih
2,2024-07-15 12:14:25,ribet repot
1,2024-07-15 11:53:33,halah bs login gin masak hrs akun mulu
1,2024-07-15 10:19:25,gajelas lu apk gua mauuu nobat cewe gua gabisa panteeeeeee dc pante
4,2024-07-15 08:57:35,temen gua bandar
4,2024-07-15 07:30:09,masuk pesan telat
1,2024-07-15 07:11:36,jelek mutu buang
4,2024-07-15 06:18:02,bug buka apl langsung direspon tim kirim email kait setting dsb ahirnya ikut kiat jalan
5,2024-07-15 01:01:17,tolong baik suara hilang pas join voice masuk suara
5,2024-07-14 17:38:17,nice login
1,2024-07-14 16:39:06,parah dc bang windah ilang
1,2024-07-14 15:04:40,suara
1,2024-07-14 13:02:01,bug akun salah mulu sandi nya
1,2024-07-14 12:46:46,patah patah anjay
1,2024-07-14 12:20:57,sandi email pas login masalah masalah tu dc nya otak buat dc wkwk burukk
1,2024-07-14 11:55:50,akun masuk akun
1,2024-07-14 11:53:57,gajelasssssss bug anjwenggg phone number invalid udh masukin bener bener sampe ngulang kali kali tolong baik ajig
4,2024-07-14 10:11:46,g tau makek nya iseng donlod aj
4,2024-07-14 08:00:19,apk nya bagus banget kurang pas join grup game roblox masuk udah pencet link nya baik fix kasih bintang
1,2024-07-14 04:51:36,dah register ngulang dah bener telah g register
1,2024-07-13 22:43:09,code sms nya tolong baik
1,2024-07-13 20:52:31,daftar susah banget udah dimasukin kode verifikasi kode invalid udah bener udah coba kali kali
1,2024-07-13 15:30:27,bug nya parah kadang suka forceclose chat kirim internet aman lancar tolong baik bugnya
1,2024-07-13 14:35:04,forclose main game kecewa sinyal bagus apk pakai game main ram nya longgar forcloce
1,2024-07-13 13:27:05,pepek verifikasi email
1,2024-07-13 11:53:08,login suruh reset password gajelas
1,2024-07-13 11:12:27,kecewa guna hilang akun sayang ganti email aktif menit nomor telepon keluar akun pemberitahuan gmail akun pindah email mati kecewa milik bug tanggung bintang
5,2024-07-13 09:31:14,ngapain ngasih tutorial sich
1,2024-07-13 07:55:36,rusak pencet verify code nya udah kirim
1,2024-07-13 07:53:16,apk najis masukin server bokep cuih yatim yatim
1,2024-07-13 07:16:20,apk gaje dah bener login minimal perbaikin tolol
1,2024-07-13 06:05:17,bug apk sampah main ad suara kocak
1,2024-07-13 05:48:30,masuk akun ku
5,2024-07-13 05:39:37,
5,2024-07-13 00:30:09,bagus praktis
1,2024-07-12 21:39:10,parah nomor phone jengkel code verif udh web nya hp udh restart kali tolong baik udh cape gmna
3,2024-07-12 21:20:29,tau gw ngisi aj
1,2024-07-12 17:44:23,bug nya banget
3,2024-07-12 17:22:59,make sih enak kek ya
1,2024-07-12 17:03:41,kena tipu akun palsu retas nama akun orang persis tipu
5,2024-07-12 16:41:48,rating cuman kayak stuck tau tambah fitur tambah cache berat iri fitur pc computer sana ganti akun cepat mohon dev adakan terimakasih
1,2024-07-12 14:25:59,login email no telpon muka tolol
2,2024-07-12 13:46:31,bug parah
1,2024-07-12 13:40:11,masalah verifikasi nomor telepon udh dapet code nya invalid mohon baik kasih bintang maaf anjg
1,2024-07-12 13:03:55,buruk login gas pas bener anggap salah
1,2024-07-12 11:46:31,masuk no bener code code nya masuk
1,2024-07-12 11:05:20,dasar bodoh login susah banget kirim verifikasi login akun notifikasi muncul coba kirim kali pesan kirim notifikasi masuk link verifikasi halaman suruh kirim verifikasi pesan isi akun nonaktif minta
1,2024-07-12 09:49:37,verify suruh verify ngak
5,2024-07-12 09:43:03,game nya mantep banget
1,2024-07-12 09:37:07,tolong baik main link game gakbisa playstore tolong yah baik
1,2024-07-12 08:54:17,bener gw udah donlot pas login suruh pake nomor hp nomor invalid woi benerin tolong
1,2024-07-12 08:47:34,sampah nggak login invalid number tolol
1,2024-07-12 08:40:01,suruh verif pake nomor telpon pas udah isi invalid phone number dasar gaje
2,2024-07-12 08:21:48,bug nya perbaikin napa udh nomor ku regist tetep gabisa
1,2024-07-12 07:26:48,bug kedengeran suara sampah
1,2024-07-12 06:47:43,bugg login verivikasi nomor telepon invalid
5,2024-07-12 06:12:29,login pakai akun tulis connection
1,2024-07-12 05:17:06,login sulit verifikasi uda masukin nomer telp invalid aneh bed
1,2024-07-12 04:26:22,login akun password masuk gimana ya salah
4,2024-07-12 01:49:23,bintang ganti pw coba login pw solusi nya abangkuh
1,2024-07-11 19:18:35,jelek isi pedo
1,2024-07-11 14:22:16,tolong perbaikin verify no hp banyak invalid
3,2024-07-11 13:22:34,kadang pas voice gaming bareng temen tiba kluar
2,2024-07-11 11:44:55,smsnya kagak kirim woi
2,2024-07-11 11:39:49,kode nya kirim
1,2024-07-11 09:03:10,ajg gabisa masuk udah pake no telpon email tetep pas udah masuk lobby obrol tulis unable to regist
1,2024-07-11 07:27:45,log susah atur nya anj emali pasword nya salah tolol
1,2024-07-11 04:22:07,login susah udah masukin kode sms invalid dapet sms nya
1,2024-07-11 04:13:18,susah bet pngn login anjjjhhhh
4,2024-07-11 03:32:31,main
4,2024-07-11 03:03:07,bug verifikasi nomer
5,2024-07-10 22:05:31,robot adooo udah bust ulang sampe jam nggak masuk akun ku cikk
3,2024-07-10 21:31:53,sedia bahasa indonesia
3,2024-07-10 16:58:03,mo login susah bat ppq
1,2024-07-10 14:06:25,tolong baik login
1,2024-07-10 13:19:09,ngerti bahasa inggris
1,2024-07-10 12:21:33,sampah jelek apain pokok sampah sampah sampah
5,2024-07-10 10:15:36,pokok perfect
1,2024-07-10 10:08:16,beres
1,2024-07-10 07:34:40,violation gbsa bedain org atw bot main ban akun
3,2024-07-10 05:15:02,tulis unable to registrasi
1,2024-07-10 00:21:12,nge bug gimana sih register pas masuk verifikasi code sms tolol masuk masukin coba kali coba baik
3,2024-07-09 22:26:31,mula
4,2024-07-09 18:45:47,nice suka ilang
1,2024-07-09 15:39:52,udh ulang x login lg jga ttp sampaah
1,2024-07-09 13:35:43,daptar pakai hp anjiiirrr
1,2024-07-09 13:35:28,dukung lgbt
5,2024-07-09 13:34:04,oke
5,2024-07-09 12:09:39,ok bahasa indonesia
4,2024-07-09 10:58:12,login nya bagus wa ngomong bareng wa chat chat doang bagus wa kasih bintang deh lumayan banget
2,2024-07-09 09:54:58,tolong baik bug gambar potong
1,2024-07-09 08:18:19,chat bayar sampah
1,2024-07-09 07:42:52,tolol login sulit
2,2024-07-09 07:41:40,layar nya cuman stuk logo pas login gabisa login masukin email pw udh kali kali unistall apk dri
5,2024-07-08 20:23:07,bagus berkomunikas
1,2024-07-08 19:39:58,knp sih d suruh ganti password mulu pdhal udh gw ganti tp d suruh ganti password trus
1,2024-07-08 18:27:16,gimana caranyaa login lupa password pencet lupa sandi kirim email ganti sandi sandi invalid udah ganti
1,2024-07-08 16:39:26,aneh kirim foto
1,2024-07-08 16:13:11,gajelas nih loginnya ribet suruh masukin email masuk nya email ynag verify nya ngeribetin dibenerin loginnya gitu susah
3,2024-07-08 15:54:01,udah instal tp login nya ampun susah banget gagal trs nt bintang ganti
1,2024-07-08 14:43:17,login gagal sandi email udah bener tolong benah woi
3,2024-07-08 14:01:32,bug mic keluar suara mikrofon aktif
3,2024-07-08 13:40:05,tolong kena bug mana mngeluarkan suara mic bicara
1,2024-07-08 09:48:45,nggak join server link invitenya expired mohon baik
1,2024-07-08 08:50:11,kena muncul notif mendowload henti terinstal coba hapus muncul
2,2024-07-08 08:31:22,update mulu dah
1,2024-07-08 08:10:41,aplikasiii gunaaa bisaaaa loginnb goblokkkk bikinnn aplikasiii tuhh benerrr pakeee tololll lu bego goblokkkkkk ajar jangannn bokepp mulu lu tontonnn tololll aplikasi guna tololllll
1,2024-07-08 07:23:21,kode verifikasi kirim ponsel
4,2024-07-08 07:11:16,bagus ngobrol kurang kalou login akun tolong bisa
5,2024-07-08 06:15:05,bantu sya cari teman bantu sya tugas sekolah b
1,2024-07-08 05:45:53,disave pdhal udh setting
1,2024-07-08 05:09:55,tolong uinya ringan karna animasi ui baru berat bagus ui
5,2024-07-08 04:59:02,dlu main bicara teman
1,2024-07-08 04:32:47,tolong bug mana pas pilih bilangin salah udah bener kasih bintang tolong kasih bahasa indonesia
1,2024-07-08 03:33:36,halaman beranta susun rapi pusing lihat grup grup selamat tinggal uninstall
5,2024-07-08 02:49:43,baik tambah wawas
5,2024-07-08 02:04:52,tambah bahasa indonesia bangg please
2,2024-07-08 02:03:51,nge scam orang
1,2024-07-08 01:13:53,sampah login susah gilir pake nomor telepon bilang kode salah eh berak lu ngirim kode udah verifikasi banget are you human are you human weh lu udah bilang gitu kali semenjak gw login mulu lu berak
1,2024-07-07 23:29:08,verifikasi kode pencet pencet nggak respon nggak tombol very nya pencet emang nggak udah nggak pencet bug nya awas nggak baca
1,2024-07-07 15:06:52,tolol login bener
1,2024-07-07 14:33:51,susah banget si loginnya jelekkkkkkkkkk
1,2024-07-07 14:30:12,min please help me gatau micnya suka error teruss kemarin pas coba gabisa pas coba trus gabisa micnya
3,2024-07-07 13:34:58,lumayan obrol komunikasi orang pas up masuk knp yaa
1,2024-07-07 12:28:57,login nya cape anjayy daftar susah banyak langsung hapus dah
3,2024-07-07 12:07:43,bantu banget kren
1,2024-07-07 11:25:44,nggak login coba gagal tolong baik nya
1,2024-07-07 11:09:27,login masuk email pw udh bener tulis invalid tolong perhati
4,2024-07-07 10:14:24,kembali notif orang message request
1,2024-07-07 10:11:42,jembut suu verivikasi gmail rusak jembut po asu
1,2024-07-07 08:04:33,ribet banget pakek verifikasi email pakek bahasa inggris
1,2024-07-07 07:14:16,bug login codenya udah bnr verify
1,2024-07-07 07:13:16,pas verivikasi email udah email gw ama password nya gimana akun gw buka masuk verifikasi email temen temen gw cuman apk doang
5,2024-07-07 06:03:19,nya bagus
1,2024-07-07 01:55:21,nya rusak udah login eh baca vervy by email pas udah kerja
1,2024-07-07 00:48:45,mempersilit
1,2024-07-06 22:15:12,bet sih gw mo sambungin nomor telepon mlah bilang udah kepake maksud gw bikin akun dah
5,2024-07-06 19:42:37,gabut kasih bintang v
5,2024-07-06 18:09:24,tolong adakan bahasa indonesia
4,2024-07-06 15:55:52,apknya bagus gua temen
1,2024-07-06 14:47:53,update ngebug gabisa ngapa ngapain mending gausah update tolol
2,2024-07-06 14:03:14,sampah susah masuk
1,2024-07-06 13:36:58,pls benerin bug nya masukin code verifikasi pdhl udh bener code nya hadehh masuk server sulit kecewa
1,2024-07-06 13:20:05,tolol kode verif kirim situ nya bilang salah daftar ulang klik verif gada respon tolol bug mana lot tolol dah kek paket hosting rb mumpuni ngejalanin server mending mati dev ngentod
2,2024-07-06 08:27:54,apk nya bagus mabar pokok mantap ad bug rating
1,2024-07-06 08:16:44,dc aneh bug tolong jngn update aneh masbro
1,2024-07-06 07:15:55,burik kagak login fefek babi emg kali pake google login kntl pikir babi
3,2024-07-06 04:49:58,kadang bug suara mic teman dengar bagus sih mudah mabar teman chatting chatting singkat ngobrol gitu
3,2024-07-06 04:45:19,forma apk jelek pencet tombol pencet sinyal bagus
1,2024-07-06 04:18:29,kocak
4,2024-07-06 03:15:08,kasih bintang
4,2024-07-06 02:46:53,saat voice channel main game putus tengah game perangkat kuat jalan apk nya support handphone kelas tengah tolong jadi lancar perangkat lemah guna
1,2024-07-05 20:44:05,akun log out pc hp trus coba login gabisa
5,2024-07-05 18:04:27,hallo bahasa indonesia orang pakai bahasa inggris susah paham orang paham bahasa inggris bahasa baik tambah bahasa indonesia guna gampang paham terimakasih
1,2024-07-05 15:32:42,ampas parah update suka ngelag on cam share screen
3,2024-07-05 14:56:33,parah suara ku klau call dc
3,2024-07-05 13:35:08,tolong tambah bahasa indonesia biar paham bagus
1,2024-07-05 13:01:29,verifikasi nya tolong baik masuk
1,2024-07-05 12:35:44,aneh udh login tulis udh ganti hp
4,2024-07-05 10:11:34,tambah fiture switch account perangkat mobile
5,2024-07-05 06:44:49,pokok mantap serba yes
1,2024-07-05 06:34:42,susah login gua udah akun login
1,2024-07-05 04:17:36,login verifikasi ngebug kode verifikasi tpi hasil coba kali tetep
4,2024-07-05 03:45:33,tolong tambah terjemah
1,2024-07-05 03:32:54,layan buruk sistem jelek tuduh bot mulu sistem buruk
1,2024-07-05 01:42:51,apa ad unsur lgbt mending hapus
1,2024-07-05 00:27:08,masukin gmail pwnya udah bener bet
1,2024-07-05 00:19:02,bug hapus email ganti email nyusahin banget can you fix it
1,2024-07-04 22:23:27,pas masuk password salah udah bener apk aneh jelek rusak layak pakai
3,2024-07-04 19:40:56,hallo knp verifikasi nomor telpon kendala kirim sms kode verifikasi nya valid salah balas sms kode kode nya valid
1,2024-07-04 17:28:14,pas join voice kadang hp layar mati atupun kedap kedip mohon baik
1,2024-07-04 15:53:22,ngelag kaga pencet jir
5,2024-07-04 15:25:25,bismillah coba download moga bagus nya amin
1,2024-07-04 14:37:54,masuk buruk
4,2024-07-04 13:27:38,apk guna mabar tolong apdute bhs indo
5,2024-07-04 13:08:53,udah bagus sekarangg
1,2024-07-04 12:19:33,bug parah tambahin fitur bookmark biar chat chat community dibookmark scroll
1,2024-07-04 10:59:02,sulit sinyal update versi baru buka sinyal normal baik
5,2024-07-04 10:00:45,apk nyari temen nyari bucinan
1,2024-07-04 09:06:24,apk gajelas masuk akun ribet
2,2024-07-04 09:01:35,ngebug mulu jelek
4,2024-07-04 08:00:34,bagus cuman dia fitur telfon bot nya btw pake akun pake akun cuman biar akun telfon bot gimana ya voice chat gabisa telfonan
5,2024-07-04 07:32:27,seru cuy ngobrol youtuber suka ku
1,2024-07-04 06:37:36,verify password nya masuk masuk tolak mulu udh kali bikin password bikin pusing
5,2024-07-04 05:46:02,gass yookk seru an fun
4,2024-07-04 03:25:38,lumayan ngobrol org cmn live nya jernih pake nitro pc laptop hp bagus biar mbledug
4,2024-07-04 03:05:58,dekorasi for android tambahin ngeboost tpi mobile bagi dekorasi
1,2024-07-04 01:01:40,jelek login bodoh
1,2024-07-03 23:57:19,saat login akun sulit
1,2024-07-03 19:12:49,kode digit verifikasi nomor handphone salah kode invalid
1,2024-07-03 18:47:55,apasih cok suruh pastiin robot gw manusia anj pas suruh pilih foto nya nyambung ikan bunga angkasa mulu suruh gambar cocok foto daun tolol tolol
1,2024-07-03 18:18:13,
1,2024-07-03 17:29:36,lambat ganti password email masuk password lambat
1,2024-07-03 14:40:01,login masuk pasu nomor update parah
1,2024-07-03 13:10:04,lambat pindah menu stuck buka mohon baik
3,2024-07-03 11:07:04,bagus tambah bahasa indonesia bahasa indonesia
1,2024-07-03 10:55:18,imagesnya aneh register
4,2024-07-03 10:23:58,senang mini games main teman sura cuman mohon voice chatnya bagus susah voice chat kirim eh hapus
1,2024-07-03 10:10:23,rusak login sulit sandi udah bener disalahin ken akun pake imal gabisa pakenomor telepon gabisa minimal fitur hapus data kalou akun pake email nomor telepon muncul notif email does not exist pas login dimuculi aikon sampah kalou hapus data
1,2024-07-03 08:19:19,download udah tunda
5,2024-07-03 04:11:42,menghiburr
1,2024-07-03 03:52:44,apk jlas udah akun login sulit email pw nya bnar salah ters masuk sulit
3,2024-07-03 03:42:15,call saudara mati tolong benerin kecewa
4,2024-07-03 02:52:39,komunikasi an enak mabar
5,2024-07-03 00:56:53,moga manfaat
3,2024-07-03 00:16:24,game nya mantep main game ultramen kasih bintang
1,2024-07-02 18:01:15,tolong cepat baik login verifikasi
1,2024-07-02 17:12:33,parah download susah login ribet banget ni apk
1,2024-07-02 16:09:16,ntol kek jembatan verify nyambung ama gambar nya titiw kimag register gara gara verify
5,2024-07-02 15:41:28,erti nya
1,2024-07-02 14:49:44,iklan mirah
5,2024-07-02 14:41:58,keren bagus ajar bahasa inggris komunikasi orang
1,2024-07-02 14:04:02,disconect sih voce grup baik
5,2024-07-02 13:25:13,nya mantap bosssku
3,2024-07-02 12:57:59,tolong fixe bug nya kirim pesan tolong bahasa indo
1,2024-07-02 12:45:01,g code kirim g masuk
5,2024-07-02 04:29:44,bahasa indonesia
1,2024-07-02 04:24:30,alami sulit verifikasi nomor telepon bicara grub
5,2024-07-02 02:23:49,bagus dlu google temu youtuber favorite ku
1,2024-07-02 01:59:07,update ngefreeze
5,2024-07-02 01:29:05,kasih rating nya cuman diamon garena nya mosi ratus diamon gua hapus apelikasi
1,2024-07-01 22:46:42,ngak udah password nya ngak
3,2024-07-01 19:29:55,bug admin devloper tau salah ny bug verifikasi email code ny ny dah bom ya tolong baik ya apk ny admin devloper ny
3,2024-07-01 17:24:56,udah pake imail suruh verifikasi email
1,2024-07-01 17:11:32,solusi bantu verifikasi nomor telepon masuk akun hilang terimakasih
1,2024-07-01 16:14:28,kode verifikasi nya kirim sih padhal login
1,2024-07-01 15:48:33,ban anj ngobrol
1,2024-07-01 14:25:53,verifynya salh sesuai arah gin nyari dasar
4,2024-07-01 14:18:58,kasih bintang dlo
5,2024-07-01 13:42:37,gtw kasi
1,2024-07-01 12:37:03,nge lag parah banyak bug trms
1,2024-07-01 12:28:08,akun
1,2024-07-01 11:54:50,tolong bantu gift nitro teman pakai tulis ur subscription is on hold dlu cancle bayar nitro dlu coba beli profile banner harga ribu mengtrigger claim gift nitronya profile banner nya muncul inventory pdahal saldo potong
1,2024-07-01 11:44:47,elite recaptcha sulit makan tuh bug nomer kartu udh bener salah kocak
1,2024-07-01 11:31:41,tolong baik ya akun login
5,2024-07-01 11:12:20,bagus taoai jarang gunain akku gunain youtube makasih ya
1,2024-07-01 10:53:56,nomor very nya udah terima password sms nya terima tolong baik bug nya
1,2024-07-01 10:14:11,verifikasi nomer mohon baik
1,2024-07-01 09:42:39,login registrasi mudah verifikasi nomor salah verifikasi email masuk browser tampil
1,2024-07-01 08:38:46,jelek login jelek deh pokok nya selingkuh
1,2024-07-01 06:15:32,maaf bintang login nomor wa kode kirim mohon baik developer mati perangkat install
5,2024-07-01 03:18:29,bug suara hilang muncul
4,2024-07-01 01:55:58,tolong jadi apk bawa
2,2024-06-30 23:40:29,kasih bintang email register bug
1,2024-06-30 21:19:23,bangke masuk susah ampun
1,2024-06-30 20:56:04,assalamualaikum costumer servis hormat memberitahu akun masukin ulang verivikasi akun tida verivikasi akun mohon bantu pulih akun harap costumer servis bantu pulih akun terima kasih
5,2024-06-30 20:03:37,anjay
1,2024-06-30 17:01:49,ui mobile tampil jelek dekstop version balikin ui
5,2024-06-30 14:10:36,mudah obrol main game
1,2024-06-30 13:26:06,unduh semenjak update bug resah komunikasi teman main mohon baik rusak layak pakai moga blokir
1,2024-06-30 11:16:59,bug mic laptop gabisa fix kali kali liat tutor youtube tolong admin baik
1,2024-06-30 11:09:57,login susah banget anj
2,2024-06-30 10:30:58,bug pas masuk tekan mohon baik
1,2024-06-30 06:47:27,tolong baik nggak login hak pasword gmail
1,2024-06-30 01:25:05,verifikasi no hp nya susah no hp invalid udah bener dapet sms nya susah pas dapet sms kode nya invalid ros kode nya
1,2024-06-30 01:03:35,parah bug login masuk tolong baik masalah login login doang susah pasuk nomor telepon udah kali kali baik login
1,2024-06-30 00:07:11,banget dm orang baik
1,2024-06-29 23:09:29,login tolong baik
1,2024-06-29 18:22:30,jelk
5,2024-06-29 17:18:37,update tambah bahasa indonesia bahasa indonesia tambah orang indonesia lumayan pakai
2,2024-06-29 17:07:22,verifikasi chat
1,2024-06-29 16:49:13,aneh bug change email tulis to fast change aneehhh
1,2024-06-29 14:31:07,tolong suruh masukin kode verifikasi kode verifikasi kirim tolong baik lahhh udah coba kali kali udah hapus data cache tetep udah uninstall install tetep kirim wa sms
5,2024-06-29 13:26:39,devoloper fitur akun tambahin pake akun google si terimakasi moga baca
5,2024-06-29 12:53:41,tambah bahasa indonesia
1,2024-06-29 12:04:52,game bikin ngeselin banget pas login pas register
1,2024-06-29 07:16:55,akun gua masuk bener sandi nya suruh ganti password ganti verifikasi email masuk
2,2024-06-29 06:20:23,dc tolol login suruh verify email udah mah email ilang login ajg pdhl no hp msih
1,2024-06-29 03:59:31,gw dah tulis password bener
1,2024-06-29 03:29:04,alami ultra error akun alami bug jaring coba jaring tolong baik nyaman
1,2024-06-29 01:49:38,tau kesini lag parah rasa baik
5,2024-06-28 19:47:11,pake bahasa indo biar ngerti udh ganti password udh brp kali tetep masuk y aneh
2,2024-06-28 18:05:29,mic nya ngebug pas dipakek
3,2024-06-28 14:33:11,apk bagus banget pas login bjir bener sih
1,2024-06-28 13:29:16,lag bug ruang pesan grup etik telpon instal ulang
1,2024-06-28 13:13:59,benerin sistem login nya udah email nomor sandi masukk sumpah jelek banget dah
1,2024-06-28 07:51:00,log in data kecewa
1,2024-06-28 07:44:10,bug
4,2024-06-28 07:40:12,bintang bintang hilang gara gara laki redflag nyakitin
1,2024-06-28 07:27:30,tolong baik login karna bug verifikasi human tidakjelas suruh cari gambar daun gambar ikan bunga satelit gambar daun skip tolong baik dc skarang
3,2024-06-28 06:50:36,percumah topup perhati dukung game
1,2024-06-28 06:26:12,bikin akun masukin sandi salah udah bener sandi
1,2024-06-27 13:59:18,verifikasi sulit heran
5,2024-06-27 10:42:24,bagus bantu
1,2024-06-27 10:17:14,berat banget sampe freeze hpku bangke
1,2024-06-27 09:46:48,daftar udah dapet verifikasi apk kok
1,2024-06-27 08:49:59,verifikasi kode aneh
2,2024-06-27 08:10:57,apk nya bagus sih ngebuk contoh nya mik kedengeran suara nya
5,2024-06-27 05:14:37,tolong akun google
1,2024-06-27 03:36:44,kompatibel jendela ambang hp poco x pro g
4,2024-06-27 00:47:50,bantu developer versi litenya
2,2024-06-26 23:31:23,terjemah bahasa indonesia
4,2024-06-26 23:03:49,bagus youtuber favorit teman bisa amau masuk tolong baik
1,2024-06-26 18:18:07,baik bug muncul kode verifikasi nya tolong kasi bintang
2,2024-06-26 17:37:12,plisss dc mohon baik notifikasi verifikasi email laku tulis ituu sampe cari situs hasil
1,2024-06-26 14:50:42,login login tolong benerin ya terima kasih
1,2024-06-26 14:10:57,sampah semenjak updet ngebug bikin publish
1,2024-06-26 13:48:42,suka suara suara dengar
1,2024-06-26 12:31:25,buruk daftar buruk udah capek capek isi bikin akun buruk
1,2024-06-26 11:44:51,register pake nomor telepon kagak kirim kode bruh
1,2024-06-26 07:54:59,tolong baik bug inside apps update apps notif masuk jelek banget update ubah
1,2024-06-26 07:07:58,sesal menginstal apk manusia dosa apk kayak aman tentram adem nyaman kembang nya jaman usaha yuk temen temen tinggalin apk allah sadar
4,2024-06-26 05:18:11,tolong buka link grup masuk tolong baik
1,2024-06-26 05:10:23,kadang mic nya gada suara sinyal bagus
5,2024-06-26 04:27:50,yahuy si lupa pake yaa comen kasi tau tutor nya
5,2024-06-26 03:18:56,eror mohon diperbaikin
2,2024-06-26 01:22:23,plis fix bug tekan tombol mute
5,2024-06-26 01:16:13,dc lumayan bantu pas mabar epep
1,2024-06-25 18:29:17,suruh verfy kasi kode sms udah tulis nya gagal udah banar verfy gmail tolong knapa ya ribet ngtd
3,2024-06-25 14:56:01,min tolong kasih bahasa indonesia bahasa inggris mudeng makek bahasa indonesia inggris
1,2024-06-25 14:15:26,dc nya bagiamana
5,2024-06-25 12:50:20,bagus sih gw mah
1,2024-06-25 08:51:43,guna download
1,2024-06-25 07:47:00,update parah
3,2024-06-25 06:58:29,nya bagus fitur ganti akun android
1,2024-06-25 05:00:27,sulit gabung grup
1,2024-06-25 04:25:09,email no hp invalid password bener lihat catat
1,2024-06-25 03:23:37,berapa akun pas login gabisa
1,2024-06-25 03:07:34,dimasukin udah dimasukin nomor telepon email nya gitu sih tolong bisaaa
5,2024-06-25 02:46:43,bantu
1,2024-06-25 02:11:52,share screen bug layar hitam jengkel tolong diperbaikin
3,2024-06-24 20:32:59,masuk udah bener
1,2024-06-24 18:05:05,telpon vc suara hilang hilang
1,2024-06-24 15:29:58,akun nonaktif alas
3,2024-06-24 14:14:12,apk nya suka ngebug pas login email pw nya bener tetep salah
1,2024-06-24 14:10:26,gj banget gua daftar sms nomor gua kirim kirim perify pokok banget
5,2024-06-24 13:25:22,fitur nya
3,2024-06-24 13:19:58,loginnya susah guest tamu
4,2024-06-24 12:29:13,gw dah promossin ni aapk lebih gw k pulsa myim
4,2024-06-24 10:31:32,bagus say erti tonton tutorial youtube minimal mula tolong kasih tutorial add friend servers erti baik ulas terimakasih
1,2024-06-24 07:51:00,woi admin tamabahin login pake nomor handphone email ku hapus
1,2024-06-24 05:24:26,plis main samp knp udah gmail udah sandi udah tetep kgk knp ya tolong
2,2024-06-24 04:48:34,gajadi udah
1,2024-06-24 03:19:55,woy kon lu bener dah sandi bunur google bener login dah nih seru kali
1,2024-06-24 02:27:08,akun enable to register trus pas udh pake nomor pas verifikasi gimana sih
3,2024-06-24 02:25:37,banyak update lot buka
1,2024-06-23 18:04:41,dc rusak
1,2024-06-23 15:59:13,bagus pakai compoter bilang suruh tugas baut cari manusia lu lu bikin niat lihat bikin akun susah bangke terbanke dunia tau
1,2024-06-23 12:06:27,dc lelet
2,2024-06-23 11:54:06,maaf ya kasih bintang nak ngirim foto banget ngirimnya gifnya loading tolong fix
2,2024-06-23 08:50:44,ngelag servernya putar video dikit loading
5,2024-06-23 08:08:15,bagus bantu komunitas orang keren iklan bug group mabar pisah males temen pake vidoe call suara pakai teman moga bagus nya
5,2024-06-23 04:27:32,masuk kasih bagus
5,2024-06-23 00:35:28,h mm percaya sih ken join youtuber
1,2024-06-23 00:15:08,ganti email masuk pasword salah email pasword nya gila
1,2024-06-22 15:45:47,ngebug muncul suara
1,2024-06-22 15:16:37,dc tolol akun gwa blokir
3,2024-06-22 10:35:09,alami mana pindah menu jalan
5,2024-06-22 08:38:43,bagus nikmat komunikasi komunitas
1,2024-06-22 04:20:52,pas daftar udh masukin nomor hp nomor pin kirim sms tpi login salah
5,2024-06-22 03:22:04,nganti saiki kasebut apik banget semangat tim pangembang inc
1,2024-06-22 02:51:05,goblog gw ken comeback gabisa gegara sandi salah sandi masuk bener loh tolong baik
1,2024-06-22 02:12:26,tipu hp ku dihack link
3,2024-06-22 01:14:38,apk nya layan bagus fitur fitur nya bahasa indonesia nya
5,2024-06-21 23:16:55,bantu komunikasi ilmu grup grup komunitas
1,2024-06-21 18:27:07,servernya suka sinyal bagus ngedrop moga alternatif apps
5,2024-06-21 14:43:20,sih lupa pw sulit hadeh
2,2024-06-21 13:17:31,semenjak update versi baru bug lonjak pasuk tekan tombol apa chat kirim langkah mohon baik bug menggangu
4,2024-06-21 12:50:27,nda gaul
1,2024-06-21 12:00:26,developer bales chat gw gw kasih bintang
3,2024-06-21 11:55:12,tolong verifikasi nomor hpnya hilang guna bikin verifikasi nomer ku kasih bintang da ya
5,2024-06-21 11:15:19,tolong kasih bahasa indonesia
4,2024-06-21 07:32:22,gbs verifikasi gw dh bener masukin pw nya
1,2024-06-21 05:38:00,ver chat share scren komunikasi kecuali on mic kecewa fitur hilang fitur layak komunikasi
1,2024-06-21 02:29:27,tambah nomor telepon
1,2024-06-21 01:19:44,login susah suruh verify gmail pesan nya nyuruh pencet link linknya gada apk rusak
1,2024-06-21 00:59:31,gimana develooper nya gmail pasword nya dah bener salahinn g jelass bangett bikin emosi
4,2024-06-20 21:39:35,butuh bahasa indonesia
5,2024-06-20 17:24:00,gilak bagus banget komunikasi komunitas
2,2024-06-20 14:26:07,masuk email pasuk password password not does match tolong hapus akun
1,2024-06-20 12:48:10,baru bug mic hapus download sebal
5,2024-06-20 12:35:15,bagus moga kembang
5,2024-06-20 12:13:57,bg gw robot bg
5,2024-06-20 11:54:29,kerja bagus
1,2024-06-20 11:50:50,tu manusia robot verifikasi lu gmn sih vitur password kau
3,2024-06-20 11:31:18,i lovee itt but sometimes suara ku gabisa masuk pas and coba pake apk suara masuk semogaa bug nya cepet ilang yaa
5,2024-06-20 10:45:33,perfomance tingkat
1,2024-06-20 09:19:42,pasuk voice channel bicara suara masuk mic dalam hp rusak pakai record suara lancar lancar pakai bicara voice channel suara mohon tangan jadi handphone jadi
1,2024-06-20 09:18:31,kocak nih apk gua lupa password hasil trs kirim link email gilir ganti password apa anjir invalid token
1,2024-06-20 06:00:43,gua verivikasi nya
2,2024-06-20 05:15:31,musik banget nih apk mohon baik lah
2,2024-06-20 01:14:51,pas masukin code tombol verify nya pencet udah pencet kali kali fungsi maaf salah ngebuug mulu nih apk
2,2024-06-19 23:47:45,verifikasi hambat
5,2024-06-19 20:14:11,upted nya bagus mantap
3,2024-06-19 19:23:10,login nya susah mang
5,2024-06-19 16:54:06,butuh translate nya komunikasi
5,2024-06-19 15:56:04,mantap sih chatan jg enak fitur nya coba tambahin fitur kek story ig status wa tu keren tuh
1,2024-06-19 15:15:59,gajelas suara gw obrol grup
1,2024-06-19 14:34:43,on ml bjir masuk off mulu dc nya
5,2024-06-19 13:41:42,gila war
1,2024-06-19 12:49:47,otomatis output suara device alih mode telepon hasil suara game kompres suara telpon jernih
1,2024-06-19 07:34:14,update ngebug mulu kadang masuk voice kadang dengar suara temen pokok update ny
2,2024-06-19 07:27:04,verifikasi mulu
5,2024-06-19 07:19:04,keren bagus
1,2024-06-18 15:44:35,update mulu tp eror update notifikasi muncul
1,2024-06-18 15:08:39,please add indonesian language traslate
1,2024-06-18 14:41:08,login ajg gmail ama pw nya uda bener
1,2024-06-18 13:49:20,bug pisah server dah message nya
1,2024-06-18 13:25:20,bug mulu cape join doang udahh akun kali
5,2024-06-18 13:25:10,suka banget
1,2024-06-18 12:37:04,maaf register bener gara gara umur bikin umur
2,2024-06-18 11:24:26,isi kode veritifikasi suka kode invalid ngelag
1,2024-06-18 06:34:00,daftar kagak gw nulis email udh bener tulis nomor telepon udh bener apa salah
5,2024-06-18 04:38:06,bagus good pokok
5,2024-06-18 03:22:21,mantap familiar
1,2024-06-17 17:58:25,log susah banget dah
5,2024-06-17 17:10:06,baguss banget susah mabar teman pokok bantu bqnget deh
1,2024-06-17 14:37:33,login akun
1,2024-06-17 13:51:59,update notif notif dm prioritas notif server
1,2024-06-17 13:37:49,kikir ghenshin nitro gratis
1,2024-06-17 10:19:55,saat masuk nomor hp invalid kode kode nya disms tolong baik gara gara masuk komunitas butuh nomor hp masuk komunitas menggangu
1,2024-06-17 08:36:11,msuk doang susah bet apa pdhl ngajak temn ku mbr dhlh
3,2024-06-17 08:01:23,apa akun gw masukin akun dah nya trus veritify emang gajelas
3,2024-06-17 07:44:55,bintang dl bagus tambah bintang
5,2024-06-17 02:51:47,kasi nilai bagus dah
4,2024-06-17 02:26:25,bagus erti
5,2024-06-17 02:04:35,mantap nih
5,2024-06-17 00:21:44,bagus bantu nal orang adat suku budaya
1,2024-06-16 22:57:59,sandi udah bener salah udah ganti salah gimana sih nih
5,2024-06-16 17:41:51,ok but ok but ok but buts its ok
1,2024-06-16 16:51:03,bug mic vn wa mic game mobile legend tolong baik
4,2024-06-16 16:25:47,tolong tambah bahasa indonesia terima kasih
1,2024-06-16 15:51:51,login hasil pass buka suruh login dang email password salah tolong baik sistem loginnya
5,2024-06-16 15:43:26,apk main rp gta samp
5,2024-06-16 14:32:52,nya bagus milik teman teman karna terimakasih bantu cari teman
1,2024-06-16 11:48:29,loading login nya banget
1,2024-06-16 10:45:02,regrestasi
4,2024-06-16 09:37:23,keren tampil
3,2024-06-16 07:26:26,bahasa indonesia yah ni
5,2024-06-16 02:43:33,bicara dpat informasi
5,2024-06-15 15:02:39,erti orang peringkat
1,2024-06-15 13:06:30,sampah
1,2024-06-15 11:34:12,cannot use indonesian language
3,2024-06-15 11:03:57,aduhhh udh pilih hewan nya masuk masuk ya udh hewan kasih bintang duluuu anj
5,2024-06-15 10:56:59,mantap cm msh bingung gmn biar gelembung ky orang divoice
5,2024-06-15 10:46:37,bagus bicara teman sahabat
1,2024-06-15 10:28:34,bug banget gambar loading tombol tekan
4,2024-06-15 09:41:40,bagus kenal orang
1,2024-06-15 09:12:49,bug sulit login
4,2024-06-15 07:51:25,halo nya bagus nya pas verify nomor telpon dimasukin digit code bener pas klik verify verifikasi ya udah bener salah nya pas klik coba klik tolong baik verify nomor telpon nya isi verify salam maaf salah
5,2024-06-15 06:55:43,enk g ush on mic game
1,2024-06-15 06:24:22,yatem
5,2024-06-15 05:17:13,bantu main game samp launcher terimakasih mambantu
2,2024-06-15 05:00:58,nomer telepon nya registrasi
4,2024-06-15 04:40:09,bagus whatsapp messenger
1,2024-06-15 01:10:12,fix uninstall bodo verifikasi robot kocak
3,2024-06-14 22:44:02,bug the user is banned from this server owner server owner i not ban ur account try again
5,2024-06-14 20:16:59,sip moga aplikasihnya brjalan dngn n slm sht
1,2024-06-14 18:11:11,discrod windah basudara hilang member k ingat pemberitahuan
1,2024-06-14 17:01:15,masuk data dah bener gagal
1,2024-06-14 15:37:40,buruk susah erti
1,2024-06-14 14:54:01,nitro kredit pakai guna
5,2024-06-14 13:24:58,mantap ngelag device hp
1,2024-06-14 13:18:04,sy kali kali verif account sdah sm code nyaa
1,2024-06-14 12:45:14,rusakk apann suaraa hilang tibaa nya aplikasi komunikasi ko cacatt gituu apkk burikkkk
3,2024-06-14 12:31:06,min pake dc ngomong teman suara baik min admin indonesia
1,2024-06-14 12:30:03,bug benerin dlu
1,2024-06-14 12:06:53,saran tolong tambah fitur bahasa indonesia mudah warga bangsa indonesia tau bahasa inggris
4,2024-06-14 12:06:08,nya bagus chat ngobrol bisa munculin cooldown chat kayak chat cooldown nya detik biar gaada spam
1,2024-06-14 12:00:40,bug su
1,2024-06-14 11:54:08,tolong developer nya baik open mic suara masuk tolong baik terimakasih
3,2024-06-14 10:49:45,code nya masuk wa gua pdhl no wa gua udh bener tlong min
1,2024-06-14 10:39:26,update jelek mending
4,2024-06-14 10:35:36,makasih info an nya
5,2024-06-14 09:53:51,enak bug
1,2024-06-14 09:45:16,akun ku disable langgar apa
5,2024-06-14 09:26:15,bagus bingung pas login
5,2024-06-14 09:16:45,terimakasih teman
1,2024-06-14 07:49:50,apk nya aneh sudh bentar kode verifikasi nya baik
1,2024-06-14 06:41:30,kasih bintang udah login ehh suruh verication required kode nya udah bener salah ya tolong don benerin developer
5,2024-06-14 06:34:28,seru banget chat orang negara negara whatsapp
1,2024-06-14 06:31:30,bug update
5,2024-06-14 06:09:24,pake valorant bagus
5,2024-06-14 04:18:30,nya bagus senang hati
3,2024-06-14 03:52:24,masuk
5,2024-06-14 02:15:05,bagus bantu komunitas server obrol sahabat teman ngobrol online
1,2024-06-14 01:00:03,gabisa buka dcnya aneh banget update
5,2024-06-14 00:33:21,ok icon langgan pakai
4,2024-06-13 20:12:49,error login tolong baik login
1,2024-06-13 18:05:09,jujur ui bagus berat sampai crash force close tolong optimal
5,2024-06-13 17:37:17,aplikasih tarik cari teman grupchat milik interest grup genshin grup honkai grup roblox grup dti grup bloxbrug grup trading mm dll aplikasih tarik senang
3,2024-06-13 17:30:23,semenjak update nya bagus jelek ngelag banget udh gw usahin ngelek patah
1,2024-06-13 16:08:57,register langkah langkah tolong ya
1,2024-06-13 15:52:09,jaring data seluler hubung internet lancar lancar nya youtube whatsapp instagram game game lancar gada terima sinyal coba ketik teman terima pesan karna tunggu jaring data seluler aktif mohon baik bintang selesai naik terima kasih
1,2024-06-13 15:34:42,cacat game suruh cacat apk bagus
3,2024-06-13 13:26:51,tolong aman tingkat masak udah bobol aku gmn sih
1,2024-06-13 11:57:42,verfy nomor telepon tolong perbaikin
1,2024-06-13 10:52:20,semenjak update login susah
4,2024-06-13 10:51:02,bagus sayang bahasa indonesia
1,2024-06-13 07:37:26,orang ras komunitas ny lgbt
1,2024-06-13 07:02:45,fitur telanjang
1,2024-06-13 03:45:35,konfirmasi hah gin chat bego
4,2024-06-13 02:38:38,udah bagus pas pake screen terbang video foto nya kena crop layar layang harap kecil foto terimakasih
5,2024-06-12 23:49:30,alam apk bagus
1,2024-06-12 14:45:27,apk suruh masukin kode masuk lol
1,2024-06-12 12:39:03,bayar ngentod
1,2024-06-12 07:15:48,suka apk nya jelek banget nggak buka nya buka error parah ngebug error ngebug banget nunggu worth it instal
2,2024-06-12 07:06:18,tll verify nomer hp udah bner njing
5,2024-06-12 06:57:46,bagus ngobrol lengkap collab youtuber
3,2024-06-12 05:36:07,dicord tolong atas kode invalid pasu kode kirim email invalid mohon baik
1,2024-06-12 01:37:29,parah gue download trs gue nya pencet log in trs gue udh isi nih email password nya gw isi nya bener invalid trs trs gue coba nih register trs gue udah isi nomor telefon gua trs gue udh isi tuh dua password no telepon eh gue isi password nya gue coba kali kali tetep gabisa pas pencet verifynya coyy tolong pntesan org org kasih bntng cepat baik
2,2024-06-11 20:54:25,kasih bahasa indonesia nya
1,2024-06-11 15:54:49,atur sulit kadang nggak banget kadang nggak jelas tolong microphone suka eror
5,2024-06-11 14:25:23,bagus nonton bokep
3,2024-06-11 14:11:26,wifi data seluler ngomong voice sinyal bagus
5,2024-06-11 14:05:30,main telpon seru bingung gimana biar force close telpon
1,2024-06-11 13:06:51,gmail pw gambar udh bener login sih
1,2024-06-11 13:06:39,akun gabisa masuk akun masuk
3,2024-06-11 12:52:08,lag ngestream bareng login nya susah udh gw masukin mohon baik
1,2024-06-11 09:49:01,developer ken gw gecek dahh org udh bener kasih nama email sm sandi aneh pea
5,2024-06-11 03:01:47,gamenya tarik
1,2024-06-10 15:49:40,login wifi bagus
5,2024-06-10 14:39:39,mantap perlu bisnis
1,2024-06-10 14:17:46,ngebug ubah alamat email udah coba kali kali login
1,2024-06-10 14:02:51,jelek bug nya
1,2024-06-10 10:02:38,tolong baik akses ngga email pass password pas ngga kirim email suruh ganti udh coba invalid token mohon baik
1,2024-06-10 08:24:28,update bug error voice chat chat pending kirim terima sinyal normal notif friend request masuk
3,2024-06-09 23:34:28,tambahin bahasa indonesia orang indonesia pakai developer kaya peduli
1,2024-06-09 19:02:26,suara kadang an teman mic wifi bagus
1,2024-06-09 18:48:28,log in email password log in
1,2024-06-09 17:50:04,update jelek bug
2,2024-06-09 17:42:58,tolong tambah bahasa indonesia kasih bintang
1,2024-06-09 17:20:11,masuk no telfon bener email bener aneh
1,2024-06-09 17:11:50,bahasa indonesia terjemah apk idiot
1,2024-06-09 14:10:51,login sulit lupa sandi sandi ganti kalimat new login location detected susah ngga izin siiii
1,2024-06-09 11:38:57,login udah tunggu
1,2024-06-09 07:24:37,email password valid login tolong direspon
5,2024-06-09 02:10:13,moga depan
1,2024-06-08 16:18:05,haram nonton bokep
3,2024-06-08 16:14:19,nomor telfon
5,2024-06-08 12:01:01,teman negara
1,2024-06-08 11:59:37,login sistem verifikasi code masukin nomor hp kek email kek ribet ketu guna bugnya
2,2024-06-08 10:19:02,cowok mesum banget yaaaa masuk susah ngerti main
2,2024-06-08 09:15:16,login akun email sandi
1,2024-06-08 08:16:25,ngga loginnya
5,2024-06-08 08:15:23,
3,2024-06-08 05:54:22,teman seru bangett
2,2024-06-08 05:46:33,habis kode verivikasi nomer hp cepat cuman detik
1,2024-06-08 05:38:52,apk daftar susah banget
1,2024-06-08 03:10:01,capek login
5,2024-06-07 23:19:40,versi bagus wa
4,2024-06-07 14:03:00,bagus ngobrol nyari temen jg mabar bareng
1,2024-06-07 13:06:09,eror sih verifikasi email nya udh jam nyoba pas udah ko eh tombol verifynya tekan hpnya eror hp
5,2024-06-07 12:38:01,bagus bagus bangett
5,2024-06-07 11:54:53,kerna
2,2024-06-07 08:17:39,bikin akun download ku hapus kecewa
1,2024-06-07 07:25:03,kembali akun top up akun login
5,2024-06-07 05:11:44,bagus banget bilang bilang temen suka pokok
5,2024-06-07 04:20:01,support sistem fast respon terimakasih
1,2024-06-07 02:39:58,masalah ganti password ganti invalid solusi artikel cacat update anti kritik report link support layan langgan buruk aman baik bukti telusur hammerandchisel website masalah baik
5,2024-06-06 22:28:30,teman negeri negeri bagus cari teman
1,2024-06-06 19:24:42,login susah bener akun sandi udh bener bikin akun gmn si
5,2024-06-06 16:22:49,tolong tambahin fitur bahasa indonesia
1,2024-06-06 14:16:22,tiba akun gua ilang
1,2024-06-06 14:14:54,gbisa verifikasi kocak
5,2024-06-06 13:22:51,ramah bug tpi
1,2024-06-06 13:05:23,login serba susah
1,2024-06-06 11:18:25,apalakis loll akun sulit kali akun sulit
2,2024-06-06 10:56:18,berat banget install android tolong ringan
2,2024-06-06 10:55:32,login sulit hapus download login tulis your account is login in another device tolong baik meng verifikasi kali kali email
2,2024-06-06 10:16:45,devloper tolong tambah bahasa indonesia erti fitur baca tolong tambah bahasa indonesia
5,2024-06-06 09:39:13,nyaman
1,2024-06-06 07:59:15,apk guna gua udah jam akun mna mo apk
5,2024-06-06 07:55:17,simpel mudah
4,2024-06-06 06:33:28,saran story kek apk
1,2024-06-06 06:18:51,bantu
1,2024-06-06 04:32:36,mentang mentang juni ngewoke sembarang jancuwk
5,2024-06-06 04:02:56,tolong baik gabung bicara suara live sulit kurang volume suara soundboard terkadang responsif
5,2024-06-06 03:38:15,bagus guna
5,2024-06-06 01:49:43,keren
3,2024-06-06 01:03:03,serakah
5,2024-06-06 00:43:00,bantu komunikasi teman sama
4,2024-06-06 00:34:56,yah bwgitulh
1,2024-06-05 18:07:54,aman lancar menit langsung ngelag ram rom simpan jaring aman tolong baik cepat emosi
1,2024-06-05 16:52:54,apa login aj susah udh tau dunia ad robot aj masti in robot meding main epep
5,2024-06-05 12:51:47,bilang suara pake earphone biar gede emang layar kedap kedip pake earphone ngalamin pas pake earphone tau ngehina developer nya bener udh susah susah bikin hina saran sih bagus nya kasi bintang developer
1,2024-06-05 07:40:36,nda login akun login perangkat kaga login akun
1,2024-06-05 06:22:33,loginnya susah banget kasih bintang jelek
1,2024-06-05 06:00:16,gabisa masuk mulu jelek
1,2024-06-05 05:14:35,babi udah kasih kode orang iso devoloper bajinngan
1,2024-06-05 03:41:36,login password udah bener
5,2024-06-05 02:40:08,tolong tambah versi hp
1,2024-06-05 01:35:03,parah login registrasi akun ngebuk
1,2024-06-04 19:36:18,nikmat versi bug orang room voice join voice versi berat crash
5,2024-06-04 17:23:02,moga manfaat kurang jenuh undi senang o o o
1,2024-06-04 15:47:38,login anying ganti ganti email asu dah ganti g
2,2024-06-04 15:28:35,dc notif sebal gue putus
1,2024-06-04 13:57:47,apk sampah daftar
1,2024-06-04 13:03:31,dapet email verifikasi kali kali sekali expired yok turunin rating bikin bintang biar baik
1,2024-06-04 12:14:35,tolong baik regested nya udah kali gaak masuk udah restad tolong baik
1,2024-06-03 23:09:19,hp gaada notifikasi
1,2024-06-03 17:12:33,anehh kode sms nya kirim kirim
1,2024-06-03 12:23:20,suka aplikisi unutk akun pasu email password nama bilang salah verivikasi memcoba akun nomer sms apa
1,2024-06-03 08:53:08,jelek gabisa login akun
3,2024-06-03 08:19:40,kasih rena pas daftar tiba muncul gambar tulis hewan telur bebek salah tiba tilisan unable to register bingung
1,2024-06-03 06:58:06,jelek banget boonk
2,2024-06-03 04:00:49,ff nya ngeleg banget dah
3,2024-06-03 00:18:23,bs featur teks dapet ping merah karma gue notifikasi teman teks can you add feature where if someone messages u you have a red ping on because i often don t get notifications when my friend texts
1,2024-06-02 17:37:38,hilangin verifikasi human nya chat orang gangu bangeet
1,2024-06-02 15:57:13,udh bner email gw knp gbisa login anjg
1,2024-06-02 15:41:22,iya njir ngebug gw bikin akun dc karna salah pake nomor tolong baik makasih
1,2024-06-02 15:12:43,bikin akun susah kirim pesan gagal mulu asu
1,2024-06-02 11:40:30,login mudah
5,2024-06-02 11:19:15,bagus banget mabar temen ato dar ngobrol voice nya bagus ngga patah patah mudah komunitas inti udah mantep banget dehh
3,2024-06-02 09:48:15,update bobrok
1,2024-06-02 08:55:02,verifikasi email susah eror lot pw email tp apk nya
4,2024-06-02 08:14:32,halo bagus desain tata nya just need language indonesian plss okee kasih bintang lagi jaya teruss
4,2024-06-02 07:37:11,bahasa indonesia susah
3,2024-06-02 06:57:46,bagus tpi bugs
5,2024-06-02 00:05:37,main youtuber
3,2024-06-01 19:19:53,lambat macet
4,2024-06-01 19:16:03,bagus cari hapus hapus video ulang
1,2024-06-01 18:39:50,sih ngebug gituuuu
1,2024-06-01 15:09:08,bego gua udah daftar dikeluarin
2,2024-06-01 15:07:44,tolong baik login nomor akun kode kbaru kirim gagal tolong baik
1,2024-06-01 15:01:34,bikin akun email udah verifikasi nomer hp udah verifikasi pas login akun disabled
5,2024-06-01 14:54:38,mantab
1,2024-06-01 13:10:35,aneh udah bener bener email nya tetep salah
2,2024-06-01 13:09:12,login samsek aneh banget
5,2024-06-01 09:47:58,coba hasil uang
1,2024-06-01 07:25:17,iki e nemen isok login cok onok akun ne lo rusak
1,2024-06-01 07:22:42,menginstal heran daftar nomor telepon daftar email kali sesuai email sandi seringkali sesuai sandi ubah jengkel mohon baik
5,2024-06-01 07:22:11,butuh baik bug
1,2024-06-01 06:53:44,update bagus buruk tambah bug
4,2024-06-01 06:04:00,gimana masuk ny bang ngawur nyien kie te
5,2024-06-01 05:07:45,asah pikir main feling timing
5,2024-06-01 03:16:05,bagus cari teman sharing alam
1,2024-06-01 02:08:33,jelek log in ribet banget ktnya akun udh pake sandi pas bact udh bener gblk loh blg kek gtu minimal respon kek jgn cuman jdi pajang saran
3,2024-05-31 15:59:18,asa nge lag pas pindah room server nge lag parah tolong baik
4,2024-05-31 13:55:34,bagus bicara orang beda negara daerah
5,2024-05-31 13:22:31,nya bagus banget cocok main gta samp
1,2024-05-31 12:40:54,tolong baik ulang dc suka masuk suka bug mic
5,2024-05-31 10:54:29,bagus gimana log in register ya bg masuk
4,2024-05-31 08:56:58,pakai baik user berterimakasih serius developer baik bug terimakasih
5,2024-05-31 06:43:37,download cma gara gara
1,2024-05-31 04:43:46,hp playstorenya ngestack
1,2024-05-31 02:01:12,voice ayang ku suka ilang ilang nih tolong baik ya
5,2024-05-31 01:32:41,bagus komunitas
1,2024-05-30 15:13:45,suruh farhan
2,2024-05-30 14:59:04,ribet login verify login from new location ribet login
1,2024-05-30 11:57:37,apk nya jelek daftar akun masuk dasar murah
1,2024-05-30 11:23:45,apk jelek masuk akun susah banget
1,2024-05-30 09:26:35,aneh suruh kasih kode angka pes gabisa pdhl udh bener aneh banget ni apk gajelas
5,2024-05-30 07:07:38,semenjak update baru ngebug bikin akun alah pake nomer hp salah ferifykasi email derify by phone coba ehh salah udah restart tetep benerin gua hp nih apk nya
4,2024-05-30 05:57:21,nya dah bagus sayang nya bahasa indonesia tolong tambah bahasa indonesia erti bahasa inggris tambah bahasa nya bahasa nya
2,2024-05-29 19:49:52,bahasa indonesia
3,2024-05-29 17:35:26,moga fitur warna profile beli
2,2024-05-29 16:40:38,bicara dengar
1,2024-05-29 14:51:21,balikin ui bug berat
1,2024-05-29 13:24:31,updet samsung a
3,2024-05-29 12:56:00,tambah game game ekstensi nya fitur screen share shortcuts
1,2024-05-29 11:59:36,suara voice hilang sinyal jaring ku bagus tolong baik ya
1,2024-05-29 08:20:50,apk aneh bet dah tanyain gw robot manusia gw manusia dah gw tanyain tulis gin binatang telur gw bener tuh pas nebak discordnya bilang salah apk nya aneh
5,2024-05-29 04:58:30,keren ganti whatsapp
2,2024-05-28 09:58:56,ngebug gimana sih daftar
1,2024-05-28 05:46:08,dongo login invalid regist udh tolong fix pooooooooo
3,2024-05-28 04:42:26,bahasa indonesia kurang bintang nilai
1,2024-05-28 03:56:55,knp pas login akun g password nya dah bener tolong pas verifikasi no hp g
2,2024-05-27 15:04:33,update bahasa indonesia min
1,2024-05-27 13:42:11,aplikaso gin katasandi invalid
3,2024-05-27 13:31:02,aneh ganti password sandi bilang samain password nya mudah test tau baik
5,2024-05-27 13:28:57,oh iy bsa main backrooms y backrooms coba aj deh
5,2024-05-27 11:59:13,kemarin keluh apknya csnya langsung respon saran terimakasih
5,2024-05-27 10:54:32,apk nya bagus temen hobi gaada lag apk nya bagus nice segitu aj sih ulas thnks
1,2024-05-27 09:49:15,apa login email dah bener salahin apknya buruk tolong baik
1,2024-05-27 05:48:26,payah udah masuk emil bener cari gambar bener tulis payah kasih
1,2024-05-27 04:19:45,bnyk mod spamm aneh aman buruk phishing links and other disturbing ones
5,2024-05-27 02:32:02,brusan mndonloud populer
4,2024-05-26 16:54:12,notif kode no hp verifikasi invalid muncul
1,2024-05-26 15:33:16,bug stuck logo
5,2024-05-26 13:48:43,mesti bingung login nya apk bagus chatingg trade roblox neng banget cuy
1,2024-05-26 12:32:59,aplikaai gajelas banget woi lu niat gas bikin gabisa masuk link invite ayo coba tutorial youtube gada dasar sampah rusak gabecus
1,2024-05-26 11:37:04,ngobrol teman suara teman dengar suara tolong baik
1,2024-05-26 11:31:29,fitur hilang semenjak update fitur salin id dll
2,2024-05-26 08:38:44,tolong ngebug teman nitro gratis tolong baik bug
5,2024-05-26 08:33:54,bagus bicara teman komunikasi lancar
1,2024-05-26 04:49:33,kembali server akun bang windah
5,2024-05-26 01:10:01,wih keren banget
1,2024-05-25 23:22:14,kembali akun bang winda
2,2024-05-25 22:36:33,bug hp lot
5,2024-05-25 17:24:29,tambah bahasa indonesia settingan langsung proses
1,2024-05-25 16:30:41,stres dh ge coba kali kali reset ow kode masuk
4,2024-05-25 15:21:50,bintang mengupdate bahasa indonesia kasih bintang moga update sedia bahasa indonesia
1,2024-05-25 12:36:37,arus bahasa indonesia
1,2024-05-25 10:13:00,login masuk email password baca salah sistem apk
3,2024-05-25 10:09:42,sih suka ganti ganti letak posisi kemarin ganti udah susah susah hapal sekarag update ganti letak tampil kotak chat seluler bagus uprage lebih
1,2024-05-25 07:50:38,nama password akun tulis unable register kenapaa hah
5,2024-05-25 06:21:13,bagus fraksi suka apk mudah chanel mudah client chat dokumen
3,2024-05-25 04:36:40,masuk ditayain are you human
1,2024-05-25 04:23:40,register pas login salah
5,2024-05-25 03:45:50,bantu kelas gratis tambah skill
3,2024-05-25 03:17:13,assalamu alaikum wr wb verifikasi nomor telfon isi digit nomor isi tombol verifikasi nya jalan tekan nomor telfon verifikasi mohon baik terima kasih wassalamualaikum wr wb
1,2024-05-24 23:41:33,aplikasine akeh bot btw bola bal nggo dolan
5,2024-05-24 22:26:01,hi apk bagus sayang pas masuk apk email udah pilih gambar udah email nya salah
1,2024-05-24 17:49:14,susah kali login doang
1,2024-05-24 17:37:42,login gara ngebug udh kasih email pasword tpi salah ahkir nya hapus
2,2024-05-24 15:33:15,verifikasi
3,2024-05-24 15:29:41,bug huhuh
5,2024-05-24 12:00:04,saran tolong tambah fitur gradasi warna role tarik overall oke
5,2024-05-24 11:17:26,semenjak update versi bener bener cepet banget buka tampil minimal enak tambah bahasa indonesia
1,2024-05-24 10:39:09,susah daftar nya babiiiii anj kontoll
1,2024-05-24 09:04:40,kali anti bahasa indonesia bahasa inggris
2,2024-05-24 08:02:01,login sandi nya udah salah
1,2024-05-24 04:35:57,update banget
3,2024-05-24 03:25:22,halo ulas update kali terima kasih mudah cari teman pas masuk voice channel nge bug mohon baik ya terima kasih
5,2024-05-24 01:52:46,cakep
4,2024-05-24 00:02:34,gabung opsional member login
1,2024-05-23 15:44:43,piye iki mas ku akeh bug
5,2024-05-23 14:14:41,udah kasih bintang tolong gamenya dibenerin rusak gamenya pacar main game tuker menang kalah
1,2024-05-23 12:08:02,lawak ajg login gbisa pake no hp gbisa pake email gbisa log in register gbisa hdh make no hp kode pas udh dimasukin invalid hdeh lacur pas make email email already apa ajg gjelas ytim hdh hdh yapit
1,2024-05-23 11:01:07,bego ya gabisa verifikasi tolol
1,2024-05-23 02:04:29,tolol login registrasi tolol pokok instal mending wa tolol
5,2024-05-23 00:18:04,bagus ku ya
1,2024-05-22 23:50:01,gajelas banyak fitur gajelas hp udah bagus dm nya biar liat kecilin liat nya risih mending balikin ui
1,2024-05-22 22:22:20,pls kasih room sndiri chat nya kaya last update kmrin jdi banget mungiel satuin kek dlu
2,2024-05-22 21:59:37,update jam update
5,2024-05-22 15:44:28,bantu liat ytb udah akun mah butuh
1,2024-05-22 15:27:16,min loh bola bal gawe meme nganggo ai neng iki tulung debatesi utawa bayar min ben ora nggo gawe meme bae
1,2024-05-22 10:14:54,bugnya ksabar
1,2024-05-22 03:58:49,akun kembali ganti device harap bantu kembali akun akun login akun mohon perhati nya
4,2024-05-21 22:51:47,ngobrol bareng temen nobar ngelag
1,2024-05-21 16:49:40,sumpah dah ngebug nya pas ngechat buka foto ngebug layar relog bosen dah gua relog kali kali
3,2024-05-21 16:29:16,ultra rare error mana akses website ganggu laku mobile
2,2024-05-21 15:27:04,hi baik bug voice call dengar dengar suara atur maksimal harap baik thanks for development inc
3,2024-05-21 09:56:35,kembali ui
1,2024-05-21 09:55:21,adil bang windah
3,2024-05-21 09:40:39,pucuk ubi pucuk kangkung
1,2024-05-21 04:16:56,banyak bug udh gitu kepake pas buka gaada pencet
1,2024-05-21 01:31:33,buruk coba log in alhasil suruh check email email verifikasi nya email new location detected login perangkat sulit login
1,2024-05-21 01:16:19,kembali motion ime bang windah
4,2024-05-21 01:13:44,admin bohai banget
1,2024-05-20 17:06:51,kait nomer hp
1,2024-05-20 16:06:43,ksini bnyk eror nya suara ilang an trus muncul gambar
5,2024-05-20 14:32:48,seru kenal orang kagak sepi deh
3,2024-05-20 11:33:14,nice
2,2024-05-20 11:28:01,dukung bahasa bahasa indonesia harap update baru sedia
3,2024-05-20 08:52:31,woilah dm puzzle ganggu banget cok
5,2024-05-20 00:02:04,apk keren ku
4,2024-05-19 16:09:22,bagus cmn kadang notifikasi kadang nggak muncul v
2,2024-05-19 15:50:51,bug hp samsung m
1,2024-05-19 14:01:47,daftar susah ribet donlod dih saranin
3,2024-05-19 13:49:21,ngelek banget jir buka
1,2024-05-19 12:30:13,login nya ribet bnget pake kode verifikasi verify browser macet loading nya
5,2024-05-19 12:16:30,bagus konten kreator pake
5,2024-05-19 11:33:20,terima kasih nya bagus baik
1,2024-05-19 06:45:23,apk bego tulis new login location detecd pas cek emai kaga bego
5,2024-05-19 06:41:06,wow etik teman terima kasih bikin
1,2024-05-19 05:32:15,operasi dg
4,2024-05-18 17:07:24,tolong verifikasi nomor handphone kirim kode verifikasi
5,2024-05-18 16:04:17,no complain stabil pakai hp entry level
1,2024-05-18 13:11:32,pas login suruh pilih gambar langsung
1,2024-05-18 12:05:01,logout login
4,2024-05-18 10:52:35,verifikasi email no hp
1,2024-05-18 10:52:26,terima undang invalid expired terima undang out
5,2024-05-18 10:44:17,nolep teman
3,2024-05-18 10:21:41,coba beli nitro bayar tolak dana siap pas
1,2024-05-18 10:14:38,mohon maaf
1,2024-05-18 04:07:21,fitur menu notifikasi notifikasi orang masuk grub
5,2024-05-18 02:45:26,cuman bikin foto joget doang
1,2024-05-17 23:08:08,versi baru kecewa auto update ngont l ngont l
4,2024-05-17 16:24:16,bug masalah ni buka hilang pulih ku tinggal nya menit langsung hilang pulih
1,2024-05-17 15:58:04,bug mic ppek dah gada suara gin
5,2024-05-17 15:15:21,bagus moga manfaat ya d
1,2024-05-17 15:15:04,apk jelassss masuk gabisaaaa login tinggal login udah rusakk
1,2024-05-17 14:52:45,tolol udah update nambahin bug server server normal hapus gilir server nsfw dibiarin kasi bang windah udah ngumpulin k member bikin komunitas bagus servernya kena strike
3,2024-05-17 14:50:11,abis update jdi gambar video putar
1,2024-05-17 13:42:35,apk bodoh pas udah akun pake no telpon suruh kait akun gw pake gmail gw udah pake no telpon pas udh kait udh error lgi
1,2024-05-17 11:15:53,apk gajelas login aneh
3,2024-05-17 10:52:58,bahasa indonesia
5,2024-05-17 10:23:58,bagus free fire
4,2024-05-17 10:21:03,developer tolong tambah bahasa indonesia biar ngga bingung gabisa bahasa inggris
3,2024-05-17 04:40:38,tunggu video kirim
5,2024-05-17 02:13:36,tolong kembali ui please
5,2024-05-16 23:43:36,suka banget fitur seru
1,2024-05-16 14:59:11,suara ingame jelek putus putus
1,2024-05-16 13:54:48,apk bergunaa login akun terusss masukin pasword udah benerrrr dasaarrr
1,2024-05-16 13:09:16,tolol ban sembarang
1,2024-05-16 12:56:43,adengan komunitas bang windah komunitas blue archive komunitas fgo nyerang ngatain game peod caboel dll ngatain game wayang caboel dll komunitas bang windah motion ime hilang
1,2024-05-16 10:41:52,parah lag bnget lag
1,2024-05-16 09:45:15,harap depan stabil hp mid range atas berat sebab lag hp cepat panas pribadi stabil versi versi bug baik sebab guna nyaman versi mobile developer fokus baru tampil peduli bug
3,2024-05-16 05:22:13,awalny bagus tpi kesini jelek sorry nih ya nonton stream bgi layar gaada suara trus pas telepon jg g suara pliss lh
3,2024-05-16 05:20:28,sometime suara sy ilang when gua vc
1,2024-05-16 00:08:00,gw hapus log out download log in tulis perangkat hubung
4,2024-05-15 16:30:01,bug susah ngirim vn detik
1,2024-05-15 15:49:48,udah capek capek akun udah th install download buka akun udah bener masuk
5,2024-05-15 14:15:59,cocok banget ngobrol main game main nyaa
1,2024-05-15 12:48:35,video jelek nggak suka
1,2024-05-15 10:30:31,tolong ya servis main main server salah langsung ban dapet duit enak main ban pikir mudah server anggap sampah
3,2024-05-15 08:57:05,tolong baru terjemah dalam bahasa indonesia
5,2024-05-15 06:36:44,ya kembali motionime
1,2024-05-15 05:01:51,bener
1,2024-05-14 23:55:02,kembali motion ime
1,2024-05-14 17:30:46,buruk coba unjung salah server rekan putus tarik langsung suspended akun blokir ui versi perangkat beban maksud staff salah server ownership member langgar staff kena serang akun banned permanen
1,2024-05-14 15:26:44,apk babi mode speaker aj
1,2024-05-14 13:53:38,registrasi login ribet login
5,2024-05-14 13:37:11,tdi gabisa download ya
4,2024-05-14 13:02:03,kasih bahasa indonesia kontul
5,2024-05-14 12:35:20,segi pakai bagus tambah bahasa bahasa indonesia mudah paham
1,2024-05-14 05:38:29,meng teakdown motion ime alas yng
2,2024-05-14 05:23:59,kasih rating ngesend video loading nya ngecrash pas kasih gifs gifs nya hilang kaya hapus tolong baik yah
1,2024-05-14 03:29:56,kembali motion ime windah basudara
1,2024-05-14 02:20:29,ngalaman kaluar tina sorang
5,2024-05-14 00:28:37,apk keren gg kalok tambahin vitur ngelihat chat orang
1,2024-05-13 14:49:15,nya gabisa buka ya
5,2024-05-13 13:31:54,apk bagus sih komunikasi orang seru sukarwati
2,2024-05-13 13:03:13,min notif verifikasi nomor telepon min tolong benerin ya min udah dibenerin ku kasih bintang
1,2024-05-13 12:48:27,ya akun log in sandi email nyoba bikin akun pakai email tolong developer main bareng temen online
1,2024-05-13 11:23:57,gatel daftar sulit kode salah mulu su
5,2024-05-13 04:36:24,seru banget coyy
2,2024-05-13 04:28:49,login pasu password masuk invalid tolong admin dc bagusin pake akun ku login
1,2024-05-13 04:24:24,jelek pas coba login tidam pas login pake email email loh jelek jngn download apk
1,2024-05-13 03:15:58,ambatukam
1,2024-05-13 01:32:05,ribet
3,2024-05-12 20:24:01,border clown permanent tarik permanent
1,2024-05-12 20:17:51,balikin server motionime bang windah woy
5,2024-05-12 18:08:22,obrol kawan baik
1,2024-05-12 17:34:19,bot nya
1,2024-05-12 17:27:13,moga bagus
3,2024-05-12 16:41:58,loading ya banget
1,2024-05-12 15:51:47,abis update bug suara ilang dengar
1,2024-05-12 14:53:28,windah tod
4,2024-05-12 14:01:31,bug kirim pesan screenshot kirim coba fix update
1,2024-05-12 13:09:27,lepas ban nya grup nya bng windah
1,2024-05-12 11:56:37,kembali motion ime
1,2024-05-12 11:21:02,apasih motion ime hapus kerja
5,2024-05-12 11:20:32,fitur muas tolong tambah bahasa indonesia atur bahasa
1,2024-05-12 10:35:20,bring back windah basudara motion ime
1,2024-05-12 07:09:14,cs sampah duli user
1,2024-05-12 06:34:03,woy bangst balikin server windah lu niat banget ajg
1,2024-05-12 04:52:52,ban server orang
1,2024-05-12 04:36:54,kembali motionime
1,2024-05-12 04:05:28,dukung support lwmah napa sih
1,2024-05-12 03:54:10,sampah balikin server motion ime blogggh
1,2024-05-12 03:48:07,main game suara game nya hilang
1,2024-05-12 03:06:43,kembali motion ime bang windah
1,2024-05-11 23:53:11,kapitalis komunitas ngambil benefit diilangin sebab report orang kasih tau main orang balik
1,2024-05-11 23:26:26,berat
1,2024-05-11 23:00:18,burik responsif
1,2024-05-11 21:08:42,kembali dishcord motion ime
1,2024-05-11 19:15:20,akunn gmail gw hack udah gw kirim gmail ganti gmail dc gw tolak
1,2024-05-11 18:52:30,dc kocak tolol tau terimakasih
1,2024-05-11 18:52:24,layan service buruk
1,2024-05-11 18:40:23,kembali server motionime k member jelas pemberitahuan buat server
1,2024-05-11 18:39:01,ampas bot gajelas banned nuduh traffic bot ch an gua ama temen gua dibanned walo banget membernya eh tambah ilangnya ampas banget kualitas kerja bot dc banned
1,2024-05-11 18:26:37,ganiat bikin gabisa bantu nyelesain ban nya motion ime
3,2024-05-11 17:00:07,tolong fiks new login location ganggu tau ganti akun verif email kaya gitu
1,2024-05-11 15:11:06,rangin connection unable lag dr nya
5,2024-05-11 14:23:53,nyaman obrol main game lancar
5,2024-05-11 13:26:44,gabusa logiinnn kocaaakk udah ganti password kaliii huh kesal
1,2024-05-11 12:04:45,ui ampas bagus kembali ui
5,2024-05-11 10:00:07,oke udah waras nih apk
3,2024-05-11 09:02:05,command
5,2024-05-11 02:16:08,bagus orang bicara temann y
3,2024-05-11 01:40:44,woi pas login kasih code confirmation pelit bet kyk nya
1,2024-05-11 01:30:01,ngebug mulu bangsat apk burik gabisa dipencett kmana
3,2024-05-10 23:22:17,lambat respon nya update versi baru
5,2024-05-10 20:27:18,like gabung group
1,2024-05-10 17:56:00,tololl goblokk banget proses bikin kesell nungguin proses breng publik jdi susah nyari vidio edittt hadehhhhhh
1,2024-05-10 16:01:37,bagus jelek
5,2024-05-10 15:28:49,bagus ops game roblox
1,2024-05-10 14:24:56,hoaxs pasu code sampe x tetep
1,2024-05-10 14:14:07,apk tolol login g dibolehin si pdhl udh verifikasi tulis akun nya udh pake tololll
4,2024-05-10 14:07:48,masukin padalan udah ku masukin email pass nya udah ku coba ulang ulang dimasukin tolong baik ya kasih bintang udah masuk nya
5,2024-05-10 13:45:56,nya login jaring nya udah kencang loh download nyesel
1,2024-05-10 13:42:30,haram login susah
5,2024-05-10 13:14:00,mantap inisih pilih youtuber editor anak esport mantapp moga majuuu
5,2024-05-10 10:49:31,bikin ribet noh kasih
5,2024-05-10 10:47:49,seru bangett gabikin ngeboseninn
4,2024-05-10 08:56:23,udah bagus nya tolong bahasa indonesia
1,2024-05-10 07:55:01,game unonya kartu tuker tuker si t t kasi tutor kek
1,2024-05-10 07:33:10,anj password udh bener anj bilang salah ngentod lu
1,2024-05-10 06:50:34,gua download vidio joged viral
1,2024-05-10 05:47:24,apa bikin akun udah bner
1,2024-05-10 05:12:09,ribet login akun new login location apk ribett
1,2024-05-10 03:18:10,suruh login masukin akun tetep pake email pakai tetep
5,2024-05-10 02:26:28,ok hasil terimakasih kasih
1,2024-05-10 02:14:57,harga player ngeban
1,2024-05-10 01:52:17,gada bahasa indonesia
1,2024-05-10 00:52:06,jengkel akun akun udah gw coba kali kali tetep
5,2024-05-09 22:52:18,lo menang
1,2024-05-09 17:53:29,force close tolong baik
1,2024-05-09 17:44:51,apasih tolol masuk ribet bet
1,2024-05-09 14:40:12,akun google teus pas login pake password bener eh tetep gabisa tolong dikibikinin akun google password benerin
1,2024-05-09 14:39:58,kasih masuk room temen
1,2024-05-09 14:02:28,login doang sulit
5,2024-05-09 12:27:28,menang bahagia cantik
3,2024-05-09 11:53:26,maaf apk nya bagus banget gambar nsfw rule sensor banyak anak anak pakai ajar
1,2024-05-09 11:49:37,masuk apk kasih bintang coba kali kali
1,2024-05-09 11:43:42,versi bug tampil terkadang ganggu navigasi pindah channel kirim pesan gambar
5,2024-05-09 11:13:42,suka
1,2024-05-09 09:49:53,nya jelek register log in nya tolong baik
5,2024-05-09 08:01:06,tau
1,2024-05-09 07:55:57,login mail nya password nya hp orang hasil
1,2024-05-09 07:26:42,laggy bug ayo kembali
3,2024-05-09 06:52:08,ud bagus hl ngebikin dc jdi contoh stiker hrs pake nitro
1,2024-05-09 04:08:30,bug gbs login tolong baik
3,2024-05-09 03:35:12,masuk server pake salin taut gabisa yah
1,2024-05-09 01:13:26,susah banget loginnya bikin viggle ai mohon perbqiki yw
1,2024-05-08 19:31:26,serba susah akun
1,2024-05-08 15:46:05,apa ngak kairtin e mail pasword dah bener pas bikin pasword tolak baik pliss udh ngk login ya ampun
4,2024-05-08 15:02:56,tau bagus tapo suka ngelag
1,2024-05-08 15:01:19,login sulit pake human human emng gblk admin
2,2024-05-08 12:52:22,register udah register gabisa ya tolong ya developer nya baik tambahin bahasa indonesia mudah erti
1,2024-05-08 12:30:29,susah banget ya login
1,2024-05-08 12:18:41,bad update
1,2024-05-08 09:36:23,tolong baik bug delay notifikasi nya notifikasi nya telat masuk pesan masuk
5,2024-05-08 05:44:32,senang filter
1,2024-05-08 04:10:08,udah nulis email pw
4,2024-05-08 03:38:21,cerita tarik
1,2024-05-08 03:25:50,tolong baik sistem login coba login akun tolong
3,2024-05-08 02:31:42,versi bahasa indonesia nggak ya
5,2024-05-07 17:23:23,top salam hangat saudara developer izin yah big data aman jaga ketat jaga costamer bagus and rekomendasi sistem update bahasa indonesia yah
5,2024-05-07 15:42:43,help masuk grup atas gimana
3,2024-05-07 13:31:00,masuk buah server cari link undang nya cari server langsung sesuai kategori kasih bintang
1,2024-05-07 11:52:57,stuck login dasar
1,2024-05-07 11:48:05,apk logon minimal bahasa indonesiya kek
1,2024-05-07 02:39:52,bagus masuk no nge bug kasih nilai
1,2024-05-07 01:26:02,salah g top in gw
1,2024-05-06 12:57:33,apa
5,2024-05-06 12:20:14,bagus mudah teman
3,2024-05-06 09:50:32,verifikasi no telfon tolong bugnya benar
1,2024-05-06 09:43:31,kamera gua tolol
4,2024-05-06 09:17:06,assalamu alaikum developer moga perbagusin updatenya mana pas ngomong suara ilang bicara nyalain mic nya tolong baik terimakasih
3,2024-05-06 06:45:13,main susah loginin akun ngestunk kasih bintang repect
5,2024-05-06 06:12:17,kali password bilang invalid token apa tulis password ya password tolak asa tulis password kasar
1,2024-05-06 05:49:21,sebal
1,2024-05-06 05:20:56,login email
1,2024-05-06 01:29:07,bagus eror hang
1,2024-05-05 13:42:18,relog tp log in gabisa ya bikin akun respon udah rubah password log in ttp gabisa
1,2024-05-05 12:15:39,susah paham
2,2024-05-05 10:53:14,bug ui ny
1,2024-05-05 09:33:43,kasing rating susah masuk akun bikin masuk
1,2024-05-05 09:33:39,bikin beban susah login verif udah verif email bikin ribet
1,2024-05-05 09:33:10,asli download langsung ngelek jaring ku bagus tolong yah dc baik cepat
1,2024-05-05 08:18:41,apk nih verify email pasword salah pdhl sampe ganti pasword dibenerin kimak
5,2024-05-05 07:51:11,kece
1,2024-05-05 07:40:41,woi gw login pas email pw udh bener ad tulis new login location check your email pas cek notif kecewa download ulg ngeselin
1,2024-05-05 07:07:43,gaberguna gabisa register nomor invalid mulu mending gaush bikin
1,2024-05-05 06:17:01,download trs udah mengstial suruh download daritadi udah nungguin gitu ayo gin trs ngga ubah woyy benerin
1,2024-05-05 04:12:54,bingung
1,2024-05-05 03:10:37,login terang password salah tau mana salah download download lapor
1,2024-05-04 22:12:43,anjir gabisa login email sandi bener
1,2024-05-04 21:35:26,loh password masuk bruh
1,2024-05-04 20:17:09,ras udh gitu peduli versi androidnya
1,2024-05-04 17:56:54,bro kembali server motion ime indonesian server k anggota tolong kembali server motion ime bro pls bro
1,2024-05-04 17:37:45,susah masuk ribet alas
1,2024-05-04 16:06:36,tolol asu fw udah bener login kntl
1,2024-05-04 14:49:39,bug yak malass
1,2024-05-04 14:38:31,sircel jir
5,2024-05-04 13:35:30,bagus sumpah bagus banget
2,2024-05-04 10:49:45,login masukin password email salah kau anying
1,2024-05-04 10:11:58,sampah tingkah login new login detected locacion ni nama sampah blaguk
3,2024-05-04 10:06:18,proses berat alami tunda acara sumberdaya hilang
5,2024-05-04 09:03:12,bagus mudah komunikasi main game kendala
5,2024-05-04 08:35:56,oke
2,2024-05-04 04:20:48,moga optimal
1,2024-05-04 04:07:56,akun sms akun ilang
1,2024-05-04 03:59:08,mudah loginnya bodo
1,2024-05-04 02:40:38,verifikasi akun nya susah banget nggak ngasih kode bilang invalid nggak salah aneh nya verivikasi gimana tolong mudah susah susah pantes rating bintang nya lumayan login susah
3,2024-05-04 02:29:38,register pas kasih kode verifikasi
5,2024-05-03 18:33:05,makasih min
1,2024-05-03 18:21:26,jelek karna ngeban server bang windah
2,2024-05-03 15:51:53,update baru ribet atur ubah crash tolong tampil versi enak liat tambah invoice hp mode push to talk mode auto langsung bicara
1,2024-05-03 15:33:21,aneh akun masuk grup tolong tingkat aman privasi kecewa
3,2024-05-03 14:16:42,sampah milih gambar hewan diskusi gua tipu
1,2024-05-03 14:00:09,aneh banget download dc gabisa tap gabisa pake tombol back refresh bolak internet lancar
1,2024-05-03 13:15:10,suara suka ilang babi
5,2024-05-03 13:13:51,terkadang kayak kadang
1,2024-05-03 10:47:48,sumpah gue gatau sange banget kartu kredit debit sistem bayar gopay kartu debit kredit kait akun gopay gabisa pake saldo gopay tolol gitu
4,2024-05-03 07:03:50,komen bintang
1,2024-05-03 06:00:46,login susah
1,2024-05-03 04:23:44,udah login suruh login
2,2024-05-03 01:05:17,bug kesal backup code pasti etik tetpi bilang kode pakai aneh
5,2024-05-02 20:02:26,bagus diskus ngobrol teman komunitas
1,2024-05-02 17:40:41,lag tonton ribu orang lag mohon baru server jelek mu damn
1,2024-05-02 17:38:26,bikin apk niat dikit masak login ajh ribet mati
1,2024-05-02 17:06:59,semenjak update bug nya
1,2024-05-02 17:05:07,versi masuk dc klik si server voice saking nge lagnya gabisa pindah server susah join channel parah
3,2024-05-02 16:30:18,bagus kecewa server nya lag masuk stream menit
1,2024-05-02 16:18:07,apk berat update dlu gih
1,2024-05-02 16:10:57,lag bngt anjg server ny pdhl ud kenceng jaring ny
1,2024-05-02 16:06:44,kontrol nge frame asu apk gw buka b aj dc babiiiiiii
2,2024-05-02 15:56:16,kasih bintang login umur boleh login umur usia tolong baik tolong
1,2024-05-02 15:49:34,bug speeti pencet
2,2024-05-02 15:45:50,gue nonton timnas cokk ngeframe buset dah loadingnya jg lamaa gue download ulang banget proses buset dah
5,2024-05-02 15:29:19,main bagus hero hadiah permata
1,2024-05-02 15:19:05,apk gj email salah pw slh serba slh pdhl udh bener
1,2024-05-02 15:15:54,devoleptor tolol yatem kok gua makek knapa pencet apa asu
5,2024-05-02 15:14:20,lupa sholat
1,2024-05-02 15:03:29,abis update ui nya bug gabisa buka msg nya
1,2024-05-02 14:17:47,apk nya bener orang login susah nya ampun akun pasword udah bener tetep masuk tolong baik lahh orang nyaman
1,2024-05-02 14:04:10,apa ku gera apl nya
1,2024-05-02 13:49:54,asu suka ngeleg da iklan ngeleg
1,2024-05-02 13:37:07,udah login kali kali tetep gilir log out pas coba bikin emosi ae ck
3,2024-05-02 13:36:01,tolong tambah fitur arsip butuh lot fiturnya lengkap pc susah erti fitur nya guna hp butuh adil terimakasih
1,2024-05-02 13:00:23,login susah banget verifikasi ribet
1,2024-05-02 12:47:28,nya bagus bug nya patah suara nya kadang kadang mohon developer baik
1,2024-05-02 12:14:06,rekomendasi ya temen nomor dafta ganti
1,2024-05-02 12:08:27,jelek apk leg
1,2024-05-02 11:18:31,ky jembut udh kasih email g
1,2024-05-02 10:37:05,bug ketik muncul tulis verifikasi trus
5,2024-05-02 09:38:14,oke
1,2024-05-02 08:28:21,masuk dah sesuai tiktok email chace tru coba sandi bener salah pake sandi salah salah benerin
1,2024-05-02 08:26:51,knp akun gabisa tetep lu bener logiiin
1,2024-05-02 07:54:18,susah banget daftar daftar pake nomor hp email
1,2024-05-02 07:14:43,bug login pasword no kocak
5,2024-05-02 07:09:02,bagus banget keren moga bug terimakasih
1,2024-05-02 06:57:39,apk sebal
1,2024-05-02 06:43:10,susah login lag pasuk grup
5,2024-05-02 05:30:39,jarang pake ikut an moga sukses barokah
1,2024-05-02 05:30:38,orang kesal nomor hp udah nama udah udah masukin nomor hp nomor salah orang kesal benci
5,2024-05-02 04:51:18,mantab apk
1,2024-05-02 04:47:48,login sih gagal udah bener
1,2024-05-02 01:54:35,meribetkan verify nya gimana sih
2,2024-05-02 00:51:04,registrasi
1,2024-05-01 22:24:19,ngebug
1,2024-05-01 19:40:29,susah verifikasi buang sj nya in tulis dengar
1,2024-05-01 19:25:57,jelek gada subtitle indonesia bingung
1,2024-05-01 19:09:05,kentang
1,2024-05-01 18:08:56,update lot banget babi
5,2024-05-01 17:53:49,manfaat bagus nobar bokep
1,2024-05-01 17:07:46,bagus versi
1,2024-05-01 16:25:37,kembali ui mudah paham mohon kembali update
1,2024-05-01 15:25:32,apk delay pencet senin klick kamis sumpah apk in
1,2024-05-01 15:02:19,update versi baru jadj berat banget
1,2024-05-01 13:23:17,gabisa pencet
5,2024-05-01 12:00:44,fitnah
5,2024-05-01 10:27:18,tolong opsi atur bahasa indonesia
1,2024-05-01 09:19:40,login versi gmail ya masuk nama pasword tgl lahir masuk tgl lahir muncul tulis unable to register yaa
1,2024-05-01 08:08:30,bikin kaya kon susah banget masuk nya anj udh gw kasi email email kontolll bangsattt ah anj gw benci ah ngent
1,2024-05-01 07:01:42,g enak semenjak update mending ui hadehh update buka lbh parah g ngenakin gin
1,2024-05-01 06:07:23,lupa password nomor nggak kirim kode
2,2024-05-01 05:17:29,pls si pas buka pencet ngelag parah pls pencet kaga udh coba ulang ulang bgitu t t
1,2024-05-01 04:30:43,ngentodddd anjinggggg
1,2024-05-01 03:48:20,gw verify layar ny warna putih
1,2024-05-01 03:35:09,verifikasi nomor telepon bener verifikasi
1,2024-05-01 02:44:57,berat update
1,2024-05-01 02:37:21,tolong developer gw dimasukin server asing rahu gw gw udah muak server isi tolong solusi
1,2024-05-01 01:09:08,pencet
1,2024-05-01 00:07:20,nya masuk doang ribet nya ampun
1,2024-04-30 23:39:59,loading hapus nya
1,2024-04-30 17:28:32,heran komunikasi masukin code verifikasi nomor hp komunikasi server tolong baik
1,2024-04-30 16:31:49,ampas anj gw saranin mending jngn download nih gw ngeleg mulu ngetik delay mulu
1,2024-04-30 15:07:15,dc skrang berat hp lowend dlu aman ajh skrang ngetik susah
2,2024-04-30 14:06:40,bener anjinngg bikin apk tuh benerin bug nya simpelin fiturnya
1,2024-04-30 13:50:21,gapernah granti password login salah password udah catet apk catat asuu asuu
1,2024-04-30 13:18:00,ah sampah phone number invalid email does not exist akun sampah
5,2024-04-30 12:59:32,bagus cocok mabar
1,2024-04-30 12:32:47,g mencet
1,2024-04-30 12:20:46,error
1,2024-04-30 12:00:03,dasar apk tolol akun gw pake ngak pake ngentoodd
1,2024-04-30 11:17:03,pas login perangkat gmail sandi pas masuk sandi gagal coba pakai nomer tolong gimana pakai akun ku kirim code verifikasi invalid
2,2024-04-30 10:52:17,suka login lewat test manusia robot muncul tulis unable to register coba youtoube kenal bug
1,2024-04-30 07:45:28,jelek gmail nya mumet mending kasih gmail gw servis otak lu
1,2024-04-30 05:41:47,ya pas asik asik server verification required coba ganti e mail pas udah masukin password you are change e mail too fast try again meksipun ketik lambat tulis spam tolong baik chat teman
1,2024-04-30 05:19:17,bug login moga ban
3,2024-04-29 23:22:31,nya udh bagus ngobrol macem scam
1,2024-04-29 17:23:01,bug kentod
1,2024-04-29 17:16:11,respon pencet responya besok bosok apk tolol
1,2024-04-29 16:04:52,kntil new login location ngetid gaya kau login asu udah intruksi mas pepex faaakkkkk
1,2024-04-29 15:48:12,tolong tingkat kualitas meng upload video hasil buram mohon baik hd
3,2024-04-29 15:40:05,update bug temu ganti server tekan habis lag parah crash harap kembang dengar komunitas
4,2024-04-29 15:15:47,koneksi ig hapus bang mah kaitin
1,2024-04-29 15:01:48,abis update masuk verifikasi udh masuk in no hp
2,2024-04-29 14:50:13,download udh bingungin
1,2024-04-29 14:19:44,bug join kagak jelek banget
1,2024-04-29 13:20:44,kocak delay
4,2024-04-29 13:09:30,moga lancar
3,2024-04-29 09:24:20,
5,2024-04-29 05:14:15,bagus bicara main teman online
2,2024-04-29 01:26:10,kasih bintang vertifikasi no hp sesuai suruh masukin kode salah pahadal notif pesan tolong baik
5,2024-04-29 01:22:29,mantap tol kon tol inti nya
4,2024-04-29 01:11:06,platform top sayang mobile sulit bug biar latar pas eror interface ukur gambar sesuai gambar potong sisa belah kirimya
1,2024-04-28 23:57:37,sampah gabisa login udah registe tetep gabisaa
4,2024-04-28 22:11:17,nya bagus cocok main bareng minus ganti username pasu password ya lupa password saran pakai password ganti username terimakasih
4,2024-04-28 20:54:23,translate bahasa indonesia nya
2,2024-04-28 13:50:20,sengaja tempel link server bio profile hapus mobile
2,2024-04-28 10:03:37,bnyk bug
3,2024-04-28 09:48:51,ya skrng bnyak bug streaming tuh plis hilang bug nya
3,2024-04-28 09:09:46,tolong baik sistem login dc nya bang kali akun pas masuk lg masuk sandi dah bener nya ganti pasword lg ganti hp gitu kek repot
1,2024-04-28 08:51:58,masuk tolol banget najis
1,2024-04-28 05:58:40,malesnya diskord register loading nya bet
1,2024-04-28 03:45:15,suruh verify pas masukin sandi salah udah kali ganti sandi tetep salah
1,2024-04-28 02:20:33,udah masuk bikin orang marah
1,2024-04-28 01:25:48,gblg masuk udah jelas id sma sandi bener bilang salah udh brp kali gua bikin akun ktl bikin emosi nih discrot
4,2024-04-27 22:08:07,kasih bintang login udh registrasi
1,2024-04-27 18:04:44,rusak pas nyoba masuk daritadi pas udah pas masukin code valid mulu tolong baik bug nya coba nya
1,2024-04-27 16:46:32,masuk akun gua ganti password verifikasi nya sih jelek banget
1,2024-04-27 15:40:01,update bug
4,2024-04-27 14:19:57,gua sih update oke issue satu notifikasi kirim friend request gua deh member friend requestingnya salah orang gua ngalamin eh untung udah decline diaccept v gua doang ngerti pls bring back notifikasi kirim friend request
2,2024-04-27 14:02:50,ngelag bug sinyal
1,2024-04-27 14:00:05,update pencet fitur send lag
1,2024-04-27 13:28:23,code sms masuk
1,2024-04-27 12:12:22,burik kaga register anj
4,2024-04-27 12:03:43,modegalaushanigrad
5,2024-04-27 11:50:50,obrol baik
5,2024-04-27 11:06:34,bagus banget
4,2024-04-27 11:06:30,bantu cari informasi game verify login stuck chrome browser hp ku tolong baik tau bug tolong baik cepat
5,2024-04-27 08:53:17,hallo akun nama scaramouchee kena hack bantu akun teman account terimakasih
1,2024-04-27 07:01:28,susah bettt loginy
4,2024-04-27 06:49:44,bagus sii nyebelin banget emojinyaa jelek jadul minimal mah kaya emoji ip ya min
2,2024-04-27 05:23:52,tolong masuk in pasword nya bener tulis pasword does not match pasword pas
5,2024-04-27 04:09:15,bagus asik
4,2024-04-27 03:15:39,nge refund nitro nunggu tpi gua udh nge refund tanggal ampe tanggal refund dh
5,2024-04-27 02:31:26,mantap buka mabar teman
1,2024-04-27 02:05:15,login susah banget
1,2024-04-27 01:12:18,login verifikasi code sms nya rate limit
2,2024-04-27 00:39:51,baik share screen kadang ngelag error
1,2024-04-26 18:50:06,update baru bug bug y connect gajelas
2,2024-04-26 18:46:21,bnyak bug update
1,2024-04-26 18:44:55,abis update ngebug
1,2024-04-26 18:44:22,update
1,2024-04-26 18:22:43,ancur bug banget cok bug bagusin ui bugnya
1,2024-04-26 18:22:06,bug voice channel kembali tampil
1,2024-04-26 18:16:31,asu kontol update ngebug dongoq
1,2024-04-26 17:53:53,ngebug
1,2024-04-26 14:06:39,ribet anjik ribet login
3,2024-04-26 13:09:58,bug
2,2024-04-26 10:58:56,tolong baik terkadang kirim pesan teman balas tanggal saya tanggal ganggu
3,2024-04-25 21:32:07,maaf ajar mohon bantu
1,2024-04-25 13:42:33,aneh suara outputnya patah patah sinyal orang telfon stabil kena bug
1,2024-04-25 12:48:14,bagus orang nya seru nya pikmi
1,2024-04-25 11:35:06,akun ribet banget sih coba nggak sampah banget nggak akun haduh
5,2024-04-25 11:23:18,bagus skin game stickman hero fight clash nginvit udah skin dah debes
2,2024-04-25 08:35:17,pas login lag banget pas kece pencet periksa plis baik
5,2024-04-25 07:15:57,bagus kumpul ngobrol orang
1,2024-04-24 16:53:12,registrasi nomber
2,2024-04-24 15:21:29,send email ngechat tolong resend email capek ulang ulang todak
1,2024-04-24 14:46:30,lu sok keren deh lu bikin orang emosi gw chat verifikasi e mail rudet dahh trs pas masukin password nya cocok trs udh bener sesuai e mail akun google mending telebgram simpel
1,2024-04-24 10:23:50,kaya anjeng
1,2024-04-24 07:37:42,payah kali dikit dikit eror mls gunain
1,2024-04-24 06:16:09,tolong la gw login akun gw udh kenang tolong fix akun kembali
1,2024-04-23 14:59:33,susah pas login
2,2024-04-23 13:47:53,nya isi nomor sesuai perintah nya bilang salah kesel
2,2024-04-23 10:26:06,si update asa berat ni tolong fik dlu dev
1,2024-04-23 08:41:24,bug pasu pw email
5,2024-04-23 06:19:28,mantap
1,2024-04-23 03:57:57,ampas banget dh pesan pribadi ilang mlu notif pesan beneran pas masuk apk pesan ilang kocak uninstal dh ampas
1,2024-04-22 21:07:11,masuk
1,2024-04-22 14:30:35,bnerin dikit anjg
2,2024-04-22 13:57:40,daftar dc ribet gw verif nomor hp kirim emg
1,2024-04-22 11:13:29,selisih
1,2024-04-22 10:53:03,bugnya
1,2024-04-22 05:42:29,susah login
1,2024-04-21 15:52:23,crash parah
1,2024-04-21 15:35:15,ngantri nya banget
3,2024-04-21 12:03:30,bagus join server join bilang kebanned pakai akun alternatif hasil
5,2024-04-21 11:57:32,bagus ngobrol bareng teman nggak nomor wa masuk pokok bagus suka makasih ya
5,2024-04-21 10:28:31,mantap dah pokok
1,2024-04-21 09:49:40,website lambat ngirim kode bener buka
1,2024-04-21 05:55:16,log in akun diribet ribetin bilang nya email suruh cek udh cek tetep g gaje
1,2024-04-21 04:57:59,plis baik login
3,2024-04-21 02:45:13,emojinya bikin nang loginnya susah sih gimana ya verifnya mantap mohon benerin yaa terima kasih oh bahasa indonesia yaa
5,2024-04-21 00:33:20,bagus bahasa indonesia tolong masuk bahasa indonesia tolong
4,2024-04-20 22:46:10,sambung informasi palid tarik guna bagi informasi update palid koneksi
3,2024-04-20 21:14:08,tolong permudahin verifykasi nya bener nomer kode bener tetep resah
1,2024-04-20 19:43:02,bis update bug gajelas
1,2024-04-20 15:19:29,masuk taik dah gw prbarui email bner masuk
5,2024-04-20 13:39:51,iini seru teman seru
2,2024-04-20 12:18:29,verifikasi nomer hp woii gonta ganti nomer klik
5,2024-04-20 12:18:15,bagus tolong tambahin bahasa indonesia biar bingung
1,2024-04-20 11:36:13,gimana login pas verifikasi lampir nya kadaluwarsa banget buka gimana
5,2024-04-20 10:32:43,bareng garena free fire
1,2024-04-20 10:02:17,susa bangat login
4,2024-04-20 08:11:01,xx xx tau
1,2024-04-19 15:08:32,tolong baik login email gagal
2,2024-04-19 14:25:34,woi update discordnya jalan background mobile device benerin
1,2024-04-19 14:05:24,sampah gw nulis kata beda bot ban
5,2024-04-19 12:55:29,ya bagus guna pokok nya mantap
1,2024-04-19 12:46:10,beraq verifikasi nomor gabisa
1,2024-04-19 12:11:46,loginnya susah meribetkan susah
1,2024-04-19 11:26:16,mobile ngebug baik haish
1,2024-04-19 11:16:25,rusak loginnya payah bener akun kembang tolong baik goblo nya
2,2024-04-19 08:42:59,susah banget register no aktif
1,2024-04-19 05:41:32,jelek banget uda dateng kode verifikasi pake gjls bnget
1,2024-04-19 05:34:46,ngebug bs pencet
1,2024-04-19 02:03:29,nya bagus suka
4,2024-04-18 19:01:38,apk bagus ngobrol teman mabar
5,2024-04-18 18:56:01,keren pokok
1,2024-04-18 14:59:27,ntahlah
5,2024-04-18 14:36:09,bagus cari temen ngobrol
1,2024-04-18 12:22:19,minimal kasi fitur pindahin stiker wa dc
1,2024-04-18 11:21:25,gimana nih muncul done reading check out other channel chat tlong baik bug
1,2024-04-18 10:04:56,kasih code nya nya kasih code nya sms notif tunggu pake no tlp kasih code nya
1,2024-04-18 06:52:53,user pakai perangkat mobile fitur mudah ganti akun hasil ganti akun cepat mobile sayang
3,2024-04-18 04:36:23,login nya login nya pakai akun log out pakai nya
3,2024-04-18 03:12:35,memberitahuku pas akun invalid pas bikin akun verifikasi pas ganti email pas password mala tolak does not match kunci sms nomor sms tolong baik
3,2024-04-18 00:54:43,download dc login password udah sesuai tulis invalid
2,2024-04-17 19:09:02,sulit log in
1,2024-04-17 15:30:06,buruk nomor telepon log in
1,2024-04-17 14:02:14,babi kau voice chat ubah nomor handphone babi
1,2024-04-17 09:46:01,udh login suruh isi sandi udh isi sandi udah bener tulis sandi cocok ganti kali kali jg ganti email masukin pasword salah udah bener
2,2024-04-17 07:48:21,tolong dah regiterr pasu code masuk masuk
2,2024-04-17 07:15:19,aneh bug reorder role bot moderator member kadang pencet role pilih delete delete mohon baik selesai server reorder role eror
1,2024-04-17 05:42:40,usak mood
1,2024-04-17 02:52:10,ko masuk
5,2024-04-16 14:11:34,yolah
1,2024-04-16 13:57:47,gw login udah bener
5,2024-04-16 10:41:46,sedia bahasa indonesia
5,2024-04-16 10:27:27,add indonesian
5,2024-04-16 09:56:33,bantu
5,2024-04-16 09:20:50,kasihan developer nya udah bikin nya bagus banget selamat idul fitri mohon maaf lahir batin
1,2024-04-16 08:33:23,capek akun gagal masuk kasih salah kasih bintang salah udah kasih
1,2024-04-16 07:31:55,verifikasi ikhlas apk
3,2024-04-16 03:39:14,applikasinya bagus ngobrol suka voice mulu fitur member list tolong baik ya develover
1,2024-04-15 23:09:58,bug alami kesal bug verifikasi login verifikasi login email verifikasi ulang
1,2024-04-15 21:54:17,jelek masuk akun pas masuk email salah nyambung
4,2024-04-15 15:28:41,bagus sayang g terjemah
3,2024-04-15 15:06:29,nya bagu sulit join server udah masukin nomor telepon tinggal nunggu kode verifikasi nya kode verifikasi nya kagak muncul muncul sekali muncul pas dimasukin kagak tolong gimana udah coba lapor support nya tetep kagak mohon bantu nya
1,2024-04-15 14:53:16,bug nya
5,2024-04-15 14:43:21,bantu banget orang malu on mic game
1,2024-04-15 14:17:34,masukin pw dah bener tetep gabisa login bego
1,2024-04-15 13:54:24,apk taik dah bikin akun google tetep password doesn t match sandi udah bener tetep salah babi emang
4,2024-04-15 13:46:21,tolong fix video kirim file jadi kadang bug update
2,2024-04-15 12:43:33,update bugnya temu bug tolong baik bug ganti foto profil langsung klik foto foto profil
1,2024-04-15 10:07:21,masuk masuk bodo
1,2024-04-15 09:49:14,susah banget login nya muda kayak roblox bikin emosi
1,2024-04-15 08:24:06,invalid pas verifikasi nomor hp nomor hp nya invalid
5,2024-04-15 08:07:39,manfaat sukses
1,2024-04-15 07:58:59,nya bug enak dlu jelek
1,2024-04-15 07:36:01,install masuk coba masuk
5,2024-04-15 07:25:38,hebat komunikasi orang
5,2024-04-15 06:01:22,fitur pc lengkap kasih fitur pc mobile
1,2024-04-15 04:49:47,register nya susah koyo telek
1,2024-04-15 04:48:28,bilang gmail nya salah pas login udh bener
2,2024-04-15 04:06:41,dicord yng hormat tolong bernerin nya login kode verifikasi invalid harap baik coba nya
4,2024-04-15 03:36:07,bagus bug bilang telfonan mati gantung device storage storage gb gitu memo nya penuh suka mati tau
1,2024-04-15 03:22:26,goblokk login sandi salah udah ganti
5,2024-04-15 02:53:16,maen samp doang
5,2024-04-15 01:19:53,hubung stabil dg grup family privat aman kendali hasil lanjut muas
1,2024-04-14 21:48:31,parah lelet ni apk
4,2024-04-14 14:05:50,bonus iklan gimana
1,2024-04-14 13:57:17,buka stiker nger frezee mulu force close sampahh
1,2024-04-14 12:29:49,buruk
3,2024-04-14 10:26:53,error pas reorder role android tolong developer baik
1,2024-04-14 10:14:27,akun
3,2024-04-14 09:05:39,tolong perhati performa pakai laku device low perhati device mid high kasi temen temenku device nya low buka delay parah force close
4,2024-04-14 06:55:19,overall bagus sih pas interaksi bot mee pas bot muncul kotak kosong jawab
1,2024-04-14 05:29:08,tolong discrod syq udah daftar handphone satu ganti handphone download discrod sya masukin akun gbisa masukin password gbisa kode kirim udah mencet verifikasi respon tolong cape sya
2,2024-04-14 05:17:26,tolong baik suara share screen share screen suara hp android tolong baik bug nya
3,2024-04-14 05:01:57,nya keren udah technoblade pake apk mes nya gw temen ngirim pesan pas ngirim pesan ketemu satu gimana sih nih
5,2024-04-14 04:48:57,jelek kualitas
1,2024-04-13 17:41:47,gimana sih login suruh pencet link kirim gmail tetep kntl
1,2024-04-13 17:26:02,daftar
1,2024-04-13 13:26:17,voice mulu gakjelas udah setting jalan layar sinyal bagus kondisi hp prima no lag crash notifikasi delay notifikasi telefon hilang tolong baik
4,2024-04-13 11:06:46,ngasih bintang udah download
5,2024-04-13 09:15:05,good emang
1,2024-04-13 05:19:35,gw tau masuk
1,2024-04-13 04:16:07,gimana konsep sih gw robot gw udah ngisi formalin hasil bilang benar manusia tolong baik bugnya lancar fungsi tolong baik ya admin
1,2024-04-12 19:13:58,jelek banget masuk bintang
5,2024-04-12 16:55:09,sumpah rumah temen semenjak dc temen makasih ya udah
5,2024-04-12 14:49:30,mantap samp indonesia
4,2024-04-12 11:28:57,bagus pas masukin bots log out akun tolong benerin ya
5,2024-04-12 07:44:52,thank for this my crush chat me when hp nya jatuh laut no wa nggak discordnya laptop big thanks i wish i marry her
1,2024-04-12 02:26:45,pas au ketawa verifikasi kasih bitang noob
3,2024-04-12 01:26:26,sign in knp ya muncul captcha verification trus sign in login ya moga baik
1,2024-04-11 18:29:41,berat updatean gaguna mending tambahin update minimalisir lag
1,2024-04-11 17:49:33,eror muluh dahh
1,2024-04-11 15:35:16,tolong download ya
5,2024-04-11 06:24:36,nama gg
1,2024-04-11 04:35:53,login sempurna sampah
5,2024-04-11 03:14:51,guna
1,2024-04-11 02:45:38,masuk bamyak bug nya hp ku samsung s ultra
1,2024-04-10 23:08:28,alami force close main game optimal mohon cepat baik saran buat bahasa indonesia mudah guna negara indonesia
1,2024-04-10 16:01:31,versi jelek tampil tolol shop hilang mana posisi tombol beda dekstop pc
1,2024-04-10 14:21:17,anj
1,2024-04-10 12:27:03,tutorial kecewa
5,2024-04-10 11:46:58,tarik komentar buruk apk update apk bagus puasa maaf ny kasar komentar terimakasih
1,2024-04-10 07:32:38,login gue masukin email gua
1,2024-04-10 05:47:51,udah sandi nya tetep login bug ya beneran bug mohon fix
1,2024-04-10 05:46:27,banyak bug bjir kaga klik
5,2024-04-09 21:49:04,teman
1,2024-04-09 08:23:41,tolong daftar sulit kaya daftar pake nomer tulis pas arah pakai e mail pake verifikasiiii ribet banget make susah banget
1,2024-04-09 08:04:06,ilang akun gara gara verifikasi robot pdhl sandi dah pas verifikasi robot nya
1,2024-04-09 06:00:02,seta update bug parah
5,2024-04-09 03:44:22,bug lag handphone ram gb tolong optimal
1,2024-04-08 23:46:19,rem
1,2024-04-08 23:25:18,skrg mah robot download ribet pake human emang robot bikin akun susah susah human kasih bintang oke
1,2024-04-08 22:52:17,login abad
1,2024-04-08 22:09:27,invalid code mulu verifikasi nomor sesuai
1,2024-04-08 14:30:36,hadeh bug tombol kirim text nya gimana komunikasi hadehh sulit gws
1,2024-04-08 14:07:33,apk suruh gonta ganti username mulu akun game gw ilang tololl dasar apk
1,2024-04-08 10:48:15,bug ubah ui senang berat
2,2024-04-08 10:20:38,share screen nge zoom gepeng versi baik
1,2024-04-08 10:01:20,bug login code verivikasi invalid coba coba pancing amarah
1,2024-04-08 09:33:54,rusak
1,2024-04-08 08:46:16,rusak login password nomor dah bener reset password pakai verification code kirim code nya expired mohon baik bug nya
1,2024-04-08 08:19:15,dah ni share screen audio nya muncul suara nya capeee banget nyari solusi nya yt nemu sampah
5,2024-04-08 06:08:36,download moga manfaat
2,2024-04-08 04:38:32,log in akun muncul pesan new login location detected please check your e mail maksud
3,2024-04-08 02:45:04,susuah login
1,2024-04-07 22:53:37,login susah
3,2024-04-07 21:51:09,tolong tambah bahasa indonesia erti bahasa inggris
1,2024-04-07 18:14:11,nih napa sih taut akun instagram akun dih
1,2024-04-07 17:37:51,lupa password nya ribet kaga masuk verivikasi sms nya azzz pulsa jaring kenceng hadahhh
1,2024-04-07 17:22:41,susah bngt registrasi huuhh capee brp kali ulang gamau
1,2024-04-07 11:09:19,guna iyah pasuk nomer ponsel tunggu pensa sms kode tunggu kode masuk daftar salah kode salah kode nomer hafal kode tanyak human huma anj
5,2024-04-07 04:04:04,main gtasamp pakai apk
1,2024-04-07 03:56:39,kasih bintang masuk akun ku sandi google
1,2024-04-07 02:13:51,sandi email masuk emosi
1,2024-04-06 20:30:14,masuk stuk loading
1,2024-04-06 19:28:19,suara orang putus putus
1,2024-04-06 15:41:30,sih kesini makan nggak ngawur nggak login e mail sandi udah bener ganti password udah ganti login emang nggak waras bikin orang emosi doang
5,2024-04-06 10:19:49,terampil inovatif jamin privasi pastnya regulasi
5,2024-04-06 03:18:51,bagus
1,2024-04-06 03:15:32,langgan dana potong langgan kecewa berat abis duit gara apk ambil dana langgan bintang kasih binta
5,2024-04-05 23:43:53,informasi akurat pintar
1,2024-04-05 19:24:13,kali ketuk tombol verify masuk nomor telepon ketuk maksud tombol verify fungsi tolong baik
1,2024-04-05 16:49:09,bagus kemarin misahin foto vidio bikin susah
3,2024-04-05 14:54:21,anying update gtu discore update ngebug suka suara
1,2024-04-05 14:46:16,rusak invite grup dimasukin url sih aneh bet
1,2024-04-05 09:46:41,babi regisnya susah
1,2024-04-05 08:15:15,iss sih uda login pake no telpon udah masuk kode nya pas masukin valid kode nyaa hadehh pusing banget tolongin gimana biar loginnn uda masuk pake akun google tetep bisaa gimana sihhhh akun bnr sandi nyaa ih pusingg
5,2024-04-04 20:59:46,obrol abang atun kak momon youtubeku favorit
1,2024-04-04 16:43:54,apk buruk ganti pw gw lupa pw tolong fitur nya
3,2024-04-04 13:51:43,buka captcha nya gimana oi muncul cuman layar putih hlaman login oii baik captcha nya login susah asw
1,2024-04-04 13:36:34,bagus ui
1,2024-04-04 13:13:06,pokok nya apdetan jelek banget udh verifikasi pake nomor ponsel kode valid pokok nya jelek banget
1,2024-04-04 11:44:48,knp hp infinix force close knp ya tolong baik
1,2024-04-04 10:26:14,bagus versi fitur search message mudah banding versi
1,2024-04-04 09:31:10,login akun susah amatt bikin susah coba akun g loginnn gmn sih apk nya ini bangettt login sulit sampah login
1,2024-04-04 09:07:44,login gambar suruh pilih
1,2024-04-04 08:50:07,eror login versi ketimbang
1,2024-04-04 06:12:03,update ngelag
1,2024-04-04 04:49:14,bug voice suara baik
1,2024-04-03 16:57:23,ganiat bikin jnck
1,2024-04-03 16:50:53,ya suara gaada join voice mic oke oke
1,2024-04-03 15:08:03,login udah verif
1,2024-04-03 15:04:57,orang sih lu antem
3,2024-04-03 13:15:19,kirim no hp sms balas masuk kode verifikasi hasil
5,2024-04-03 10:50:23,plisss tambah bahasa indo donk
1,2024-04-03 09:10:36,keluh pake wifi connecting
1,2024-04-03 07:33:20,verifikasi no hp tolol udah bener ngetiknya
1,2024-04-03 06:56:33,why can t log in to account and i can t register an account masuk akun daftar akun
3,2024-04-02 20:23:00,bug gambar sinkron layar hp arah samping
1,2024-04-02 19:14:24,jls apk y udah sukses daftar y dah pake kode nomer telfon registrasi eh muncul kaya ujung registrasi y create an account klik berjutakali tetep akun dah kirim kode konfirmasi y admin bilang nyolong nomer kode konfirmasi y kirim muncul kaya n kelik create an account
1,2024-04-02 18:50:36,pilih kasi gua dapet border
1,2024-04-02 15:32:40,jembut bawok
1,2024-04-02 14:17:57,paksa instal karen sultan sponsor tendang guild dasar sampah
1,2024-04-02 14:17:31,knt l sesuai nama singkat dc disconnect nobar main game tiba aneh
3,2024-04-02 11:10:48,add indonesian
1,2024-04-02 05:58:18,kecewa cari teman ketik nama eh bug kecewa updatan
3,2024-04-02 04:39:33,kurang
5,2024-04-01 21:13:58,hahaha damn bang drama asik cuy
5,2024-04-01 16:57:28,kasih bintang imbal next update tolong tambah fitur milik server aktif video kamera anggota server voice channel
1,2024-04-01 15:18:18,pencet log out pas login salah sandi pen bikin akun google nya pakai ahh lawak banget dh ampe pusing pala gw gitu sandi
1,2024-04-01 14:35:44,payah masuk langsung bikin emosi pake embel embel robot
1,2024-04-01 10:30:50,muncul notifikasi kode verifikasi
3,2024-04-01 07:54:05,update tampil ui nya bug jd nyaman tolong baik lg
5,2024-04-01 07:42:05,bagus gw chatan abang pacar gw
1,2024-04-01 05:33:28,jelek masuk akun
3,2024-04-01 05:23:37,koreksi baik
1,2024-04-01 05:02:18,kembali kaya
1,2024-04-01 04:53:28,bagus
1,2024-04-01 03:52:18,tau gabut
1,2024-04-01 01:02:50,diskord tolong lahhh gw udh log kali tetep kirim kode sms nya ajg emg
1,2024-03-31 23:21:37,nih gw number verify invalid udah bener coba lai udah benerkan ngebug stuck udah gitu sms unable dah
1,2024-03-31 22:38:35,tolong kagak masuk lengkap yuuuu uuuh
2,2024-03-31 16:46:15,rusak
1,2024-03-31 16:31:45,sarang bokep anak
1,2024-03-31 12:11:03,ayo tolong baik bug verifikasi nomor telepon masuk kode tekan tombol verifikasi respon masuk kode verifikasi tolong bantu
1,2024-03-31 08:35:56,oi gwa kga verifikasi pakai nomer oi koncol rm
1,2024-03-31 07:31:47,apk gjlas ajg akun g masuk g tll
1,2024-03-31 05:31:39,kembali discrod versi
1,2024-03-31 04:42:01,nya tolol suruh verifikasi mulluuuu tolol
1,2024-03-31 03:42:16,suka bug benerin
2,2024-03-31 01:00:11,susah login versi simpel tolong balik versi game tolong baik pc ama komputer lancar mobile tolong main tolong baik sistem login akun baru
3,2024-03-30 22:18:14,sayang bahasa indonesia
1,2024-03-30 21:38:38,game tolol gabisa login password ya password invalid ya password ya dasar gem tolol
1,2024-03-30 15:22:33,register susah udh bener bilang salah
1,2024-03-30 09:03:36,kembali ui versi
4,2024-03-30 07:36:59,tolong tambah bahasa indonesia
1,2024-03-30 07:19:53,update kali kecewa bug login udah verifikasi gmail notifikasi bikin fitur simpel ginikan bug hadeh
1,2024-03-30 03:46:33,pas login nya ribet susah masuk bnyk bug nya udh login suruh login ribet login nya
1,2024-03-30 03:05:07,suka gada notif buka
5,2024-03-29 22:27:07,ok puas mantap
1,2024-03-29 15:52:02,abal
2,2024-03-29 15:48:04,update bug ap coba
1,2024-03-29 13:45:53,update tambah lag internet tida ganggu
1,2024-03-29 12:13:07,sangatttt burukkk kecewa login sulittt
1,2024-03-29 12:06:09,login ajg babi bang kont lu
1,2024-03-29 07:14:43,update boros baterai cuy kagak
1,2024-03-29 06:30:51,jelek banget bikin lelet teruss sinyal baguss
1,2024-03-29 04:12:23,tarik bintang update nyaman tampil ui pilih bahasa indonesia
1,2024-03-29 03:54:49,akun gmn
1,2024-03-29 03:12:40,masuk daftar masukin kode error mulu dll turut nya dapet bintang
2,2024-03-29 03:09:04,alit speaker buruk
3,2024-03-29 02:18:22,versi coba rekam screen record hasil rekam keluar suara perangkat sistem android perangkat sistem android coba screen record hasil rekam keluar suara mohon baik
1,2024-03-29 01:57:44,benerin sistem udah verifikasi masuk
1,2024-03-29 00:05:01,sumpah semenjak update jlk bngt sumpah bnyk bug
1,2024-03-28 22:33:42,apk sirkel sirkel main dah
1,2024-03-28 15:51:19,login susah banget
3,2024-03-28 14:58:38,voice call suara wa
1,2024-03-28 11:36:38,muas versi baru bikin ribet pusing
1,2024-03-28 07:24:19,suara sy dengar temankuuu dasarrr
1,2024-03-28 06:58:02,login invalid nya invalid
1,2024-03-28 06:09:42,apk rusak login akun ribet jelek nya
1,2024-03-28 04:58:01,kasih kode nya dasar burikkk
1,2024-03-28 04:35:31,gajelas taii bisa akun udah daftar loginn
1,2024-03-28 03:20:30,masuk server banned server coba server
1,2024-03-27 23:18:36,nya tolong baik kode verifikasi nomor sesuai gmail tolong ngrepotin orang
1,2024-03-27 17:14:32,kualitas suara guna tws buruk harap improve
2,2024-03-27 16:10:29,voice channel udah gitu join udah kali tekan tekan bawah buka panel join voice nya itu banget panel nya susah banget tekan
1,2024-03-27 15:05:21,bug d uda nitro jaring lancar kirim foto g mb eror bangsad
1,2024-03-27 13:38:38,verifikasi lupa pw mlh g verifikasi anehh
5,2024-03-27 12:27:02,gue dapet temen apk
1,2024-03-27 10:40:27,bagus telegram si ribet
1,2024-03-27 08:36:48,suara voice output speaker terdouble pas main suara in game ikut terdouble pas udah nggak double suara voice ku kayak mute dh on voicenya nyaman make
5,2024-03-27 06:01:45,bagus udh temu terimakasih
1,2024-03-27 04:07:14,link join server expired mulu udh pake link new mas expired
2,2024-03-26 18:10:06,aneh gin wkwkwk salah sistem gitu kdang susah tekan dc bug
1,2024-03-26 16:29:31,respon one ui trbaru android lemottt responya
5,2024-03-26 15:37:48,bagus cari degem
1,2024-03-26 13:26:51,akun susah
2,2024-03-26 09:20:55,nya sesuai yakin udacoba login nga
5,2024-03-26 07:21:56,keren tim ku
1,2024-03-26 06:52:35,masuk link lewat bot susah bot muncul
1,2024-03-26 03:48:12,ngelag parah ui bontok
3,2024-03-25 23:01:59,plz add language indonesian
5,2024-03-25 21:44:16,bagus bagus banget fitur call
1,2024-03-25 17:40:54,bug truss kaga login udah reset password
1,2024-03-25 17:33:27,kecewa berat kena scam apt sagiri
1,2024-03-25 16:10:52,notip gantung dev nya kek kadang muncul kadang engga
1,2024-03-25 14:59:37,apk pntk login tanggal gbisa pler
1,2024-03-25 11:25:49,suka pencet gajelas tolong baik
1,2024-03-25 11:05:00,bad update
5,2024-03-25 05:33:58,bagus ya terkadang bug aneh ya semangat dev depan
1,2024-03-25 04:21:56,versi
5,2024-03-24 23:20:09,bahasa indonesia bagus
1,2024-03-24 22:00:44,apk anehh masak lagin kemabali akun tu ya data kaya pw tu dah simpan ku catat dll invalid akun googel no hp pas bikin akun kecewa lahh
1,2024-03-24 16:55:02,versi versi bug suara muncul
5,2024-03-24 16:26:35,bantu orang menyalahgunakan
1,2024-03-24 14:31:31,enak versi ribet
1,2024-03-24 13:45:36,voice suara headset aman internet aman tolong baik bugnya
5,2024-03-24 13:21:31,bagus lengkap tolong tambah bahasa indonesia
1,2024-03-24 13:05:31,bug kadang ngak pencet
2,2024-03-24 12:35:00,ntah knp play music suara jd mendem kek dalam air ngasih solusi
1,2024-03-24 11:36:50,masuk server tolong baik error bug nya biar guna kenyam discordnya please mohon kerjasama
1,2024-03-24 11:33:30,vertifikasi nomor telepon bingung nomor pakai akun lai
1,2024-03-24 10:27:35,kembali versi versi kurang nya bingung biasa
1,2024-03-24 07:44:20,selingkuh
2,2024-03-24 07:09:04,akun login pw nya ama email nya dah bener coba fitur login pake nickname
4,2024-03-24 04:08:34,tambahin bahasa indo nya bug nya tolong baik susah make nyaa
1,2024-03-24 03:14:00,login akun tolong kembali
1,2024-03-24 01:22:38,masuk bug pasword bener mohon baik kayak
1,2024-03-23 15:50:49,bug mic suara gw dengar
1,2024-03-23 14:59:19,login taru email nama password bak gue udah taru tanggal lahir gue ngak gue nonton you tube
2,2024-03-22 19:34:41,kaga swibe gabisa
2,2024-03-22 18:22:11,benerin bug nya dev kaga menu nih stuck chat
1,2024-03-22 17:19:10,gw tau update ui niat improve bug minor jg wajar sbnrnya banget bug ny dh annoying banget saking nya ringtone call gamau mati pdhl udh join call disconnected kirim file kadang buka menu nya layar nya potong abis rotasi strem menu option kek stream volume setting gabisa tap bug bug annoying yakali gitu bug tutup buka ulang
1,2024-03-22 16:06:40,masuk udah bikin nama pasword
3,2024-03-22 15:05:02,mohon baik connecting internet bagus lancar masuk telpon voice chatnya connectingnya ampe masuk suara gabisa interaksi teman mohon banget atas karna resah
5,2024-03-22 14:56:48,mantap
1,2024-03-22 14:26:44,stress patah
1,2024-03-22 14:22:08,ribet ajgg registrasi nya email dimasukin jugaa pepekk
1,2024-03-22 11:39:53,susah masuk kek sulit mulu masuk gagal tolong baik
1,2024-03-22 09:58:00,jing gw suruh verify mulu anjg gw bot asu bug udah kali gw ilang gara gara verify anjg balikin akun gw asu gw udah verify gmail no telpon rusak
1,2024-03-22 06:11:07,tololl minimal rilis android tuh diperhatiin bug nya diperbaikin berat doang beli nitro mahal dapet kek sampah
1,2024-03-22 04:47:04,daftar update buruk
1,2024-03-21 21:03:51,gagal terus verify by email
1,2024-03-21 09:17:23,apk apansi banget bngst login pake no hp no hpnya dinpake login discrod kirim kode verifikasi banget bikin apk niat
2,2024-03-21 07:46:43,maki ngebug banget pakai website biar ngebug nih udah gitu stream sharing kayak batas pulak kualitas boro boro optimizationnya jelek
1,2024-03-21 05:27:37,masuk kode verifikasi respon
1,2024-03-21 04:55:08,apk aneh login pakai akun tolong benar apk dlu
5,2024-03-21 03:20:34,keren anjir
4,2024-03-21 01:41:22,bagus ngelak boros internet tolong kerja
1,2024-03-21 01:14:25,tolongg gimana verify phone no kode udh masuk tombol verify nya bisaa pencett tolong baik
1,2024-03-20 21:45:59,verify email kode email nya kirim kirim udah coba pakai email gada kirim tolong developer bantu
1,2024-03-20 20:37:37,poko beda
1,2024-03-20 17:57:08,apk nya jelek login gakbisa gilir dah eror join server lawak
1,2024-03-20 17:12:47,verifikasi nomer gagal unable to send sms massage
1,2024-03-20 15:24:55,yemot suruh verify ditungguin ngga kirim sekali kirim expired goodjob
1,2024-03-20 13:53:18,tolol suruh masukin nomor nomor udah bener invalid number phone bego bego
3,2024-03-20 13:23:37,susah verifikasi nomor hp verifikasi no verifikasi kirim kirim
1,2024-03-20 12:53:40,periksa pas lg login registrasi gagal mulu asa susah banget masuk
1,2024-03-20 12:18:29,daftar nya ribet kembali layout bgst jelek kirim lingk lengkap
1,2024-03-20 11:17:04,ampe blm jg tuh fix layar landscape kamera tebalik
2,2024-03-20 11:06:24,udah ngelag jaring bagus tombol suka eror gmm si
1,2024-03-20 10:26:24,nomor telepon
2,2024-03-20 09:58:36,terima konfirmasi pesan sms nomer nomer salah
1,2024-03-20 09:43:35,cacat
2,2024-03-20 09:38:49,bahasa indonesia tolong bahasa indonesia
1,2024-03-20 08:53:09,bug mic
1,2024-03-19 15:51:37,tolong kembaliin lgi ku stabil update bugnya ya ampun kayak pencet pencet layar bug sabar sumpah gw mohon baik depan
1,2024-03-19 14:12:30,bugnya streaming
1,2024-03-19 12:10:32,apk error sok sok pake email
1,2024-03-19 11:28:18,tolong akun nama agent cat pls akun banned
1,2024-03-19 10:07:00,verifikasi nomor hp gabisa gw cmn doang gabisa eh gabisa
1,2024-03-19 09:15:36,jelek banget apk nya
4,2024-03-19 08:47:48,bagus training kereta dkid roblox
2,2024-03-19 07:26:21,bintang login masuk akun alamat email password nya developer mohon baik
2,2024-03-19 06:13:05,ajar dl kl bagus full bintang kl ngga bagus uninstall
1,2024-03-19 05:41:28,error gua log in akun gua pakai akun gua gua error gakbisa verifikasi jelek
5,2024-03-19 04:55:12,bantu
1,2024-03-19 04:43:34,ui baru jelek sulit guna
1,2024-03-18 21:27:29,akun diloginin udah sms verifikasi verifikasi aneh
5,2024-03-18 20:33:29,kurang bahasa indonesia
4,2024-03-18 16:52:44,apknya bagus teman
1,2024-03-18 16:23:21,apk dancok
1,2024-03-18 15:30:11,audio stream poco x nfc suara tolong baik
1,2024-03-18 12:46:58,enak
1,2024-03-18 06:56:27,bikinin akun susah banget bgsd udh pake nomor email masukin kode ttp trs ingat bodoh
1,2024-03-18 06:10:23,woila kirim foto sinyal aman aman tolong perbaikiii
4,2024-03-18 05:52:32,tolong tambah bahasa indonesia bahasa indonesia salah bahasa internasional ratus juta manusia bumi bahasa indonesia
1,2024-03-17 21:20:45,versi versi baik jelek kurang tolong orang aneh undang orang join server terus report hasil sistem block privacy settings tuju undang server
5,2024-03-17 20:55:48,gua chat yutuber seru banget
1,2024-03-17 16:49:19,tolol baikin verifikasi tolol delay lambat dasar tolol
1,2024-03-17 12:34:00,login nya tolong mudah susah password salah dah ganti ingat your not human halah kintil
1,2024-03-17 10:25:35,password email udah ganti password does not match malas banget udah bikin akun tolong baik
1,2024-03-17 09:50:50,kali pencet pencet
1,2024-03-17 08:26:03,niat bikin lu babi kirim pesan gabisa lancar apus lu play store niat perbaikin gin mah tolol
5,2024-03-17 08:06:26,b tp karna chatan gua sm star
1,2024-03-17 06:44:13,nge bug gmn dh udh change akun kali abis apa mna udh bkin akun kali lgi tp ttp kena trs tolong hpus fitur verifynya cpek bkin akun bru trs tp kena zonk mlu gmn main hrus verify email dlu kecewaa
3,2024-03-17 04:53:29,pas login kayak sulit banget sulit email udah login
1,2024-03-17 00:21:08,gajelas gw garu verivikasi ulang dc
2,2024-03-16 21:09:25,sedia versi lite ukur ringan tampil ui ux nya sederhana
1,2024-03-16 15:29:23,ampas register gabisa konfirmasi akun gabisa
2,2024-03-16 14:47:07,mohon baik crash apk nya
1,2024-03-16 14:03:46,add verifikasi email sandi masuk salah bikin nyaman tolong baik
4,2024-03-16 10:13:31,bug disconect suara kadang
5,2024-03-16 05:25:34,hibur
5,2024-03-16 05:05:08,bagus ui nya ribet
1,2024-03-16 04:10:29,bug benerin dlu anj
1,2024-03-16 02:48:05,login verifikasi email login akun ilang
1,2024-03-16 02:06:51,apk bututt
1,2024-03-16 01:29:17,verifikasi no hp ya
5,2024-03-15 22:37:20,ah ya selesai terima kasih aman fa tingkat sulit paham guna fa hehe
2,2024-03-15 20:54:18,bener gue dah log in suruh log in ulang tetep masuk gue akalin hari you tube tetep
5,2024-03-15 17:05:46,mula ajar buat website media sosial mohon tunjuk terimakasih
1,2024-03-15 16:27:40,gw benci sumpah tlol bet kode verifikasi pas masukin gabisa enter masuk kntollll
1,2024-03-15 15:05:43,hormat admin update kecewa karnakan bug mana menlogin tulis teks lag parah parah stack teks gerakin delaynya diupdate bagus pikir matang update asal teliti bug mohon baik
1,2024-03-15 14:43:49,tae ate login dadak mbulet ae
1,2024-03-15 12:40:38,cacat sampah benerin tuh bug verif phone ajg
1,2024-03-15 10:01:49,bug kadang fc kadang gambar nya geser kadang keyboard nya turunin
3,2024-03-15 02:11:36,bahasa indonesia plsss
3,2024-03-14 21:29:16,kecewa
2,2024-03-14 16:25:15,kembali fitur teman online
1,2024-03-14 14:01:10,akun pencet susah
5,2024-03-14 12:43:20,tps aman
3,2024-03-14 04:58:29,ngerti make gimasih monton kasih tutorial biar make
2,2024-03-14 04:15:02,
1,2024-03-13 22:44:45,ngemtod asuw kecewa tampil ui sulit fitur search kembali fitur usha bacot
1,2024-03-13 17:02:24,habis update jelek sistem
1,2024-03-13 15:48:40,diacord ribet verifikasi gmail
1,2024-03-13 15:33:25,nge bug disconnect sinyal bagus
5,2024-03-13 11:37:28,sya pw
3,2024-03-13 04:47:18,bug kayak livestreaming layar hitam
1,2024-03-13 04:28:50,gimana ya masukin nomor hp tulis unable to send message tolong baik banget apk anj emang
1,2024-03-13 03:17:15,susah banget pake verify email malas ulang ulang kali emang gimana verify email gimana
1,2024-03-13 01:46:25,ngk install kl iklan youtube bohong
3,2024-03-13 01:19:18,login susah
1,2024-03-12 22:07:23,kembali ui update tampil ui baru temu bug update baru streaming share screen video call tampil ubah mirror un mirror nya tolong baik
1,2024-03-12 16:41:37,bener apk daftar nya susah verifikasi sms kode udah gagal
1,2024-03-12 16:39:25,code kirim banget nunggu nya cacad
1,2024-03-12 13:45:28,bug anj verify sandi gw password cocok
1,2024-03-12 13:39:34,update bagus bug nya gimana sih
5,2024-03-12 11:44:45,alamak
1,2024-03-12 09:52:11,susahamat
1,2024-03-12 09:04:31,kyk kntol apk biar login ribet dongo dev nya
1,2024-03-12 06:36:27,apk berat banget gila hp spek dewa sampe macet update parah
1,2024-03-12 02:22:37,ui nya beda
1,2024-03-12 00:54:37,banyakin verifikasi ganggu banget
1,2024-03-11 06:36:38,upaya login sulit alas jadi layak bintang moga developer dengar keluh nya bilang bagus keluh selesai
5,2024-03-11 06:03:19,woi tol kau plagiat wa
3,2024-03-11 02:40:12,susah pasu password
5,2024-03-11 01:51:12,bagus voice call sma tmen dn ngobol sharring info orang negeri knp skarang ngirim stiker kdng ngk kliatan
2,2024-03-10 22:01:29,tolong oerbaikin login akun sandi salah udh simpen sandi udah ku screenshot kasih bintang tolong
1,2024-03-10 18:35:58,napa kali isi nomor hp error
3,2024-03-10 16:51:11,babi emang fitur hapus chat
1,2024-03-10 14:41:52,baik bug pas verif no hp bsa
1,2024-03-10 13:10:38,selingkuh
2,2024-03-10 07:32:55,pas add friend username sesuai
1,2024-03-10 06:48:40,update bug hdh
1,2024-03-10 04:32:09,jelek banget kurang nya pas login tuh susah pake no hp kadang code nya masuk ditek aduh baik kecewa berat nih
1,2024-03-10 03:07:14,discrod bug kaya
2,2024-03-10 03:06:38,apk jelek udah login gabisa
1,2024-03-10 01:33:14,bagus rusak nya aneh pasuk password email log in or password wrong you serious
2,2024-03-10 00:56:35,pake ngebug pas ngegame server login ulang gabisa email no telp udah bener tolong baik bug
2,2024-03-10 00:08:08,ngebug
1,2024-03-09 20:58:09,akun nomor kode salah tolol
1,2024-03-09 14:58:56,tolong baik
1,2024-03-09 13:06:38,bang gw share screen layar suara pake perangkat
1,2024-03-09 11:59:19,apa verifikasi no telpon
1,2024-03-09 09:40:20,ya verefy ngulang bug nya
5,2024-03-09 09:28:58,bagus tips copy password notes error parah pas login device
2,2024-03-09 06:40:32,udah oke update tampil update gua ringkas cek online susah ribet kocak
1,2024-03-09 06:39:58,update baru sekrang login gabisaaaa
1,2024-03-09 05:06:30,tombol perncarian servernya mana
5,2024-03-08 19:35:17,bangus main rolpley
1,2024-03-08 18:30:28,eh gua connection ig ig gua followernya
1,2024-03-08 12:52:23,login susah baik gampang kasih bintang karna login susah
5,2024-03-08 06:43:52,sih kaka cari informasi informasi pagil
1,2024-03-08 04:53:28,susah banget daftar jelek
1,2024-03-07 16:19:57,deh in game jdi lag
5,2024-03-07 14:13:52,keren poll chatingan wa ig
1,2024-03-07 10:06:18,super lag and bug
2,2024-03-07 10:03:52,tolong baik bug verify akun pas ngasi passworld akun salah passworld akun gua gua ganti masuk verify salah tolong baik
5,2024-03-07 07:34:49,ya kesini bug yaa open camera dimiringin landscape arahya balik sesuai hp dimiringin
2,2024-03-07 05:42:15,kali setel umur error mohon perbaikin
1,2024-03-07 04:02:14,bug log in kesall jelek
3,2024-03-07 02:21:04,obrol kawan obrol selingkuh
5,2024-03-07 01:16:52,sangatt cocok
1,2024-03-06 13:34:56,alah apaansi mo register sulit kode udah bener gajelas
1,2024-03-06 13:16:27,sampah
1,2024-03-06 12:51:40,apk haram anjlng bagong
5,2024-03-06 10:22:59,apk menganggu
5,2024-03-06 07:14:18,lbh mudah lbh
2,2024-03-06 06:58:41,kali kali update tetep sedia bahasa indonesia canggih nih developer
3,2024-03-06 06:51:21,pulak daftar
5,2024-03-06 01:16:29,nonton bokep oke
1,2024-03-06 00:38:07,betmut gajelas bjirr
1,2024-03-05 18:08:26,susah banget masuk discordnya pakek verifikasi error tolong update hilang bugnya
3,2024-03-05 13:38:41,ui baru jelek
2,2024-03-05 12:55:00,harap colab gaming hub hp samsung karna mudah komunikasi teman game dluuu
1,2024-03-05 10:57:13,nya install izin dlu
1,2024-03-05 08:02:05,buka
5,2024-03-05 05:01:11,apk bagus
1,2024-03-05 00:49:38,tek
2,2024-03-05 00:22:23,aneh yah suara nya pas lobby erro hp bawa sih
1,2024-03-04 17:58:37,banget
1,2024-03-04 16:50:40,aneh coba verifikasi nomor handphone password salah coba login lupa password kirim email pesan
3,2024-03-04 16:49:04,update bug login pakai wifi hadeh
1,2024-03-04 09:52:11,ko putus putus wifi lancar ko
3,2024-03-04 08:53:59,tolong fitur reset audio guna mobile handphone windows
1,2024-03-04 07:58:36,login ya udah masukin email password new login location detected please check your email ya udah bener kasih bintang
1,2024-03-03 14:42:39,register mala buatin accountnya
3,2024-03-03 11:20:28,tolong optimalisasi ui nya ngirim gambar video muncul pilih nya device xiaomi
1,2024-03-03 09:48:51,baru banyak diley tampil tarik
3,2024-03-03 08:04:34,pas register masuk kode otpnya ribet
1,2024-03-03 07:53:07,login tolong baik
3,2024-03-03 06:50:15,simpan video udah bagus sih kadang video buka download simpan peyimpanan
2,2024-03-03 05:44:15,tolong kembali versi berat jalanin android kelas tengah main voice terkadang suka bug pas ting server
5,2024-03-03 04:16:27,info
1,2024-03-02 17:21:25,daftar
4,2024-03-02 13:47:56,tambah fitur hapus chat pesan
1,2024-03-02 09:47:24,fitur report chat apa apain udah report chat ras konsekuensi
1,2024-03-02 08:48:29,apk ngk
1,2024-03-02 08:09:10,verification dl pdhl udh pencet verify with phone udh masukin no telp ny trus ad kode tuh masukin g bisa pencet tombol verify nya jd tolong hapus fitur verification nya
1,2024-03-02 04:00:17,kembali versi versi masuk ribet gagal deplover update fix kacau bug tolong fitur bahasa indonesia
1,2024-03-01 22:47:56,gabisa register udah lengkap
3,2024-03-01 18:24:25,mbuhlah ora ngarti
1,2024-03-01 17:30:34,banget bug join voice masuk dc
1,2024-03-01 16:37:53,suara apk dpt dengar temen banget ngestay apknya asli dah ku bug apknya engga dukung buruk ios android bugnya engga worth apk asli dah
1,2024-03-01 16:15:22,masalah verifikasi rumit
1,2024-03-01 14:22:40,login email nya salah kah no hp ku salah la code salah email no ku bener
1,2024-03-01 13:17:56,bikin forma game lancar
2,2024-03-01 12:59:29,gimana coba gua udah coba bisa berhentiin nitro tolong discorddd
1,2024-03-01 12:48:20,bagus ngeleg anying
2,2024-03-01 12:13:41,update
3,2024-03-01 10:52:14,rugi gw beli nitro fitur animated avatar costume profile cari tutorial youtube bantu tolong baik fitur mobile phone
1,2024-03-01 10:44:39,oncam hp kamera balik ganggu bincang teman tolong langsung fix
1,2024-03-01 07:36:22,kode verifikasi nya invalid udah terima pesan nya
1,2024-03-01 07:18:51,nyusahin login akun udah susah susah tutor nyusahin mudah login akun lagiii
1,2024-03-01 07:08:12,kasih coba nitro gratis dapet doang dapet adil bintang tempat bersirkel
2,2024-03-01 05:20:29,ngetik kadang gabisa sent kadang ken message temen gabisa doang
5,2024-03-01 04:06:55,gpp gabut gw
3,2024-03-01 02:51:23,fitur switch akun biar ganti akun gampang logout login terus
1,2024-02-29 23:28:03,link grup nya explain grup discor hilang grup
1,2024-02-29 23:17:33,bug kadang alih menu relog
3,2024-02-29 16:08:56,update nya bagus buruk buh nya tolong baik developer nya terimakasih
1,2024-02-29 15:00:43,mendowload pemberitahuan email tolong min
3,2024-02-29 14:59:02,verifikasi nomer tolong
1,2024-02-29 14:08:35,udah gila gw req bahasa indonesia denger
3,2024-02-29 08:37:19,bagus teman rekomendasi teman fb susah teman kecuali server teman
5,2024-02-29 08:18:07,bahasa ditambahin bahasa indonesia
2,2024-02-29 02:44:55,knpa verifikasi email ya login nomer telfon haduhh
2,2024-02-29 02:21:08,kasih coba
3,2024-02-28 23:02:02,update trus mendownload file force close alias apknya gitu
2,2024-02-28 14:50:08,update suram
5,2024-02-28 12:22:41,makasih udah bikin bagus hehe bug
1,2024-02-28 11:45:01,bug kode verifynya pas dimasukin salah trus
1,2024-02-28 04:30:50,update mulu lambat
4,2024-02-28 04:14:10,susah daftar
5,2024-02-27 16:15:23,bikin pacar gua marah anjay
3,2024-02-27 14:55:43,daapt bintang setal update terkakhir ketik main game pakai cakap teman putus menit data seluler wifi
4,2024-02-27 13:23:57,sih hapus mode mute tu
3,2024-02-27 01:40:48,setel ui susah nyaman tinggal geser kan liat membernya tambah patah patah sih
2,2024-02-27 01:08:27,tolong kasih fitur bahasa indonesia
3,2024-02-27 00:21:28,kasih bintang bug nya hilang devolepernya tolong knp telpon ama temen trs maen game apk nya disconet trs masuk nyambung trs maen game aman aman disconet tolong baik bug nya
3,2024-02-27 00:20:55,sulit discor tolong adakan terjemah bahasa indonesia
1,2024-02-26 23:28:57,kembali ui
1,2024-02-26 16:06:23,aneh update jelek tahan overlay mending
4,2024-02-26 14:45:15,selesai terima kasih
5,2024-02-26 14:42:04,main
1,2024-02-26 12:57:20,dc gua suara dah
1,2024-02-26 12:42:38,kntl pencet pas main ml
5,2024-02-26 11:12:57,bagus online server periksa fitur slide kiri server member list online server
1,2024-02-26 11:09:41,sinyal bagus dak buka nya
1,2024-02-26 09:14:23,gabung
1,2024-02-26 08:24:29,login email password nya coba kali kali
1,2024-02-26 07:23:52,apk asuuu ribet ajnnngggg login susaah
1,2024-02-26 04:08:30,ios window aman android paaaaraaaaahhh
3,2024-02-25 22:37:24,bug lag bagus
4,2024-02-25 18:25:48,apk bagus simpel harap pilih bahasa indonesia nya
1,2024-02-25 16:13:58,verify code sih udh bener loh aneh banget gabisa ngobrol smua server
1,2024-02-25 15:15:43,bug teroosss udah fix bug lagi
1,2024-02-25 15:06:19,login ulang ribet
1,2024-02-25 14:59:45,kembali ui lamaa tolong enak susah bug nya
1,2024-02-25 14:52:22,make headphone tambah telpon suara suka gada gada gitu aman suara tiba ilang suara
1,2024-02-25 13:21:03,tolong sih login susah banget bikin ribet tulis kek gin lokasi login deteksi sila periksa email mau apain woy paham
1,2024-02-25 10:30:16,napa dah suruh verify by phone pas udah masukin number nya kgk
3,2024-02-25 06:44:50,dev hormat mohon maaf bintang verify no hp kode kode masuk kode verify tolong baik
1,2024-02-25 06:33:43,banget pw email nya tolol
5,2024-02-25 04:25:59,bagus teman rangin harga nitro nya harga nitro nya lumayan mahal
1,2024-02-25 04:04:14,udh coba login nggam gmail nya udh bener emng aneh ni apk
1,2024-02-24 16:20:04,ui resah tydak nyaman fix uninstall pakai versi
2,2024-02-24 13:15:31,akun bikin akun nomer telpon nya kode nya cepat kode nya tempel nomor
1,2024-02-23 22:31:52,pas loginin akun verify nya klik
1,2024-02-23 17:59:41,buruk dk bise login
3,2024-02-23 17:57:45,tolong tingkat
5,2024-02-23 17:47:49,bokep isi
1,2024-02-23 15:46:28,buruk sulit daftar no telpon log in bug sulit guna
3,2024-02-23 15:09:23,pas klik emote stiker emote tablet bug
1,2024-02-23 14:44:56,guna dc kompatible main game update kadang disconnect biar muncul suara uninstall terimakasih alam
1,2024-02-23 13:15:28,ui
5,2024-02-23 06:41:40,gara gara buka fluxus exploitasi roblox gampang
1,2024-02-22 20:50:40,bahasa indonesia
3,2024-02-22 18:06:23,mwnggunakan verifikasi nomor telepon suruh verify email pulih akun kirim support kali gubris
1,2024-02-22 10:26:01,tampil jelek banget liat temen grup online mending tampil bagu diupdate buruk bug
1,2024-02-22 10:09:47,rusak akun
1,2024-02-22 01:37:08,bug ngak
1,2024-02-21 15:10:06,jelek tampil sulit temu salur pilih
5,2024-02-21 13:59:16,lanjut mahrusoke
1,2024-02-21 10:42:02,ui jelek updatenya ngejelekin ribet
2,2024-02-21 05:19:05,eror hp contoh masuk ngeload pesan server ikut kadang freeze force close kali update biar
5,2024-02-21 05:10:52,lu ter kbaik
1,2024-02-21 03:05:08,ken login mulu aneh asa lancar lancar
1,2024-02-21 00:23:03,bs ngirim email sih lu masuk masuk masuk link expired login ae susah anjir
1,2024-02-20 18:04:56,plis dengerin ulas penguna ui tampil kembali kasih guideline apa biasa ui tampil fleksibel ui baru susah penguna salah tekan tombol ui tampil baru fleksibel ribet
1,2024-02-20 16:52:55,balikin feature layout update memperibet
2,2024-02-20 15:44:32,wkwwkwk gg upload foto ya ngasih bukti foto tau kasih b
1,2024-02-20 14:57:07,ngirim gambar stuck kirim sinyal lancar tolong fix
1,2024-02-20 09:34:41,daftar langsung disable
5,2024-02-19 23:34:00,mantap banget
1,2024-02-19 16:42:42,usaha karna ken dptkan salah pangkat til hero legendaris akun sulit login pesan developer dlm games sulit pwmain mwct turnamen games modern warsip ber angsur sepi main udh bosan pesan treakhir games bagus sialllllllll
1,2024-02-19 15:36:41,update ui xiaomi jelek banget audio kedetect
5,2024-02-19 15:22:07,bug voice
5,2024-02-19 12:34:32,tolong tambah fitur report scammer lapor tipu
5,2024-02-19 03:43:41,apk rusak bikin selingkuh have fun digame curiga ama dc
5,2024-02-19 01:25:52,maaf nya nge jelek kin apk cuman login bikin akun ko masuk ya kaya nya ngebantung hp
1,2024-02-18 17:19:41,balikin ui swipe kanan kiri member online layak versi desktop
1,2024-02-18 13:49:52,knp share screen pdhl ps update
3,2024-02-18 12:19:40,apk nya aman aman pas live lag nya parah banget tolong baik cuman chat seru
3,2024-02-18 11:41:53,muncul notifikasi mohon baik terimakasih
5,2024-02-18 11:18:08,main seru syukur permainanya gratis
1,2024-02-18 10:03:23,jelek apk ny aj udh daftar log out eror ni apk ny
1,2024-02-17 15:32:19,bug buka mic suara buka apk tolonh baik
1,2024-02-17 14:04:06,bug monyet
5,2024-02-17 12:20:14,ez tjhdcdetuju si si si si si si si si si si si si fakultas ilmu komputer teknologi fakultas dokter universitas udayana o o l
1,2024-02-17 10:33:56,daftar akun
1,2024-02-17 09:31:21,login susah payah
1,2024-02-17 09:01:50,apk buruk login gabisa
3,2024-02-17 07:41:48,emng bener bnyk bug sih dc tolong perbaikin deh biar entr kasih reting yah
4,2024-02-17 05:43:32,bagus selingkuh cuman tahu awoakkawkkwoaka
1,2024-02-17 04:01:10,min handphone dapet kode otp verifikasi
1,2024-02-16 22:26:11,dunia makna udah gaguna log ribet gua kasih bintang kecewa
3,2024-02-16 18:40:53,update nya susah user mobile mohon bantu sempurna delay bug kain nya gagal join voice teman
1,2024-02-16 17:33:14,bring back the old design and ui banget bug cari video putar update canggih jelek bug kecewa duit mulu
1,2024-02-16 15:02:29,suara gada anj update doang tp dibenerin login ribet pas tinggal verifikasi sms gada sms masuk lol
5,2024-02-16 13:34:37,update language indonesian bro
3,2024-02-16 09:22:25,gabisa login ya
3,2024-02-16 07:36:27,tolong tambah fitur alih akun
1,2024-02-16 07:16:39,ta udah masukin an
5,2024-02-16 00:09:50,bagus orang nya main circle
1,2024-02-15 23:05:35,apl apasih kocak tolol wkwk kode gamasuk ribet anj main nih dc burik
5,2024-02-15 18:55:41,kali appnya appnya bagus cari teman jg group dalam bs sharing vidio jg live stream
1,2024-02-15 17:53:51,apk nya buruk epep
1,2024-02-15 17:50:51,apk mu koyo asu jnck main game jmbd
1,2024-02-15 16:45:40,maap ya login nya ya email password nya udah download dah gw mahh rawrrrrrrrt
1,2024-02-15 14:18:44,please lahh jgn verifikasi email akun baruuu
2,2024-02-15 12:46:07,sayang nya bahasa indonesia
1,2024-02-15 12:23:17,update gajelas pantes rating nya turun
1,2024-02-15 11:48:34,gabisa login nomor udah bener
1,2024-02-15 10:56:03,ampad
1,2024-02-15 05:56:13,gimana sih dah log in ulang kali dah daftar ku habis password ulang pas dah verifikasi udah ekspired paksa teman jam jam log innya tolong baik error malas kasih bintang kasih bintang komentar kasih
3,2024-02-15 03:17:29,crash
2,2024-02-15 02:27:58,dah verfikasi nomer kode nya dah bener dc cacad woi benerin
2,2024-02-14 10:37:48,sandi ama al mat email ter bilang nya salah
1,2024-02-14 09:45:30,tolong verifikasi akun gmail nya baik nunggunya banget login doang
1,2024-02-14 08:01:09,
1,2024-02-14 04:25:23,aneh simpel
1,2024-02-14 04:21:33,coba gimana sih ni bener kode nya udah bener tulis koda valid udah kayak kirim sms
1,2024-02-14 01:31:14,kembali ui please ui ribet contoh nya delay fitur search download video geser geser ribet honestly as an editor i feel disappointed with the ui now it s comfortable
1,2024-02-14 01:19:15,login terima
1,2024-02-13 23:03:21,ultra rare dah coba restart hp nya kayak kurung penjara ngapa ngapain bug manuk akal bikin akun login liat chat orang
3,2024-02-13 22:36:12,kembali layout
3,2024-02-13 20:42:41,apk nya dh bagus cmn saran ganti foto profil nya gnti min support ganti profil dc
2,2024-02-13 15:11:25,versi layout baru enak suka layout versi
1,2024-02-13 14:47:40,layout aneh banyk bug nyari search vidio media bsa pencet layout more gold than the new one
1,2024-02-13 13:00:50,apk nya buruk bocil om iklan bug signal and apk buruk
1,2024-02-13 12:19:06,payah
2,2024-02-13 11:19:27,semenjak update berat devs tolong perbaikin ui
3,2024-02-13 09:58:00,lumayan seru gw butuh minggu login
1,2024-02-13 08:20:26,join server ribet banget kayak
1,2024-02-13 07:36:21,ribet join server ni apk
5,2024-02-13 06:51:41,moga depan nya
4,2024-02-13 03:06:45,tambah bahasa indonesia
1,2024-02-12 14:15:50,asuu akun terussan kena verification required asuu tenan raiso dk benakno tolol
4,2024-02-12 00:02:55,banyak fiturnya bikin ribet
1,2024-02-11 17:08:16,kembali ui
1,2024-02-11 14:05:21,login susah anjg
1,2024-02-11 13:21:45,sampah gagal verifikasi kode salah tolong baik bruhhh
1,2024-02-11 12:36:43,y kecewa login ulang ganti sandi ip kadaluarsa verifikasi masuk bintang paksa uninstall terimakasih lanjut
4,2024-02-11 12:33:22,kali share screen audio patah patah koneksi lancar ganggu audio terima teman patah patah fitur voice chat ikon microphone rekam suara pencet kirim pesan suara rekam jujur suka sebu suka terimakasih
1,2024-02-11 11:06:59,bug verify email kirim tolong benerin
1,2024-02-11 07:24:52,apk apasih sayaa dah coba register gabisa guogel sandi salah udah ganti kali anjjj truss nomerr waa suruh masukin code kirim msukk ngehabisin kota apk lelet kek kontoll lagi benerinn yas lolot
5,2024-02-11 02:35:57,robox wow keren liang cha yes go
1,2024-02-11 01:03:49,bug pencet slow respon dll
1,2024-02-10 19:01:21,halo ya masuk sandi update your password salah trus coba reset pw salah reset salah ya pdahal masuk sandi teliti pasang nya
2,2024-02-10 18:02:51,login nya susah login kali kali
1,2024-02-10 12:16:09,ui baru jelek titik
5,2024-02-10 11:54:11,ramah
2,2024-02-10 10:22:43,react
1,2024-02-10 09:11:31,register kode verifikasi masuk sms hubung via email tanggap
1,2024-02-10 06:21:32,gagal updete nya
1,2024-02-10 04:15:30,woi celeng gua join voice call suara patah sinyal wifi gua bagus benerin woi celeng
5,2024-02-10 03:12:04,bagus main
1,2024-02-09 16:55:08,pemrogram lawan kerja jijik catat ya
1,2024-02-09 12:44:15,bug nya parah kirim foto bufering trus pdahal jaring lancar
3,2024-02-09 12:41:52,masuk masukin password tulis password does not match mohon tunggu
1,2024-02-09 10:36:37,tolong baik sistem log in nya karna email salah anggap salah
1,2024-02-09 10:29:58,register loading tinggal jam tidur loading
5,2024-02-09 09:02:53,bagus bug
1,2024-02-09 09:00:13,jelek banget problem pake wifi g ngirim pesan wifinya apk lancar tp pake data ngeselin banget sayang kuota gue doang
1,2024-02-09 06:55:45,apas cok ah masuk trus
5,2024-02-09 04:57:08,pe
1,2024-02-09 03:03:50,usak hubung orang
1,2024-02-09 01:46:09,update jelek masuk akun komputer hcaptcha
2,2024-02-09 01:20:43,development tolong kembali akun dikarnakan akun muat informasi login akun sy akun jg login verif email sy pdhl sy sudh verif tpi ttp pulih akun sy
1,2024-02-08 15:19:55,hey discoeg kenape updatemu sampah gue pas buka notif salah topik lompat grup ah gaje lu coba
4,2024-02-08 14:11:58,tolong kasih bahasa indonesia gw paham weh
3,2024-02-08 08:55:45,mohon adakan guest
2,2024-02-08 07:40:55,seru ngeselin verifikasi udah ganti email tetep
1,2024-02-08 02:01:53,bug tolol pas masuk room nya kamera nya miring bikin bug benerin tolol
1,2024-02-07 18:39:49,nge bug
1,2024-02-07 15:10:54,ngelag ora karuan
4,2024-02-07 11:43:23,lumayan
1,2024-02-07 10:47:00,apk tombol kirim pesan
5,2024-02-07 09:20:55,suka
5,2024-02-07 06:12:29,suka banget nya mudah paham daftar nya gampang
2,2024-02-07 04:12:08,kira update baru bagus buruk bug voice dalam game berat notifikasi server muncul banget notifnya update enak pakai nya tolong developer baik bug
1,2024-02-06 18:47:15,abis update ccd
2,2024-02-06 11:01:12,terjemah bahasa indonesia lemah
5,2024-02-06 10:59:54,dah baik
1,2024-02-06 10:01:59,balikin ui bagus ui jelek banget ribet co
1,2024-02-06 09:00:18,woy bgst suara gw mic gw bagus aneh jnck
1,2024-02-06 07:36:40,gakjelas kayak
5,2024-02-06 03:18:30,assalamualaikum bang nyaman gmana ada opsi pilih jam temen bingung sistem jam mohon timbang bang
5,2024-02-05 21:35:01,bahasa indonesia nya ya trimakasih
1,2024-02-05 14:29:06,redmi note masuk gerak kayak bug auto uninstall
1,2024-02-05 11:39:22,mending muter macet sip pokok maceeeeett
1,2024-02-05 09:36:23,perihal login logout susah bet mls
4,2024-02-05 07:33:42,suka
3,2024-02-05 04:44:47,dev balikin layout kagak ngecek komunitas
1,2024-02-04 15:04:00,update sistem login susah banget gw membership deankt susah liat replay gara gara nih
5,2024-02-04 14:56:09,apk nya mantap akun masuk login ulang kediscord
1,2024-02-04 14:34:56,apikasih buruk
1,2024-02-04 14:19:54,ngebug mulu
2,2024-02-04 13:07:33,akun bot ken akun susah
1,2024-02-04 10:59:00,bersirkel
5,2024-02-04 08:32:39,ok bantu
3,2024-02-04 05:51:13,bagus tambakan bhasa indonesia untung orang indonesia
1,2024-02-04 03:41:15,apa layout nyaaa bagus bagus pas update teruss error kembali akun sayaa banget verifikasi nyaaa bikin akun susahhhh emang rusak nyaaa
2,2024-02-04 03:30:05,kembali ui nya baik kembali ui nya
4,2024-02-03 23:57:47,download ulang udah lumayan bagus normal gitu kadang kadang gambar susah buka kadanng kadang
3,2024-02-03 23:55:03,ya lumayan bagus tp nya gua mendowload game susah bet hp gua gua banting
1,2024-02-03 17:09:36,apk jelek temu teman grup apk aneh download burik
1,2024-02-03 16:41:24,invalid phone number login apk lancar pas login support login udah passport salah udah username salah
1,2024-02-03 15:58:41,liat list member gimana bgst
5,2024-02-03 15:28:55,mantul sih suara nya bot nya mantul
1,2024-02-03 15:04:20,dc
1,2024-02-03 11:43:11,bagus versi yamg baru nya susah pas nyari bug
2,2024-02-03 03:43:46,mohon baik verifikasi nomor telepon region indonesia gw muak bug ganggu
4,2024-02-03 03:15:33,untik nambah teman ama bule bagus ni
5,2024-02-02 17:09:26,bagus
1,2024-02-02 16:52:55,balikin akun susah nyuruh check gmail tpi messagenya delay menit gilir udh pencet verify expired anjjj
1,2024-02-02 15:01:19,bugnya update
1,2024-02-02 14:32:14,update nya pepek
2,2024-02-02 12:51:44,bring back old ui pls susah liat teman online tab repot
1,2024-02-02 12:41:36,ribet daftar member dulunya geser kiri tekan tombol tombol channel animasi bikin
4,2024-02-02 12:27:20,kali join grup pakai verifikasi langkah email telepon kali masuk nomor telepon invalid mohon bantu
2,2024-02-02 12:13:01,upgrade lot baik bug servernya lot
1,2024-02-02 11:51:48,login akun bacot suruh confirm robot udh kirim sms muncul
1,2024-02-02 11:42:24,tau guna download nyobain dlu abis kasih rating ya
1,2024-02-02 04:19:43,knp sih kode nya invalid mulu heran gue mmk
5,2024-02-01 14:05:08,jos ngeleg
1,2024-02-01 13:25:24,wajib bahasa inggris
1,2024-02-01 11:04:12,log in log in udah info asli loh maen kasih bintang masuk kasih bintang udah kasih info asli pas pencet create an account muncul tulis unable to register ku ulang kali unable to register masuk kasih bintang
1,2024-02-01 07:37:26,kesini berat lot si pake hp ram
2,2024-01-31 17:25:04,bagi foto video
3,2024-01-31 13:47:22,min update min wifi data
5,2024-01-31 13:14:53,coba make luas komunitas teman beda smp moga serta biar rame
1,2024-01-31 08:33:04,burik
1,2024-01-31 02:44:20,log in susah banget sampe sampe masuk apk
1,2024-01-30 18:08:09,discordnya gajelas orang denger suara gua gua denger suara
3,2024-01-30 14:00:31,tambah atur bahasa indonesia
1,2024-01-30 12:17:20,update rusak suara bising ngga kedengeran skarang kedengeran kyak suara kendara suara mesin bocorr
2,2024-01-30 11:09:24,oi gw pas verifikasi change email suka gabisa dah pencet padhl dah bener email nya gimana si
1,2024-01-30 07:41:44,taii butuh verifikasi udah gua masukin kode gabisa bisaa kontoll
1,2024-01-30 07:38:27,palikasi burukkkkk sampe marah
1,2024-01-30 07:29:35,woi su masak nomer verivikasi nya kirim
5,2024-01-30 05:23:20,terinstal
1,2024-01-29 23:17:45,mah pas registrasi pas udah muncul kode masukin kode nya ehhh expired gimana sihhhh jelasss
1,2024-01-29 22:44:52,ni apk aneh bener dah gw udah kali verify no telpon hp gw kait no hp akun mana kadang jaring verifynya jaring wifinya lancar
3,2024-01-29 22:27:21,registrasi pakai nomer masuk code pencet
1,2024-01-29 17:26:02,bahasa indonesia nya
1,2024-01-29 14:34:57,si co salah mulu login akun maksud kek akun login dih
1,2024-01-29 13:23:10,susah banget login email doang
1,2024-01-29 13:10:08,login gabisa vertif email udah reset passwd udah kesini gaguna nih
1,2024-01-29 12:00:21,berat bahasa batas
1,2024-01-29 10:21:35,masuk udah kasih code
2,2024-01-29 00:09:09,masuk kode klarifikasi
1,2024-01-28 18:56:25,gua login udah ganti pasword mau sih jelek bagus gajls bangettt sumpahhhh
5,2024-01-28 16:53:23,bagus
1,2024-01-28 15:43:37,bug update
1,2024-01-28 13:55:38,woi gua udah masuk kin nomer hp gua pass verifikasi pencet bikin tuh bener
1,2024-01-28 13:21:56,banyak bag nonton video suara nge redup lag lag
1,2024-01-28 11:57:46,pas update lot bgst
1,2024-01-28 10:19:23,pas call keluar g jls ni baik alhasil henti call nya
1,2024-01-28 10:15:31,dev plis kembali tampil
1,2024-01-28 09:34:51,berat ni apk tolong benerin biar berat
1,2024-01-28 07:11:02,bagus
1,2024-01-28 07:06:13,apk dc kyk dlu lot kyk dlu lancar jaya npa kyk dlu sih ni apk dc ny
1,2024-01-28 03:13:51,sing up nomor telepon terima sms
1,2024-01-28 01:36:20,aneh sandi udh ganti tetep login muas nih
5,2024-01-27 21:47:42,suka desain modern mantap developer terimakasih
1,2024-01-27 19:09:41,login verifikasi phone ampas
3,2024-01-27 16:29:49,opsi bahasa indonesia
1,2024-01-27 15:51:41,balikin layout nya oi g kecilin suara orang susah aneh bet balikin
1,2024-01-27 13:59:04,adil bahasa indonesia sedia
1,2024-01-27 12:21:36,fitur search balikin bang
5,2024-01-27 07:57:40,game nya bagus nikmat main nya
1,2024-01-27 07:28:32,kontl nya buruk
2,2024-01-27 06:24:58,bingung
1,2024-01-27 05:12:22,hai cord gimana login invalid pake nomer email password nya gw ganti ganti pake register hancur unable
1,2024-01-27 02:00:23,sadik banget ngebut error
2,2024-01-27 02:00:03,sedia bahasa indonesia
1,2024-01-27 01:19:48,gagal masuk authentication code appnya
1,2024-01-26 20:43:54,ngebug anjink grub tau spam notifikasi chat bnyk banget
1,2024-01-26 13:41:54,cewe gua apl nya selingkuh gua rate
3,2024-01-26 12:59:22,admin voice nya alami bug masuk suara
1,2024-01-26 12:36:12,bug nya banget
5,2024-01-26 12:07:57,sentuh
2,2024-01-26 06:56:43,ui berat android saa main hilang tolong solusi
5,2024-01-26 06:10:18,bang dc nya udah penuh
1,2024-01-25 19:23:33,ribet bngt anj mo login
1,2024-01-25 17:53:36,males bahasa indonesia
1,2024-01-25 16:26:29,semenjak mobile tampil rubah mobile ngelag delay fitur hilang member voice call member list fitur pilih guna tampil mobile
1,2024-01-25 14:46:31,suara voice nya jelek banget hape jernih
1,2024-01-25 14:14:25,bug connecting suara kedengeran
1,2024-01-25 13:36:46,pake ganti akun mulu males masuk akun udah kali ganti akun resah
2,2024-01-25 13:36:25,ui layout nya enak banget sumpah pas mini size compatible gabisa masuk voice kadang nge bug open mic layout nya oversized mas enak ui
1,2024-01-25 13:05:57,tolong sampe email login gabisa gilir no hp bilang sent code verifikasi gua tungguin sampe menit emang sampah
4,2024-01-25 11:09:06,lumayan bagus masuk grup game main voice gampang komunikasi dalam game nambahin ui kayak apk nambah berat udah
5,2024-01-25 09:05:14,gamenya bagus top top segitu ajah ya
1,2024-01-25 07:19:38,cobak gilir verifikasi gabisa masuk kocak mes
1,2024-01-25 05:45:05,anjg udah nunggu sms kode ampe sih anjjj cacat
1,2024-01-25 02:45:18,gaje wifi kenceng connect kalah data pake g
1,2024-01-24 15:36:55,akun susah ampun
1,2024-01-24 14:28:37,pilih output android speaker akibat dengar bicara channel voice headset lepas headset muncul bug samsung galaxt note
1,2024-01-24 13:58:52,nya ngebug suara
2,2024-01-24 13:52:37,log in hapus akun akun suruh tulis password berulangkali orang akun nonaktif disabled alas nyambung aksi buat
1,2024-01-24 13:19:24,udah ku check device ku tetep susah plis kembaliin login mah susah banget akun ku
1,2024-01-24 10:21:09,tab search server dihilangin mudah bikin ribet koplak kasih bintang udah gw kasih
5,2024-01-24 04:59:52,teman join grup apa game trade orangnua sopan
1,2024-01-24 04:13:20,tolong tambah bahasa indonesia terima kasih
1,2024-01-23 15:01:41,update ngebug mulu
1,2024-01-23 14:05:20,aneh hp spek gaming ngelek buka ni pdahl wifi lancar lancar aneh
1,2024-01-23 11:11:24,loginnya susah verifikasi pas tap linknya expired
1,2024-01-23 04:44:15,gima discor gua log out akun utama gua login ulang tulis gin email does not email gimana tolong baik
5,2024-01-23 04:25:31,bagus banget detail ngobroll dll
1,2024-01-23 00:37:37,user interface versi baru guna repot cari pesan status member ui gaada suka user interface praktis ringan
1,2024-01-22 23:40:23,sinyal gw bagus ram napa lag parah gin dah
1,2024-01-22 23:36:40,update nya nambah ribet
1,2024-01-22 14:19:33,tampil ui buruk sulit cari pesan pesan campur channel
1,2024-01-22 12:56:01,bodoh
3,2024-01-22 12:04:54,login ae tolong baik developer
1,2024-01-22 12:04:28,aneh ya update aneh issues wired headset bluetooth tolong fix
2,2024-01-22 10:31:17,serius astaga bikin nguji sabar nih kemarin udah tekan speakernya nggak hadeh serius dah
5,2024-01-22 10:23:09,bug update baik notifikasi taf baca baca
1,2024-01-22 08:43:52,pake s ultra tb ngangkat game berat libas kanan aneh servernya mohon update
2,2024-01-22 08:22:41,bagus sih bahasa indonesia nya
1,2024-01-22 07:54:20,tolong kembali layout bgst suka layout bug temu pas ngirim pake link video lengkap ya teks nya link teks warna biru gitu dah update nya buruk rusak lupa tambah fitur playing game biar nyaman
1,2024-01-22 07:37:48,susah login akun suruh klik gambar motor foto nya
5,2024-01-22 05:22:56,lumayan bagus terus
2,2024-01-22 01:10:47,suara putus dengar
3,2024-01-21 18:50:06,cari video versi tarbaru buruk nyari video cek ngulang capek bulak balik
1,2024-01-21 15:38:33,masak login kagak mulu udah sakit nih heran gw udah verifikasi login kagak gelap bet gelap
1,2024-01-21 14:11:21,update server lag parahh
1,2024-01-21 13:34:24,susah log in pake email hrs kali cari tmen kontk mncul jg bbrpa doang g bs search jg susah pkokny enthlah
5,2024-01-21 12:34:24,bantu ngajak mabar teman ngen
1,2024-01-21 12:33:09,tololll ribet loginnya udah masukin email baca email already register ribet tololll
4,2024-01-21 07:11:22,masukin kode si
3,2024-01-21 07:09:19,masbro kaga maksa saing tampil kyk tampil doang bagus fungsi bug maksain tampil fitur nyaman banget pake obrol baik sinyal bagus bug request tampil megah fungsi optimal jadi update ringan beban prosesor
1,2024-01-21 04:58:30,asu gua log in akun gw pw ny udh pas
4,2024-01-21 04:03:18,apknya rada lot ya guna interaksi orang
1,2024-01-21 03:25:20,versi jelek interface member list enak versi kemarin bagus warna ui enak interface channel setting interface ui jujur bagus interface versi kemarin ribet sistem replay
2,2024-01-20 21:59:11,tolong tambah bahasa indonesia bantu orang bahasa asing
1,2024-01-20 16:32:26,update sih cuman sulit bohong
1,2024-01-20 16:22:44,kadang voicenya kadang gaada udah hapus download hapus download gaada benerin voice doang effort jam gaada hasil
1,2024-01-20 15:58:36,jelek buruk buruk buruk kacau
3,2024-01-20 15:48:31,kualitas audio jelek
1,2024-01-20 15:37:40,ui error pindah channel tab mohon baik
1,2024-01-20 14:33:44,bug suara kaya mode mute
4,2024-01-20 10:37:06,harap versi litenya
1,2024-01-20 08:36:01,member tab hilang
2,2024-01-20 08:29:55,tau pas coba mbuka hp ngecrash udah update wifinya kenceng trs simpan penuh
5,2024-01-20 08:07:53,bagus si ngobrol brg tmn tp banyak player nya mezzuuumm
5,2024-01-20 07:31:36,fitur mudah ajar kualitas suara komunikasi sesuai lancar internet worth it pakai
1,2024-01-20 07:29:04,knp gabisa masuk sih gaje aplkasi
5,2024-01-20 04:06:55,mendonglot pakai
1,2024-01-19 15:43:17,dc rusak suara masuk gitu mulu
1,2024-01-19 12:28:26,gabisa login pdhl password udh bener kirim confirmation code nya
1,2024-01-19 11:58:22,apk dipake suruh login pake email udh login pake nomber pas udh pake email sandi email nya udh sesuai valid dasar apk sampah
1,2024-01-19 10:35:03,rating ku bruk ya verif nomer hp gagal plis discrod ayo uptade
5,2024-01-19 04:15:19,bagus
1,2024-01-18 21:07:08,apk gajelas gausah download nggk nyesel login nggk sandi udah bener
1,2024-01-18 17:16:17,b indonesia terjemah tolong
5,2024-01-18 15:41:12,keren banget coy ngomong orang gw kasih bintang bagus btw update biar bagus biar bug
1,2024-01-18 14:37:24,tampil versi baru jelek ribet bagus versi
1,2024-01-18 13:23:16,log in kali gabisa
1,2024-01-18 12:51:55,login udah bener email pw udh coba kali teteo hadeh
1,2024-01-18 12:22:20,bug new version
2,2024-01-18 11:39:27,masuk nya robot tolak login
1,2024-01-18 10:56:34,bug ngeselin bot command tulis muncul built in doang bot tolong benerin
1,2024-01-18 10:28:22,kirim sms telepon unable to send sms message
1,2024-01-18 06:50:17,apliksi kntolll buka gajelas
1,2024-01-18 06:23:20,login pregister coba kali kali baik login
5,2024-01-18 04:46:45,baik thank you
1,2024-01-17 16:12:50,update buruk
1,2024-01-17 11:14:42,g pasword goggle gua salah mulu pas gua goggle g salah tuh
3,2024-01-17 10:22:34,kode verifikasi nya udah bener tetep invalid
1,2024-01-17 09:20:06,bug nyaman tolong baik nya ketimbang update engga nyaman pake
2,2024-01-17 05:48:08,kasih bintang bug kayak daftar kali kali coba masuk komentar hp realme ul pro nug nya tolong fix baik ya developer
1,2024-01-17 04:29:06,bener bener update bug ngefreez fc
1,2024-01-17 03:55:41,log in udah pasword email udah
5,2024-01-16 23:14:05,senggol
5,2024-01-16 19:40:54,bagus banget introvert cari temen
1,2024-01-16 17:53:04,login susah hapus akun susah verifikasi susah kode verifikasi sampe menit udah pake ni
1,2024-01-16 17:42:36,ui buruk berat ribet
5,2024-01-16 14:10:29,keren sumpah
1,2024-01-16 11:19:12,bahasa sulit
3,2024-01-16 10:25:34,channels tolong baik
1,2024-01-16 09:26:07,eh tol l kembali fitur versi skrng kek bab
5,2024-01-16 08:59:50,bagus mudah mula
1,2024-01-16 07:29:35,verifikasi email email muncul sampe minggu ku tunggu muncul muncul tolong baik
1,2024-01-15 22:49:42,update buruk bingung fitur searchnya bagus versi desktop android tepat parah
1,2024-01-15 13:51:01,kembali
1,2024-01-15 10:32:48,aneh pencet hp gw bagus touch screan nya aman discond g pencet mulu aneh
1,2024-01-15 10:31:25,suruh verifikasi pake no hp udah masuk no hp nya tulis invalid phone number trus gimana sih update bug nya akun udah pake gmail anj
1,2024-01-15 02:43:19,daftar verifikasi security code copy paste ttp payah
5,2024-01-15 00:12:17,gin enak manual
5,2024-01-14 19:26:51,tanggap cepat bantu terimakasih
3,2024-01-14 18:56:13,bagus ringan ramah size appnya
1,2024-01-14 17:42:34,banget verifikasi doang udh masukin kode tetep jalan jalan gimana nih hadeh
1,2024-01-14 14:12:28,kntl login ribet masuk
1,2024-01-14 14:06:01,busuk
1,2024-01-14 13:21:30,coba login dah password ama email apk aneh
1,2024-01-14 13:17:37,rapchat nya bug
5,2024-01-14 12:58:59,bagus
1,2024-01-14 11:21:54,daftar bs error mulu
1,2024-01-14 10:46:56,cacat banget wkwkkw otak udang bikin nya ganti password karna lupa pasword ganti password masukin password udh lupa otak udang sok bikin bolot ny
5,2024-01-14 09:58:51,suka karna teman pake karna gw paksa
5,2024-01-14 09:11:08,mantap sotot
1,2024-01-14 05:57:43,fitur search skrng jdi ribet nyari nya grup all grup buriq updatenya
1,2024-01-14 05:13:30,update jelek suka tampil
5,2024-01-14 04:19:25,idk v but bagussssssssssssssss
1,2024-01-14 02:46:27,daftar
1,2024-01-14 02:08:47,user login repot bener kudu ganti pwr kali kali asu
1,2024-01-14 01:57:48,kena bug hilang chanel grup
2,2024-01-14 00:31:26,tolong tambah fitur hapus chat ganggu
2,2024-01-13 23:09:49,bahasa indonesia
5,2024-01-13 22:57:21,nya bagus cocok banget ngobrol temen edit nggak login akun verivikasi code invalid butuh akun otomatis login oke moga hasil
2,2024-01-13 16:56:00,woi orang bug nya tanggung update nyusahin susah pas bikin akun kayak minting su apk tolll udah bener loh gemal sandi bjr tolong report apk kayak gin
2,2024-01-13 15:49:38,benerin ui nya jing
2,2024-01-13 15:33:52,bagus tolong update terkadang suka bug liat poto download jaring bagus voice game tolong ringgan voice
1,2024-01-13 15:31:13,dc update ngebug mending dc drpd skrg ngebug
2,2024-01-13 15:29:37,update buruk stiker foto
1,2024-01-13 15:29:21,update jelek banyaj bug tampil jelek mending
1,2024-01-13 15:03:49,buka massage temen udh ngelag kirim pesan tombol kirim udh pencet kali kali
2,2024-01-13 14:59:09,tolong update depan nya nya bug menggangu guna contoh nya bug kirim foto balas chat replay cepat tolong kembali tolong baik bug bug menggangu sekian terima kasih rip kyumaa
1,2024-01-13 14:37:42,kacau
3,2024-01-13 14:22:01,suka sih apl udh make semenjak update jdi error pas kirim gambar gambar error mohon baik
1,2024-01-13 12:13:53,masukin email bener bener gblk
1,2024-01-13 09:47:05,fitur udah bagus diupdate aneh
1,2024-01-13 08:23:11,ehem pas ngebuka message ny hilang tolong baik bugnya
1,2024-01-13 07:29:02,ganti akun susah banget jir join server dc verifikasi akun anjir anjir
1,2024-01-13 07:20:29,kecewa cok fitur privasi tipu
1,2024-01-13 06:44:44,titak karna akun
5,2024-01-13 05:56:25,keren banget selingkuh ya
1,2024-01-13 05:53:32,bikin akun sulit aneh
1,2024-01-13 05:35:33,tolong akun gw kembali thod
2,2024-01-13 05:34:06,indonesian translate
5,2024-01-13 05:23:47,tombol next tumpang tindih tombol home menu back sehinga masuk halaman
5,2024-01-13 05:10:42,bagus man
1,2024-01-13 02:53:05,guna
5,2024-01-12 23:51:19,beneran ngobrol cari kawan keren btw lupa join nya dafuq boom
1,2024-01-12 15:27:36,mendownload
1,2024-01-12 13:15:31,new bug gabisa make data voice chat kirim foto gabisa
1,2024-01-12 13:06:47,gabisa dipake aplikasil sampah
1,2024-01-12 12:23:39,balikin versi versi bagus cuman bug rumit simpel
3,2024-01-12 10:59:59,kasih bintang akun buka sandi nya kali kali ubah password nya hasil nya nihil akun hilang akun tolong baik developer
2,2024-01-12 10:20:46,updatenya buruk banget suka eror ngebug gajelas
1,2024-01-12 09:44:29,fix bugnya coba membiking akun pasuk passwordnya
2,2024-01-12 08:52:14,saeqr hubung dicoed
3,2024-01-12 08:35:47,bug susah komunikasi nya
1,2024-01-12 07:44:08,anj verify error
2,2024-01-12 07:00:35,login nya susah benci
5,2024-01-12 05:30:02,keren apk nya manfaat si
1,2024-01-12 02:04:29,bug ui nya teman masuk masuk sesver
2,2024-01-12 00:13:09,nya bug login idh bener sandi suruh log out tolong bener
1,2024-01-11 22:32:45,belit belit anj babi puki mak daftar doang ribet bnget babi anj apk dajjal
1,2024-01-11 14:57:15,kaga bjir disconetc mulu
1,2024-01-11 13:17:41,update bug suka disconnect voice kadang suara bicara
1,2024-01-11 13:11:59,apkikasi tolol login kagak ribet
2,2024-01-11 12:12:27,fungsi jalan
1,2024-01-11 09:47:30,bug anjg
2,2024-01-10 23:03:20,terkadang hapus ulas dengar hati kasih bintang minat donwload apk milik bintang
1,2024-01-10 20:53:32,login akun butuh akun penting
3,2024-01-10 15:13:27,gw bikin account susah
1,2024-01-10 14:30:20,masuk susah banget udah kali gw masuk ulang males bet tolong y apdet y udah bikin gw marah bet pokok kntl
3,2024-01-10 14:24:31,login susah banget nunggu konfirmasi email kadang suka tolong mudah login nya masukin password udah
5,2024-01-10 13:50:24,apk seru masuk discrod youtuber
1,2024-01-10 13:39:47,login
2,2024-01-10 12:53:41,semenjak update bug
1,2024-01-10 10:33:30,sebal
5,2024-01-10 10:14:12,semangat
1,2024-01-10 05:42:45,bug ui nyaman dipake pake ui nyaman
2,2024-01-10 02:55:08,gw g verify phone njir code nya dah bener
1,2024-01-10 01:55:17,terjemah indonesia repot
1,2024-01-09 23:12:56,djancuk bug
1,2024-01-09 20:09:47,lot ny ampun perbaikin
1,2024-01-09 14:14:57,anj log in suruh verified account mulu email gw penuh njing cuman gara bug log in buka website browser bgst ya
5,2024-01-09 13:54:00,muas bagus banget bug nya emosi tingkat paham
1,2024-01-09 13:53:34,luncur paksa luncur alhasil login gagal jd siap dngn matang luncur
1,2024-01-09 13:50:47,tolong baik pakai nama asli nama palsu nama emak gabisa tolong baik ya
1,2024-01-09 11:05:12,register daftar akun kali isi nomor telepon ulang ulang laku register mohon baik
3,2024-01-09 10:50:15,bagus tp versi layar jd susah
1,2024-01-09 09:28:32,kaga enak
5,2024-01-09 07:04:10,bagus teman ama org
5,2024-01-08 21:57:21,mantaap fitur boost gratis
1,2024-01-08 17:09:37,susah registrasi nya sulit guna verifikasi trus byk bug
2,2024-01-08 14:11:05,verify no telp tekan tombol verify nya
1,2024-01-08 13:53:38,login tolong baik
1,2024-01-08 13:14:12,glich sebal uda selesai bikin akun baru kena glich
1,2024-01-08 12:31:00,dulunya loginnya gampang tinggal sat set loginnya ngebug mulu ajg
5,2024-01-08 10:01:21,bintang sih
3,2024-01-08 05:15:27,tolong update adakan bahasa indonesia
1,2024-01-08 04:53:11,udah reset password tetep login
1,2024-01-08 01:49:09,ribet susah inti nya gua suka
3,2024-01-07 13:59:08,bg update emoj dc dibagusin dikit la
1,2024-01-07 13:21:24,ngeleg parah update baru bug nya
1,2024-01-07 09:11:59,hp ram gb processor baru lot nya main jaring kenceng abis eh ui nya berat banget tiru ui jaman mending kek enteng plus apk inti enak
2,2024-01-07 09:04:19,semenjak update tb suka error pesan nya bs kirim jaring aman
1,2024-01-07 08:26:51,kayak kntol ajg tampil kaya enak simpel tolong kembali tampil
1,2024-01-07 07:23:20,kode verifynya error udah dimasukin persismalah
2,2024-01-07 05:41:35,bagus masuk nomor phone kode digit nya masuk udah masuk tolong baik update
2,2024-01-07 05:39:26,enak log in nya ribet xxxxx
1,2024-01-07 05:36:33,tolong update nya kayak gin ya iya gua callan mobil ferrari gua fc hp gua iphone pro max beli mall harga jtan tolong baik mksi
3,2024-01-07 04:33:41,lumayan bug
1,2024-01-07 04:15:55,daptar susah payah
1,2024-01-07 04:14:39,pasword email udh bener doesn t match
1,2024-01-07 00:27:05,susah pake mending enteng
1,2024-01-06 20:03:05,hapus akun nggak nunggu invite tmn an nih jls banget sya hapus akun nggak btuh apk mlah nggak bs dsar apk udh pd bnyk nggak suka mlah mngunci orng untk tetep main apk apk jlek nggak brmutu
1,2024-01-06 19:46:38,bug ui bagus banget bug nya mohon baik bug enak jalan
1,2024-01-06 14:33:10,apk sampah login ribet kali
1,2024-01-06 13:15:00,gob emang gua njir karna ni pas verify sms nya kirim kirim gua
1,2024-01-06 11:36:12,enter a phone number nomor udah bener unable to send sms messege mulu hadeh trs gimana developer doang alami orang
1,2024-01-06 11:02:25,tolong perbaikin smsnya muncul pas verify no hp
1,2024-01-06 10:46:55,akun verivikasi nomer telepon pasu nomor telepon login
2,2024-01-06 10:13:33,akun susah log out
5,2024-01-06 08:09:09,nya bagus temana mabar server ketemu youtube selebriti
1,2024-01-06 07:22:08,udah akun login
1,2024-01-06 06:14:48,apan coba login akun email valid sandi email bener kek dc
1,2024-01-06 05:01:12,verifikasi salur coredao no telpon kode
1,2024-01-06 04:48:11,bug benerin
1,2024-01-06 02:39:32,ko masuk langsung akun
1,2024-01-06 01:57:05,ngga masuk udah bener sandi discordnya emang aj
1,2024-01-06 01:53:52,jelek susah banget masuk register nya udh bikin akun pas login bilang akun cacat pas daftar bilang akun daftar
1,2024-01-06 01:21:59,verifikasi nomor telepon
1,2024-01-05 21:59:58,main game pakai layar mati sensor kamera tutup tangan
5,2024-01-05 15:16:28,balikin akun ku
2,2024-01-05 14:06:57,loginnya susah
2,2024-01-05 13:54:08,pakai suka nikmat pekan mengudate ui baru beneran deh maaf ya ui buruk fitur buat risih ui anggota geser kiri beeh tombol ya usaha adaptasi ui baru mohon pertimbagkan fitur reply cepat tolong pakai fitur drag drop
3,2024-01-05 13:32:45,update lumayan buruk perhati detail bug nya makasih
2,2024-01-05 13:26:17,bagus update
5,2024-01-05 13:14:30,bagus bisah teman orang knapa g bahasa indonesia terjemah chat indo nya bos enak jd tau bilang orng
1,2024-01-05 12:36:32,lepas update tampil nya susah contoh member online nya tinggal geser kanan liat aneh tolong donk ubah tampil member kayak ribet
1,2024-01-05 12:24:22,gw kesel kemaren gw login
5,2024-01-05 11:17:44,bagus keren best dah
1,2024-01-05 10:40:49,aneh semenjak update verifikasi nomor pas masukin code invalid udah
5,2024-01-05 09:44:02,tolong baik bug nya terima tolong baik bug nya tolong respon tanggap paksa
1,2024-01-05 06:56:46,kode invalid da login pake email email kalosaya masuk email tolak reset discor nya smasaja log in
1,2024-01-05 06:45:01,akun hilang benerin cepat
1,2024-01-05 04:12:21,bro selingkuh gmn dah kyknya seru bro ajarin bro
4,2024-01-05 02:29:08,update berat frame drop kasih semangat tolong baik
1,2024-01-05 01:51:42,login susah mnta ampun
1,2024-01-05 00:11:33,milik akun akun register masuk intinnya
1,2024-01-04 15:14:17,daftar susah
1,2024-01-04 14:56:00,update kali binggung ya member server
1,2024-01-04 14:30:27,semenjak update jelek lag ngefreezs
1,2024-01-04 13:46:28,update nya bikin susah tampil bagus simple ribet simple ribet masuk room ganti output suara
2,2024-01-04 12:23:56,bug ya hapus pesan udah kali pencet delete message hapus pesan
3,2024-01-04 12:16:20,update terbaruk lagging
1,2024-01-04 12:13:08,ndaftar ribet mudah aman ngapain bikin ribet ngatain kasar dosa udah
1,2024-01-04 12:12:33,nambah nomor hp kode verifikasi nyampe pesan
5,2024-01-04 10:04:17,nilai bagus bintang
3,2024-01-04 09:11:00,lagi virall om
1,2024-01-04 08:15:10,akun nya login anjeng woilah
5,2024-01-04 05:35:31,bagus
1,2024-01-04 02:40:07,asu developer
5,2024-01-04 02:36:47,bagus guna meeting kantor
1,2024-01-04 01:58:13,pw loading crash
1,2024-01-04 01:46:32,banyak verifikasi ribet
1,2024-01-04 01:09:28,pasu code gabisa
4,2024-01-04 01:09:20,enak ui gampang liat temen online server btw pilot ya ges
1,2024-01-03 19:46:39,gagal login pdhal kirim kembang
1,2024-01-03 19:39:01,login sulit anjg
4,2024-01-03 18:08:35,update bug
1,2024-01-03 17:10:43,ampas
1,2024-01-03 17:03:09,login susah banget udah bolak ganti password login
2,2024-01-03 15:19:00,bug verifikasi no tlpn gmail dh coba kali tetep hadeh as
1,2024-01-03 14:45:19,bug mulu babbi
1,2024-01-03 14:35:26,udh login tba menu register login trs pas login your account has been disabled
4,2024-01-03 14:24:42,makasih udh mabar samp hehe cuman login nomer hp ngak
1,2024-01-03 14:11:30,apk ad pas login ribet kek smpah
1,2024-01-03 14:04:51,tolong baik lag
1,2024-01-03 13:43:34,bug fak gue teh
1,2024-01-03 13:30:19,hdehhhh lolot pas maen makan mati ny
1,2024-01-03 12:51:20,gila bugnya device gw ram voice game force close ganggu banget for this update
1,2024-01-03 12:16:59,bug ui nyaman berat perangkat tolong pilih pakai ui baik ganggu guna
1,2024-01-03 11:42:51,trus ribet
1,2024-01-03 10:23:01,babi susah daftar nya jgn susah susah babi daftar ya
1,2024-01-03 09:14:06,tulis pesan eh pesan kirim hilang tolong ya developer kasih update guna nambah hancur gara updatenya
5,2024-01-03 08:41:06,bagus banget nya obrol teman
1,2024-01-03 04:48:27,log in nya susah kasih nomor wa pas nyari kode nya pas masuk ulang cape tau dowload
1,2024-01-03 04:28:54,login udah masuk email udah masukin pw nya email gimana ngatasi nya woi developer
1,2024-01-03 03:59:50,bug
1,2024-01-03 03:29:55,tunda mulu
1,2024-01-03 00:35:04,login daftar mohon arah
1,2024-01-02 22:42:29,batal langgan bugnya anjeng kembali dana refund
1,2024-01-02 16:30:01,kembali layout karena layout bug sistem nya sistem apload id akun
1,2024-01-02 13:02:32,login sulit sm bat bot bat bot bacot bot ngapain sih pake dc fitur tolol asli ilangin benda
2,2024-01-02 11:16:19,versi tolong baik scroling discrodnya ngehang apain plis diperbaikin suka versi
1,2024-01-02 10:30:57,rusak update
1,2024-01-02 10:23:22,bug nya parah liat chat ui nya aneh
1,2024-01-02 09:02:21,verifikasi taik pake no telp bgst taik
1,2024-01-02 07:47:30,tot update nambah gaje gua verifikasi nomor pas kirim kode ya salah benerin napa
1,2024-01-02 05:44:13,game ngajak antem
1,2024-01-02 05:16:45,malesin sumpah login doang drama
5,2024-01-02 04:48:51,bilang selingkuh ngasih bintang stress dik
5,2024-01-02 03:32:34,bagus btw ff nusantara mohon doa nya yaa
1,2024-01-01 19:39:17,apk bodo mic suka bug dengar
5,2024-01-01 17:41:28,suami selingkuh bgst
1,2024-01-01 16:11:42,mantap poll bicara teman
1,2024-01-01 15:09:08,nya voice suara nya gede bikin nyaman kedengeran mabar bareng temen
1,2024-01-01 14:27:57,tolong benerin bug nya iya gw udh verifikasi no telepon masukin kode login masuk server dc sampah bintang game sampah kek dc
1,2024-01-01 13:28:52,bokep
1,2024-01-01 09:59:14,semenjak update bug
1,2024-01-01 07:25:31,input sensitivity fungsi
1,2024-01-01 05:19:17,layout repot layout mudah
3,2024-01-01 03:42:59,banget bug error suka banget nih apk tolong tingkat
1,2024-01-01 02:26:35,baik ui nya
1,2024-01-01 01:27:23,oh apk lg viral karna perselengkian hahahaha
1,2023-12-31 21:02:27,dasar selingkuh pilot
1,2023-12-31 18:11:42,tolong atas terima kode nomer hp
1,2023-12-31 17:27:35,kenal orang bagus hubungin no hp kode verifikasi guna
2,2023-12-31 11:30:17,orang selingkuh kah
1,2023-12-31 10:47:26,verivfy phone ah rusak rusak
1,2023-12-31 06:02:11,coba bug nya apdol pakai
2,2023-12-31 03:45:30,tolong baik bug buka kadang layar suka blank kadang hp respon mohon baik bug nya
5,2023-12-31 03:34:39,mulus hp low range
5,2023-12-31 02:51:18,normal ikut saran admin
1,2023-12-31 01:28:33,tampil ribet susah searching channel group
2,2023-12-31 01:04:59,pake pas hp memori penuh apknya bom ngefreeze hp memori penuh udah rangin file ngga udah ngefreeze minggu
3,2023-12-30 23:12:42,selingkuh ya
1,2023-12-30 17:32:46,unable send massage apasih coooook hidup udah capek cape ni ngnt
1,2023-12-30 17:31:15,admin gua join login gmail udah tinggal pasword udah bener salah udah ku ganti ganti paswordnya tolong baik
1,2023-12-30 16:42:47,beda iklan
1,2023-12-30 15:37:56,update kacau bug nya
1,2023-12-30 14:38:20,pliss discordku ya kali kirim pesan ya pas kirim banget bug nyaa log in buka chat layar abu abu doangg gaada tolong benar bug nya susah komunikasi teman
1,2023-12-30 14:01:10,kooo sih jd selingkuh
3,2023-12-30 12:01:50,bikin jebak pas add friend owner nya
5,2023-12-30 11:33:28,gua download tau pas isue selingkuh pramugari pilot des
5,2023-12-30 10:48:08,bagus selingkuh ekekekkekek
1,2023-12-30 09:09:56,apl kont anak anj
2,2023-12-30 07:59:29,tolonh skrg udah pakai selingkuh
1,2023-12-30 06:56:06,selingkuh blok
5,2023-12-30 06:29:02,kasih bintang butuh bokep
1,2023-12-30 06:01:05,gw kesini gara lg viral si pilot selingkuh sma pramugari apk ko ngeri yaa
5,2023-12-30 03:20:57,selingkuh wort ith kak
3,2023-12-30 02:55:13,bahasa indonesia nya
1,2023-12-30 01:28:30,susah banget masuk nya ribet gw pake sidik jari password
3,2023-12-30 01:10:16,verifikasi email verifikasi email tulis email akun email coba tulis sandi salah coba nya kali tolong bantu
1,2023-12-29 17:17:41,bug buka menu notifikasi fitur klik
1,2023-12-29 16:09:16,sedia bahasa indonesia erti bingung
5,2023-12-29 15:09:39,bagus
5,2023-12-29 13:35:23,terimakasih saran developer install ulang udah tulis henti
2,2023-12-29 12:45:47,hank
1,2023-12-29 12:01:15,layout efektif cepat akses layout
1,2023-12-29 11:15:24,dancok i ket maeng rep daftar ra iso ancok anyel wes an asu gae kreator e p senggel leee dancok
1,2023-12-29 10:16:41,server milik repot
1,2023-12-29 10:14:51,tolol layout
1,2023-12-29 09:43:43,pas verifikasi no telfon gabisa masukin ya kode
1,2023-12-29 08:29:53,lag jaring apk
5,2023-12-29 07:38:32,nya bagus komunikasi
1,2023-12-29 06:56:37,update kali bug udh verifikasi pake nomer tetep log out pas cari nomer eh udh g ad akun nya bnyk g chat dc orang
1,2023-12-29 03:26:20,update nya simple mala ribet
5,2023-12-29 03:10:49,terimakasih update layoutnya
5,2023-12-29 02:45:45,
1,2023-12-29 02:27:16,ya bikin akun nya cpk bikin loh
1,2023-12-28 22:37:35,applikasi register daftar
5,2023-12-28 19:02:42,mantap ngegame
3,2023-12-28 15:02:11,bug suara member voice grub hilang pesan kirim obrol grup
1,2023-12-28 14:54:44,salah eror rare ganggu banget jaring aman coba fix work tolong perbaikin
1,2023-12-28 14:37:26,bug coba login kasih link coba akun ulang hadehhh
1,2023-12-28 14:07:29,update ampas bugnya
1,2023-12-28 13:57:37,gabisa login langsung dapet ultra rare error mulu pdhl wifi lancar gabisa ngechat pdhl wifi lancar buka tiktok lancar lancar update minimal bug utama plis jg gua bang
5,2023-12-28 13:44:48,main cdidrp deh
3,2023-12-28 13:24:57,tolong tambah pilih bahasa indonesia
1,2023-12-28 13:01:26,susah ganti pasword
1,2023-12-28 12:11:28,bug room voice chatnya banget ngebug suara dengar bicara tolong dibenerin ngebagusin fitur doang
1,2023-12-28 12:07:12,ganti ui ky nya ribet
2,2023-12-28 11:20:21,update banyaj bug
1,2023-12-28 11:11:22,update nya bagus parah
1,2023-12-28 10:53:51,tutor bikin dek gua registrasi discrod kali verify phone pas login akun nonaktif pande lo bikin
4,2023-12-28 05:33:34,join kair
1,2023-12-28 05:03:52,update buruk mohon baik
1,2023-12-28 04:46:23,gj banget gue kan reg g pas uda kirim kode sms kode valid
1,2023-12-28 04:22:38,g suka new lay out mobile
1,2023-12-28 03:56:40,code udh bener ttp masuk
3,2023-12-28 03:54:56,erti pakai
2,2023-12-28 02:22:17,ko suara nya
1,2023-12-28 02:09:24,nyesel update sumpah liat profile server gegara menu nyatu am tombol home tablet
3,2023-12-28 01:30:21,tolong baik verifikasi nomor telepon udah kirim codenya tetep gabisa
1,2023-12-27 20:11:32,mohon baca dev nya knp chat nya apk trs pas mask kadang cepet ya mohon baik
5,2023-12-27 16:31:52,jenis gemes
1,2023-12-27 15:11:36,update baru cari nya jelek gin ya
1,2023-12-27 14:15:26,update buruk main game liat apk langsung relog suara nya hilang gajelassss
1,2023-12-27 14:11:51,please banget baik stream patah patah ngelag
5,2023-12-27 14:08:38,recomended bagus
2,2023-12-27 13:28:32,habis update banyak bug lucu
1,2023-12-27 13:16:45,voice suara bjier bat
1,2023-12-27 11:51:42,buriq weh ya gwej nobar tampil kaya p patah suara g grasak grusuk pokoe
1,2023-12-27 11:47:56,burik grafik bit nobar gada suara nya
1,2023-12-27 11:31:57,kirim pesan bug balas chat orang tolong fiks bug bug nya ganggu guna
4,2023-12-27 08:37:10,bug buka pesan notifikasi
2,2023-12-27 08:22:22,lot banget kayak
1,2023-12-27 04:16:11,udah update lot
1,2023-12-27 03:27:50,to l rusak ni ui kacau mending balik kayak
1,2023-12-27 01:38:31,bintang alas alami
3,2023-12-26 22:58:14,paksa download apk censorship ig tiktok youtube twitter susah info leak game hoyoverse org nge leak heran
1,2023-12-26 18:47:47,apk gajelas login banyak registrasi make nomer gabisa kirim kode otpnya make email udah daftarin gilir udah masuk lobbynya suruh verifikasi recaptcha bintang dah
1,2023-12-26 14:54:32,login udah bener password nya email persis kaya tulis error halah error error pala lo tu nanas
1,2023-12-26 13:49:14,login tuduh pake vpn email code masuk jlk banget
1,2023-12-26 13:06:12,update bug ui hp realme pro ram gb jalan sama game terkadang out channel voice voice output pilih mode speaker mode reset mode phone ganggu ui nya bug mode mini realme terkadang full horizontal ngga geser terima kasih
1,2023-12-26 12:51:01,akun password nama dah beda gmail log out
4,2023-12-26 12:25:28,manfaat ku haha
1,2023-12-26 10:36:34,ampas bikin ngeleg hp
1,2023-12-26 08:58:13,update baru buruk kembali fitur sedia
1,2023-12-26 08:57:12,tolong kembali bentuk chat nya karna susah update baru update kali lumayan buruk lag nya susah buka chattan nya tolong kembali terima kasih
1,2023-12-26 08:49:09,guna sulit erti tolong kembali
3,2023-12-26 07:45:54,login scan qr sulit
3,2023-12-26 07:12:26,gabisa update ya
1,2023-12-26 05:30:23,ngelag bug login nunggu jam
1,2023-12-26 05:06:33,bug nya drama co force close kalok join voice channel tuh bug nya ngotak co
1,2023-12-26 03:22:41,overall good kaya reng gitu tampil nya but i give star
1,2023-12-26 00:10:46,sampah
1,2023-12-25 22:58:13,ganti ui bikin ribet gabisa search channel balikin ui nya admin
1,2023-12-25 22:34:36,nga login anjeng susah cacat
3,2023-12-25 18:37:48,bug masuk
3,2023-12-25 18:09:46,ya pandu belah kanan bug fiturnya tolong
1,2023-12-25 18:07:44,anj login verifikasi
4,2023-12-25 17:22:36,tolong developer tambah bahasa indonesia faham bahasa inggris tolong pliss
1,2023-12-25 15:32:15,dah
1,2023-12-25 15:06:49,kembali update kemaren simpel
1,2023-12-25 14:20:58,suruh verifikasi nomer telpon ngirim gimana sih baik didiemin
1,2023-12-25 14:05:22,payah bet dah login nya apk sampah
2,2023-12-25 13:01:23,ngerti bahasa inggris log in new login detected tolong akun masukin
1,2023-12-25 10:28:52,lot mending tampil kaya g bug nulis aj nunggu kecewa tg
1,2023-12-25 09:34:28,apacoba gabisa login tolong baik yah rawrr
5,2023-12-25 08:24:13,suka
1,2023-12-25 07:59:34,apa akun kagak rusak rusak
1,2023-12-25 05:39:42,i cant verivicate because someone using my code and i cant use my code verivikasi karna kode ku kode ku tolong kode beda beda karna ak login gabisa login karna baik cepat balas komentar ku kasi bintang
5,2023-12-25 03:53:07,best
1,2023-12-25 00:55:30,bagus lihat online tinggal geser update kurang fleksibilitas
1,2023-12-24 17:49:16,bug ganti audio output phone speaker malam discordnya engga tau suara hilang tolong fix
1,2023-12-24 17:46:31,susah banget daftar udah gitu nonaktif gara spam bgst download deh ribet anj
1,2023-12-24 16:14:31,apk susah erti
1,2023-12-24 15:47:15,susah daftar skrng bnyk bug
1,2023-12-24 14:54:03,apk nya error login error
1,2023-12-24 14:53:43,update aneh susah
2,2023-12-24 14:45:48,woilah bug fixing apa bajing ngebug mulu lu sat
1,2023-12-24 14:18:33,verifikasi
5,2023-12-24 13:30:39,kenal orang
2,2023-12-24 12:56:26,updet kali login akun very no telpon interaksi mohon baik bugnya
5,2023-12-24 12:45:33,emang simpel
1,2023-12-24 12:18:24,setan emang kagak login udah bener lu kagak yaudah jan minimal lu biarin login jan login or passwords is invalid dongo dah bener jan disalahin mulu gw dah nyoba sampe kagak dasar setan gw hapus dah tu
1,2023-12-24 07:57:50,ubah email trus habis masukin password sesuai why
1,2023-12-24 06:41:08,update erorr
2,2023-12-24 06:02:01,ni internet bagus sekalu bug
1,2023-12-24 04:12:23,pas update ribet ngebingungin balikin bintang udah gua kasih balikin
1,2023-12-24 02:44:20,jelek apk nya bug error nyaa
1,2023-12-23 21:44:37,update bug hadeh bagus diupdate pencet notif tampil ngebug ayo rate biar read
5,2023-12-23 20:08:36,suka erat sahabat fitur video call call chat thanks
5,2023-12-23 14:57:07,senang main tiktok krn dpt alam teman support
1,2023-12-23 14:54:27,rate teman toxic
3,2023-12-23 14:27:22,tombol send nya hilang hambat
4,2023-12-23 12:55:21,bugnya ganggu server dar ecek channel bug hilang tampil bar nya sebar tolong baik
5,2023-12-23 11:43:27,nya guna pas updet ko suara orang gobrol
5,2023-12-23 11:30:56,gatau gabut bgs banget mabar temen biar suara bagus
1,2023-12-23 09:23:37,jelek nih rusak apk nya baik kocak lu mending website ya bagus
1,2023-12-23 08:37:25,bugnya nya banyak baik
1,2023-12-23 08:09:46,kembali akun eror masuk
5,2023-12-23 07:47:03,bantu komunikasi main game
1,2023-12-23 06:38:58,verifikasi kasih codenya
2,2023-12-23 06:04:15,bug kocak
3,2023-12-23 05:12:37,kasih bahasa indonesia
1,2023-12-23 04:50:39,kasih bintang pas nge verifikasi phone kode pas masukin salah tolong minn bener min tolong baik min update rusak bug nya tolong minn bugg parah update
1,2023-12-23 04:09:13,maksud log in susah habisin paket data doang bolak gitu kali cari untung
1,2023-12-23 03:24:13,diskontol login susah banget anjg
1,2023-12-23 00:37:37,tolomg kembali swipe kiri display anggota server
5,2023-12-22 22:34:04,kadang error gratis batas
1,2023-12-22 22:23:44,tolong kembali layout layout ribet
1,2023-12-22 21:18:56,akun hilang hapus apknya serverku bengkalai
1,2023-12-22 18:36:45,apk tolol nomor hp gw dah bener unable to sent sms message ah burik
1,2023-12-22 18:28:10,haram lu masuk sandi dah bener
1,2023-12-22 14:30:02,susah login masukin no hp aneh
5,2023-12-22 14:01:32,wibawa
1,2023-12-22 13:23:43,kocak gw udah resign masuk
1,2023-12-22 13:17:46,fitur ui nya ribet bug tolong kembali ui
5,2023-12-22 13:08:07,keren
4,2023-12-22 12:23:35,eror tambah kode nomor telepon kirim sms tolong baik
1,2023-12-22 12:13:30,update jaring buruk canda
5,2023-12-22 11:49:31,mudah urus banget kompe
1,2023-12-22 10:17:55,jelek lupa password masuk pdhl ubah password ngubah password pake google jelek
2,2023-12-22 03:01:41,fitur nya bagus verify verify tolong bug nya fix ya nya kasih bintang
5,2023-12-22 02:42:18,cocok gamer thanks developer good job
1,2023-12-22 01:52:48,apa gajelas log out gilir dimasukin akun salah fix in nyusahin sumpah suka log out tuh
5,2023-12-21 22:46:16,keren suka grup
1,2023-12-21 20:07:28,log in password
1,2023-12-21 19:25:52,abis update rusak bug ui ribet output udh speaker suara kyk nelpon
1,2023-12-21 18:34:11,capthca nya gajelas banget gambar nya kaya gmn muncul gmn udh x skip gada persis hdeh login sulit
1,2023-12-21 18:14:05,fitur sesimple tambah filter untung search channel sulit cari channel buka scroll tolong gausah elegan kesan jadi alam usernya downgrade
5,2023-12-21 15:52:38,ngak tau blm nyoba
1,2023-12-21 15:44:50,dah rusak enak mohon bantu nya mending
1,2023-12-21 14:46:22,nda nda tau bikin enk guna
2,2023-12-21 14:07:35,gabut
1,2023-12-21 13:44:05,bug ajg
1,2023-12-21 13:01:36,aneh register login
1,2023-12-21 12:28:17,benci karna teman
1,2023-12-21 12:20:01,apk rusakk iya verif no hp pas masuk kode blom nyampe detik udah kadaluarsa pas coba kali kya blom detik kode langsung invalid masukin blom apk gajelass gausah install dah sumpahh peaakkk suru verif ngasi kode invalid langsung kadaluarsa kagak ngotakkk emang
1,2023-12-21 12:02:56,dongo update
1,2023-12-21 11:05:28,tolong baru bikin akun
1,2023-12-21 10:14:59,update parah kaga login udh bnr
1,2023-12-21 08:17:36,update dah mai ribet gajelas balikin gausa diupdate update mnding diupdate bagus tlol
2,2023-12-21 07:45:25,mending apdet min nyaman kemaren ni berat bug hp kluar hhmmmmm
3,2023-12-21 07:17:52,tolong kasih language bahasa indonesia please give indonesian language
4,2023-12-21 07:00:31,fitur nya bagus bug verifikasi nomer phone error
1,2023-12-21 06:50:05,nya rusak bangett main game online teman hpnya mati nyala bugnya suara teman kecilll banget mohon update hapus bug nya
1,2023-12-21 06:17:46,login nya banyak syarat
1,2023-12-21 06:11:16,update sampah mudah user sulit masukin fitur baik bug improve alam guna
1,2023-12-21 05:32:43,mff tpi sy gbs akun akun verifikasi
5,2023-12-21 05:24:46,b tpi seru
1,2023-12-21 05:13:44,bug lag nyaman nya tolong update fix biar kaya dlu
2,2023-12-21 05:12:07,update perangkat alami error koneksi pasaat koneksi coba buka web koneksi akses sepertu handphone jalan reconnecting henti pesan dm teman kirim handphone update ui
5,2023-12-21 03:39:57,bagus cari teman frekuensi
1,2023-12-21 02:46:40,apk kode verifikasi nya salahin apk gblok
4,2023-12-21 01:24:38,makasih fitur fitur dalam ubah upgrade jujur kangen sih
3,2023-12-21 00:10:45,tolong tambah atur language bahasa indonesia min bahasa bagus
1,2023-12-20 14:53:23,orang download cuman main login susah bener jelass
1,2023-12-20 14:19:29,babi login kek verifikasi tanah ngentod
1,2023-12-20 14:16:25,sih in kaya sampah temen gw mati duluan
1,2023-12-20 13:14:09,halah gabisa buka uda gitu loadingnya
3,2023-12-20 12:43:54,suka ui suka update foto video teman ngescroll jam jam asih rating bintang
1,2023-12-20 11:36:44,ui aneh banget nge slide kir liat status teman on off ngeslide kir ngereply pesan tolong baik
1,2023-12-20 10:47:11,susah login gajelas udh verif email tetep gabisa login gaje
1,2023-12-20 07:29:20,sulit login log out all device tetep tolong baik
5,2023-12-20 07:09:11,register akun suruh login kenapaaaa
1,2023-12-20 04:27:08,bobtok
1,2023-12-20 04:12:37,update sebal
1,2023-12-20 03:16:05,rusak
1,2023-12-20 02:34:52,tolong fix boy clyde chat chat ad bot clyde muncul chatnya dj kirim
1,2023-12-20 00:37:57,pakai
1,2023-12-20 00:03:57,rusak ribet ngapa ngapain ui nya jug ubah upd
1,2023-12-19 19:42:43,berat banget buka yt aman loading mulu kelar
1,2023-12-19 18:55:50,fitur nya jelek pas update gw suka fitur ribet update bagus jelek
1,2023-12-19 17:08:45,gw ubah rating gw views hancur
1,2023-12-19 16:51:11,streaming pause pause
1,2023-12-19 15:48:08,udah akun gmail suruh ganti gmail
1,2023-12-19 14:45:03,masuk ap liat email gimana dah gua liat email kagak ni apnya masuk email tolong baik
5,2023-12-19 14:01:15,login ya
2,2023-12-19 13:45:09,pasuk server mengechat chat chat orang mohon dibenerin senang pasuk server bingung chat org mohon dibenerin
1,2023-12-19 12:30:03,bangke update baru bikin hp kedap kedip gatau
1,2023-12-19 12:02:05,sampah kali buset dah update alami problem jaring lancar jaya akses ngelag nya keren apresiasi
1,2023-12-19 11:59:30,discort ngk cuih semenjak update buka bagus burug sulit guna ny
1,2023-12-19 11:50:45,tolong semenjak update fitur tamplian nya susah banget ken buka chat
1,2023-12-19 10:30:44,gajelas update jdi suara
1,2023-12-19 03:53:42,apasih jelasss bgtt suruh masukin no hp trus suruh nunggu kode nya masuk eh pas udah masukin kode nya kode invalid udah no hp gw coba invalid trus kocak sampe gw salin kode nya sms taruh kode invalid apk broken ajg
1,2023-12-19 01:54:25,update nya bagus ribet
1,2023-12-19 01:07:05,tolong kembali ui lamaa woiii ui jelek nyari kudu chanel hadeuhh
1,2023-12-18 22:38:08,mengsedih
1,2023-12-18 12:07:22,ribet log
1,2023-12-18 11:34:41,display channel layout rumit nyaman display online member sulit mohon kembali display layout bug ribet berat
1,2023-12-18 09:51:07,update ui repot
2,2023-12-18 09:02:57,ui nya jelek bagus ui
1,2023-12-18 07:34:33,gabung komunitas mana
1,2023-12-18 00:51:07,bug buka gambar potong panel zoom in out unduh gambar tampil uinya jelek
1,2023-12-18 00:48:37,versi ui update buruk lamban versi baru
1,2023-12-18 00:04:36,susahhh banget login woiii kenapaaa harussss sulit login bnyak kali verif nya capek kali pake akun nya susah kali login kirim email reset password udh coba susah kali gimana coba login nya tutor coba ahhh emosi
1,2023-12-17 20:05:30,ribet verifikasi buat google simpel program ribet masuk
1,2023-12-17 14:16:42,nyaman ui
5,2023-12-17 13:53:58,terima kasihhh baik bug
5,2023-12-17 13:50:10,bagus sih ngobrol main game cari meme gw jg dapet temen berkat cuy ku kasih bintang bagus
1,2023-12-17 12:58:14,bug pencet
1,2023-12-17 12:22:45,aneh suruh login pas login tombol verify gabisa tekan gimana login
1,2023-12-17 11:51:51,balikin dc skrang lag banget gaenak patah patah
1,2023-12-17 11:23:20,login ribet pas reset verify login
1,2023-12-17 11:12:56,tolong update nya bener uodate nya pas lihat sharescreen temen patah
1,2023-12-17 10:34:55,update buka jir gimana
4,2023-12-17 10:10:49,suka desain layout
1,2023-12-17 09:28:01,versi baru bug
1,2023-12-17 07:27:18,tolong masah verifikasi nomor telepon duluh chat verifikasi nya eror tombol verifikasi masah pencet udh masukin kode verifikasi duluh aman aman susah akun
1,2023-12-17 06:56:16,ngebug voice chat kedengeran ui sampah
1,2023-12-17 05:39:48,login hapus pas coba masuk akun coba ulang kali sajaaa
1,2023-12-17 04:22:29,ancur ui nya bikin ribet user hadehhh
2,2023-12-17 03:36:23,tolong baik discordnya hp sensor proximity nya buka mic ajj sensor aktif menggangu banget pas main game kamera ketutupdikit layar mati bikin nyaman
1,2023-12-17 03:06:26,bintang denger teman gabisa denger suara teman
5,2023-12-17 02:40:11,ramah isi orang orang
1,2023-12-16 19:49:51,gw login ilang
4,2023-12-16 18:49:19,gw kangen ui
1,2023-12-16 16:34:47,keren enak dipake bugnya hadehhh
1,2023-12-16 15:51:52,update enak uinya
1,2023-12-16 15:43:00,update ui nya aneh enak ribet total
1,2023-12-16 11:51:18,update update nya sentuh ngebug gl banget simpan gw aman tuh
1,2023-12-16 11:09:35,tolong gimana download akun
1,2023-12-16 11:04:56,fitur pop out ganggu aktifitas non bareng youtube layout pop out masalah
1,2023-12-16 09:40:39,najis orang main sulit verifikasi akun itu pake akun beda gabisa pake akun jdi developer niat ya gin
5,2023-12-16 08:38:59,nya bantu
3,2023-12-16 08:12:47,kasih bintang pas kait akun pakai no hp kode invalid udah bener kode tolong baik
1,2023-12-16 06:29:10,bug
1,2023-12-16 06:21:53,ui bagus
1,2023-12-16 05:35:28,apk buruk
1,2023-12-16 04:16:53,buruk kek paan dah nomor sandi udh bener slhh
1,2023-12-16 04:01:34,update baru baik eror lag kadang bug update kecewa
3,2023-12-16 01:44:22,minimal kasih bahasa indonesia
1,2023-12-16 01:10:56,kuota ad buka connecting tolong ni knp coba buka lancar g ad kendala aj masalah tolong baik
1,2023-12-16 01:00:27,kecewa layan lupa password nya tolong cs baik
1,2023-12-16 00:47:30,tolong gara gara update sinyal jelek proses chat
1,2023-12-16 00:45:03,update versi baru rumit bikin kecewa user tambah pemberitahuan apa server udah join akses alas server report macam tolong fix rugi
1,2023-12-16 00:43:07,stuck connecting jam install ulang
1,2023-12-16 00:39:23,kembali ui update baru bug ganggu
1,2023-12-16 00:39:20,bangke abis update bug blank hitam server ku ilang
1,2023-12-16 00:37:25,kembali update jelek
1,2023-12-16 00:37:06,tampil nge blank
1,2023-12-16 00:32:03,new update bug rumit crash buka
1,2023-12-16 00:19:09,update bug server kadang ilang trus kadang bsa pindah server
2,2023-12-16 00:17:26,tiba trus server hapus
1,2023-12-16 00:15:42,update an baru gajelas bug kembali
1,2023-12-16 00:15:04,update server masuk hilang ngebug buka server masuk tolong baik nyaman guna aksed
1,2023-12-16 00:05:43,nge bug ngak baik
2,2023-12-16 00:05:35,ribet pisah pisah mana server massage optimal versi
1,2023-12-16 00:01:36,udpte parah rusak versi ui skrng ribet versi ui mending gausah udpte dlu versi ui kendala laen masuk voice suara masuk output phone speaker jdi ganti jdi ribet udpte grup ilang parah updatenya
1,2023-12-15 23:59:15,tau nya tdi vc eror pake dc nya gimana tolong baik
1,2023-12-15 21:23:29,susah banget login ajig
1,2023-12-15 18:44:39,too many bug versi jelek suka jumping channel ngobrol dichannel eh ganti channel isi pesan sesuai channelnya
2,2023-12-15 18:06:14,woi login i am robot udah bener
3,2023-12-15 17:13:18,tampil oke but kadang member nggak muncul room chanel room rada ngelag sulit user terimakasih
1,2023-12-15 17:10:14,update banyak bug aneh buruk
1,2023-12-15 17:01:39,update reponsif berat banget
1,2023-12-15 16:05:00,ni
1,2023-12-15 15:59:52,update an jelek suara gua ilang ilangan bjir
1,2023-12-15 13:54:37,ramah qu ksi bintank y hah updt gajelas kasih bintang
5,2023-12-15 13:42:35,masuk abang elestial hd
1,2023-12-15 13:32:51,tolong kembali tampil ui
1,2023-12-15 13:06:35,inti bug
1,2023-12-15 12:55:37,update doang bagus kagaa merusakk joesadangry
1,2023-12-15 12:24:21,layar mati mati mulu semenjak update
1,2023-12-15 12:12:20,update trash susah cari item balikin mode
1,2023-12-15 11:58:08,ngebug nggak fiturnya cuman nyusahin bagusaan trus voice nggak liat buka dc lambat banget make wifi ngebug make paket data nggak tolong lerbaiki bug ini
1,2023-12-15 11:32:33,pas login pake nomor hp suruh reset password
1,2023-12-15 11:05:17,apk lol daftar sulit kocak apk lo bst
4,2023-12-15 09:30:03,bug
1,2023-12-15 09:01:52,update manfaat
1,2023-12-15 03:59:55,bug nya updatean
5,2023-12-15 02:28:59,udah bagus tinggal tunggu atur bahasa indonesia cakep
1,2023-12-15 01:58:04,update baru kecewa penuh bug
1,2023-12-15 00:50:12,daftar kode invalid kode
1,2023-12-15 00:40:51,update baru sulit guna milik server cari chat server fitur search server fitur search channel tolong baik
1,2023-12-15 00:29:49,tolong fix bugnya org dm
1,2023-12-14 13:53:14,semenjak update baru forced close ngelag
2,2023-12-14 13:49:18,d update dc jelek mending gw
1,2023-12-14 13:06:51,versi banyak bug
1,2023-12-14 12:45:08,knp login register invalid whyyy baik bikin udh confrim you not are human gmn sih
1,2023-12-14 11:39:08,update bug nggak
1,2023-12-14 11:01:56,versi ribet berat
1,2023-12-14 10:52:17,semenjak update jdi susah call kirim pesan susah mohon cepat diupdate
1,2023-12-14 10:00:17,update susah
1,2023-12-14 09:27:47,balikin ui
5,2023-12-14 08:15:47,apk baik ngobrol grub
1,2023-12-14 03:57:51,mending tampilin update udah bagus ngerubah sempurna user
1,2023-12-14 02:59:14,ui hancur lebur bug
5,2023-12-14 00:11:26,susah pencet tar pencet entar busuk bngt
1,2023-12-13 23:58:38,dc update bug
5,2023-12-13 22:21:35,bagus channel ngecek media media uang isi taut kayak whatsapp inti sisa personal opini new ui keren
1,2023-12-13 22:13:55,update hp restart
4,2023-12-13 17:46:53,suara bot musik platform android jernih banding platform pc mohon baik terimakasih
1,2023-12-13 17:41:28,pas update apk nya bugg suara lawan bicara auto kecilin bugg pencet tampil nya udah baguss mes bugg nya dah doang sih trimah kasih
4,2023-12-13 17:24:38,lot banget
4,2023-12-13 16:07:00,ngelag pilih bahasa
1,2023-12-13 15:56:14,baru jelek dah bikin suara pacar banget ngebug tolong benerin ya biar suara pacar engga jelek udah diupdate bagus revisi bintang kasih bintang ya
1,2023-12-13 15:48:34,kembali
1,2023-12-13 15:29:13,apk pepek eror login susah pepek
1,2023-12-13 14:49:58,kaga akun susah
1,2023-12-13 14:25:22,bug semenjak update tampil bingung
1,2023-12-13 14:08:03,update lot parah
1,2023-12-13 13:50:58,suck update
2,2023-12-13 13:47:28,loading discordnya berat pdhal apk chat
1,2023-12-13 13:42:58,layout guna perangkat mobile nyaman user interface berat ponsel dekstop mohon tingkat optimalisasi
1,2023-12-13 13:21:41,tolong kembali ui mobile update bug
1,2023-12-13 13:20:51,bikin akun bikin aku entar
1,2023-12-13 13:20:01,benerin woi bug
5,2023-12-13 11:32:22,guna
5,2023-12-13 10:39:00,guna bantu komunikasi
1,2023-12-13 10:16:07,update baru kecewa harap kembali ui sistem karna repot bug muncul terus stabil tata letak ui bingung repot fitur geser kiri reply buruk bug loop mengjengkelkan tim developer mohon dekembalikan didowngrade versi karna stabil efisien nyaman
1,2023-12-13 06:58:09,jadah
1,2023-12-13 06:47:29,salah update buruk ui jelek ribet dev
1,2023-12-13 05:02:10,kembali ui ui baru efisien lambat kerja
1,2023-12-13 03:25:00,ubah ui bug nya ganggu banget
1,2023-12-13 03:14:18,hmmmm bagus sih bingung make nya
1,2023-12-13 03:04:34,login udah bener
1,2023-12-12 23:40:35,kebaya bug layar abu abu spam chat
1,2023-12-12 23:23:29,balikin versi kacau update bug
1,2023-12-12 17:37:59,output input soundnya masalah
1,2023-12-12 16:28:30,update skrng masuk
1,2023-12-12 16:06:04,ui layout nya jelek banget
4,2023-12-12 16:04:47,mudah ditambahin opsi kembali ui terkadang menggangu karna geser balas pesan orang
1,2023-12-12 15:59:44,tolong balikin settingan fitur guna bingung nyusahin
1,2023-12-12 15:01:11,cari chat karen fitur search chat adam tolong kembali karen fitur guna ubah ui mobile guna
1,2023-12-12 14:53:30,apan dah layout bikin nga nyaman ngebug mulu
3,2023-12-12 13:26:36,suka banget main d cma nih asli bug nya t t jdi nyaman mohon cepat d perbaikin yaa cma asik banget teman nyari tmn main game
1,2023-12-12 13:15:36,upgrade ngebuf mending kembaliin versi kek kemarin enak kemaren kemaren sih kek lot banget hp udh ngeliat teman online server
1,2023-12-12 12:42:59,enak jdi ngebug room chatnya kadang notifnya masuk ato nya
1,2023-12-12 12:41:10,bug nya banget download hp nya udah males tangan ya udah bubarin
1,2023-12-12 12:25:44,bug tampil tolong balikin kayak kemarin makasih
1,2023-12-12 11:33:29,update bug koreksi bagus update
1,2023-12-12 11:25:18,semenjak update bug nyaman udah mah buka nya bet sinyal lemah
3,2023-12-12 10:37:12,update discrod delay
3,2023-12-12 09:36:56,buruk
1,2023-12-12 09:19:05,games kenpa yah baharu buka asi bosan tolong kembali admin hormat
1,2023-12-12 08:47:33,dicord update nya bikin susah penguna fix bug bug
1,2023-12-12 08:15:22,update jelek
1,2023-12-12 04:57:46,bagus ui ui ribet voice bug suara masuk liat member klik klik ui tinggal swipe
1,2023-12-12 04:44:29,update buruk
3,2023-12-12 04:17:08,update kedip on main game menggangu harap baik
3,2023-12-12 02:06:01,nyaman riwayat pesan simpan mohon fitur hapus pesan jejak dar close dm ujung arsip terima kasih
1,2023-12-12 01:14:58,update baru bug resah
1,2023-12-11 23:04:53,updet buka bagus goblog ni
1,2023-12-11 21:19:31,update ngaco
1,2023-12-11 21:12:20,paksa ganti password konyol
1,2023-12-11 16:58:30,gajee daftar susah anehh
2,2023-12-11 15:56:38,aneh beda bat pc bug kena bug lihat pesan pas coba hapus data login inovasi bug fixing
1,2023-12-11 15:05:26,bagus tampil semenjak update bug optimal
3,2023-12-11 14:28:10,habis update bug nya pesan kirim double pesan kirim pesan tulis keyboard hilang nulis hapus pesan
2,2023-12-11 14:21:02,bug
1,2023-12-11 14:20:57,bug fitur cari pesan nya beda chanel bagus yng kemarin
2,2023-12-11 13:57:05,handphone atas doang gimana gampang freezing freezing
1,2023-12-11 13:51:09,kembali ui simple ribet
1,2023-12-11 13:47:19,update sampah lag bug layout ramah experience baik
1,2023-12-11 13:06:46,update bug orang voice cuman orang suara update suara aman aman
1,2023-12-11 12:56:40,bikin pusing updata suara
1,2023-12-11 12:40:54,balikin
1,2023-12-11 11:24:40,biasa ui harap solusi kembali ui
1,2023-12-11 10:29:08,update kaga dih lag parah
1,2023-12-11 10:27:54,layout buruk pakai layout
1,2023-12-11 09:22:21,nyaman berat
1,2023-12-11 08:58:23,tolong tambah translate otomatis terimakasih
3,2023-12-11 08:32:52,ya ampun registrasi nya gagal email pasword nya bener
2,2023-12-11 06:51:34,optimal fitur bingung stabil
2,2023-12-11 06:00:44,free nitro minggu batal muncul langgan nya google play store tolong bantu bug
1,2023-12-11 05:00:37,inti suka update
1,2023-12-11 03:36:20,apk ngeselin banget login susah banget ribet tau udah kek pw bener eh salah tolol
1,2023-12-10 21:22:20,ngebug mulu njing
1,2023-12-10 15:59:59,tampil bagong liat orang server on scroll dark theme nya ireng interface bikin ribet update kali buruk
1,2023-12-10 13:47:09,alahh gajelass
3,2023-12-10 13:42:42,hp buka suka crash huhuhu
2,2023-12-10 12:33:22,update mobile berat open hp android oppo
1,2023-12-10 11:56:47,aman akun gw kena hack kena tuduh sebar link bagus
1,2023-12-10 11:55:07,kembali ui nyaman banget liat status online grup channel ribet banget blm nemu solusi skrg ui udah bagus bikin gin
1,2023-12-10 11:54:35,update buruk guna setia kecewa berat update tanda gali kubur relevan platform komunitas gamer
1,2023-12-10 11:22:24,tampil baru jijik layar hitam kembali tampil versi
1,2023-12-10 09:52:24,verify log tombol verifynya neripo
1,2023-12-10 09:47:29,tolong kembali ui mobile versi ui versi efisien finger movement akses dm server pinned message list anggota server
1,2023-12-10 09:37:22,verifikasi nomor gagal mulu
1,2023-12-10 09:11:32,mending versi tombol pindah bingung bagus ui
1,2023-12-10 09:06:09,update
2,2023-12-10 09:04:26,abis update bug
1,2023-12-10 08:52:21,suara nya pdhl volume full gilir d pake apk wa
1,2023-12-10 06:55:54,sampah daftar gakbisa
1,2023-12-10 05:38:21,fitur layout guna nyaman muncul bug menganggu suara default output ubah output phone speaker ganti output speaker masuk voice channel
1,2023-12-10 02:59:56,habis update bsa invt org keserver kirim photo
1,2023-12-10 01:24:07,suka tampil ribet bagus
1,2023-12-09 19:53:28,tampil baru buruk
1,2023-12-09 17:23:41,lag abis upgrade parah lag abis kirim sen pesan nya apus mamakai emot sedia niat upgrade ya kntln udh bagus ganti kiblat discrod emng ush ganti abis upgrade bug parah bug fix kecewa developer discrod bayar murah ya umr ya gaji nya
1,2023-12-09 16:30:45,kocak login akun kocak kocak jelek ae nih apk
5,2023-12-09 16:17:39,elek mantap
1,2023-12-09 15:19:51,gakelas daftar
5,2023-12-09 14:49:37,bagus obrol teman
1,2023-12-09 14:32:08,gajelass banget bug sat jaring buka lancar join voice gabisa
1,2023-12-09 13:29:35,babi macem login sulit unable to send sms massage
1,2023-12-09 12:47:37,bug trs benerin ngeselin orang
1,2023-12-09 12:43:57,masuk password code invalid kecewa
1,2023-12-09 12:11:06,ndak ndak login
2,2023-12-09 12:07:49,akun dc lupa email mas kait nomor telepon login verivikasi kirim email hilang
1,2023-12-09 12:06:31,verifikasi nomor bikin susah hidup
1,2023-12-09 11:54:09,masuk login susah banget buang buang doang login ngulang
5,2023-12-09 11:42:46,terimakasih cepat merespon maaf kesal susah login verifykasi
1,2023-12-09 11:41:44,login susah login pake google
1,2023-12-09 11:16:52,knp log out trus akun suka
1,2023-12-09 10:47:07,update baru jelek susah cari chat tenggelam masuk channel nya searching gw meriksa chanel gitu ngecek mana chat coba liat update masuk server chanel mana nyari dmna letak chat ny langsung kecewa update
1,2023-12-09 09:23:15,kau bilang kawan kena banned mulu nang akun oh ya kawan eh nggak kawan tolol
1,2023-12-09 08:46:38,email ku tolak
1,2023-12-09 08:26:17,update nya bikin jd lot banget balikin versi sblm nya
5,2023-12-09 07:15:51,bagus versi bug
1,2023-12-09 07:04:16,verifikasi nomor telepon
1,2023-12-09 05:18:56,update buruk cari chat server cari chat langsung server
1,2023-12-09 02:15:56,suka hilang suara main
1,2023-12-09 00:56:09,update buruk kembali versi
1,2023-12-08 19:26:43,update kirim terima gambar
2,2023-12-08 19:17:51,jelek layout buruk fitur kembali tampil kecewa layout android jelek biasa kembali tampil very ugly very bad layout no display restore feature this makes me very very disappointed the android layout is very very ugly i m not used to it restore the og layout
1,2023-12-08 18:46:28,layout baru fungsional layout kebih mudah navigasi ayo kembali layout
1,2023-12-08 17:02:51,enak pakek sound nya kyak bug jadk pelan
2,2023-12-08 15:00:46,update bug fine ajaa sy sm temen share screen pas play video tiba disconnect gitu trus kek pas buka voice call private stengah lauar item anehhh bangett
5,2023-12-08 14:46:47,mantab
1,2023-12-08 14:46:25,napa ribet banget dah
1,2023-12-08 14:05:35,balikin versi woy liat tmn online server ngeliatnya hrs cari bikin ribet woy
2,2023-12-08 13:44:19,opsi layout suka layout
5,2023-12-08 12:52:38,bagus fitur fitur tapet kacuk nya ah ah ah ah ah
4,2023-12-08 12:50:15,bug in chat room kadang layar ngelebar samping posisi vertikal
1,2023-12-08 12:22:00,bug update kali
5,2023-12-08 10:43:34,situs eror ya
1,2023-12-08 10:41:32,login nyuruh verifikasi nomer gabisa udah bener
1,2023-12-08 09:35:32,alas fitur search comment udh working kayak versi
1,2023-12-08 09:25:59,update nyaman tampil berat fitur hilang
1,2023-12-08 09:18:28,sih registrasi password password cocok udah gunta ganti tetep cocok
1,2023-12-08 09:05:32,kembali mode member geser layar kanan kiri bagus ubah
1,2023-12-08 07:58:25,bikim banned lucu ya
5,2023-12-08 06:51:11,moga bangkrut
1,2023-12-08 06:27:23,semenjak update ngebug sih gw kirim foto video server kirim chat pribadi teman
2,2023-12-08 05:47:49,tampil baru chatting voice
2,2023-12-08 05:41:28,update susah online server
1,2023-12-08 04:35:48,update buruk mao liat orang server pencet tombol updatenya praktis bikin ribet kasi fitur gitu biar keren kali ya
1,2023-12-08 02:16:57,update ui nya bikin ribet ngak kaya mending uninstal ganti whatsapp
3,2023-12-08 01:35:55,apasih liat list member sulit
1,2023-12-08 00:32:21,update lag
1,2023-12-07 23:30:07,semenjak update jadi meng cih video suara muncul gambar nya hitam putar video discotd item banget njing
1,2023-12-07 14:59:14,mendowload
3,2023-12-07 14:56:42,nya suka nge stuck gitu relog ya gitu trus kadang bener kadang gitu tolong
2,2023-12-07 13:58:36,pas login pakek nomer hp pas masukin kode sms gabisa masuk stuck
1,2023-12-07 13:37:27,force close registrasi buruk kali
3,2023-12-07 12:48:14,napa update voice nya jp hp pindah speaker kaya telpon pake loud speaker kencang suara nya
5,2023-12-07 10:39:34,efektif bug
1,2023-12-07 10:16:22,habis upgrade ribet
1,2023-12-07 08:42:57,verifikasi nomer telpon enter babi
1,2023-12-07 06:49:04,suara nya mantul ya
1,2023-12-07 05:38:26,tampil gajelas bagus versi sblm nya labih praktis ribet dipake tolong tampil search nya dibenerin kya text panjang bawah kya paragraf tolong bngt
5,2023-12-07 05:24:01,makasih ya udh balikib duid
3,2023-12-07 05:19:36,bagus tampil
1,2023-12-07 05:07:23,mending versi nya
1,2023-12-07 02:57:51,duh dah login email udh pasword pakek gabisa register pakek akun udh invalid aneh
1,2023-12-07 01:43:26,suka tampil ui ny tolong kembali fitur show new layout user pilih tampil
1,2023-12-07 01:25:07,sekuriti kode gajelas kode udah gaje
5,2023-12-07 00:49:25,tingkat ubah ramah guna suka
2,2023-12-07 00:42:27,update jelek banget pindah dm server lot parah mending tampil kaya gausah ubah
4,2023-12-07 00:08:33,buruk
4,2023-12-06 23:18:14,atleast bagus smua cmn pke hp tuh bug nya banget nyaman make nya
5,2023-12-06 21:44:52,mohon bahasa indonesia
1,2023-12-06 14:23:51,system nya ketat system suruh verifykasi no invalid tolong bantu buka akun
1,2023-12-06 13:39:17,update baru berat harap optimal lag voice scroll chat
1,2023-12-06 13:33:30,update gajelas bingung pakenya
1,2023-12-06 11:46:51,coba kali masuk wifi aman e mail password bener sih dah
1,2023-12-06 09:57:21,diskord plikasi ter debest si gw suka banget
3,2023-12-06 04:50:58,senang download pas register username password suruh isi lahir tanggal lahir lahir pas isi tanggal lahir muncul tulis unable to register tulis verify by hcaptcha muncul tulis unable to register tolong tau maksud
1,2023-12-06 04:43:19,verif no telp susah kode udh eror invalid gajelassss
1,2023-12-06 04:29:26,nerima kode verifikasi gimanai ing tolong baik
4,2023-12-06 00:29:15,bicara mati
1,2023-12-05 23:50:26,pencet
5,2023-12-05 23:14:14,email bener sandi dah masuk apk susah bener tolong mudah min
1,2023-12-05 17:39:48,register kesal tolong baik
1,2023-12-05 17:12:28,gabisa pencet
1,2023-12-05 17:06:15,koq bsa register tlong donk d prbaiki
2,2023-12-05 15:00:44,terkadang bug ganggu aktivitas kerja
2,2023-12-05 14:54:34,jalan android bug buat lag kali dar kirim pesan sederhana
1,2023-12-05 13:27:50,isi verifikasi nomor handphonetetap masuk nomor mohon baik sekian kritik
5,2023-12-05 13:26:19,suara ya pake headset
1,2023-12-05 12:11:29,dc gw knpa muter bot musik suara bngt pdhl volume udh full bot ponsel
5,2023-12-05 11:40:43,costumer service fast respond bantu milik
3,2023-12-05 07:30:12,bugnya bener bener ya udah log in besok pas masuk dicord suruh log in ulang eh malh mencet apk mohon baik
3,2023-12-05 06:19:57,bagus tolong ya ngevoice temen connecting nya banget sinyal internet bagus loh
1,2023-12-05 04:59:03,login susah banget verifikasi nomor valid nomor
1,2023-12-04 14:15:28,apk garing login ribet banget masukin password
1,2023-12-04 12:10:29,apk cacat bnyk bug
3,2023-12-04 12:05:45,server
5,2023-12-04 10:08:25,mantap wir komukasi teman lo kasih bintang lo
1,2023-12-04 06:44:22,anjir ram gb ngetik delay parah kadang suka disconect
1,2023-12-03 14:20:23,tolong baik bug jaring jaring bagus pakai wifi coba gabung server connecting hubung buka youtube sinyal nya lancar developer tolong baik nyaman
1,2023-12-03 11:17:06,waktulalu ken kasih bintang pas hapus pakek login akun pas akun udah kali coba
1,2023-12-03 09:57:53,gajelas gaboleh register download abis register izin register
5,2023-12-03 07:21:37,keren manfaat
5,2023-12-03 04:01:10,saran tambah fitur double account maksud double account akun login gampang switch account
1,2023-12-02 18:42:28,anj g daftar susah lu masukin nomer telpon verifikasi pencet emang apk bab
1,2023-12-02 12:51:03,banget kendala buruk
5,2023-12-02 10:22:36,sgt bantu ajak teman gabung saat jg
3,2023-12-02 07:33:12,puas kadang suara hilang bug tolong baik
2,2023-12-02 05:37:07,sampah kadang waras kadang buka nutup black screen gilir kagak buka banget ngebuka sulit orang pake dc komputer
3,2023-12-02 05:13:55,bug resah sinyal bagus bilang jelek login udah hapus download ulang tetep udah versi baru tolong fix bug online server jalan tugas moderator server
2,2023-12-02 05:12:42,main discrod ku email gw bener
2,2023-12-02 03:28:35,tolong baik pasu kode verifikasi karna suka masuk sms
1,2023-12-01 23:11:19,ku kasih bintang login akun mlh kode invalid mu baik lgi
2,2023-12-01 17:25:38,dipake android ngebug mulu sih kesel banget ganggu banget asik ngobrol
1,2023-12-01 16:14:26,daftar sulit daftar pakai nomor kode nya masuk daftar pakai email sandi nya salah masuk pakai akun sandi nya salah sandi nya pakai sandi
2,2023-12-01 12:15:56,ramah guna android butuh sabar atur urut role channel
1,2023-12-01 10:46:01,enak beli nitro pusing capek beli kali yaa
1,2023-12-01 08:29:27,akun susah akun susah bikin orang pusing
1,2023-12-01 07:01:39,pas voice call bareng teman layar mati nyala hp aman voice call layar mati nyala tolong bug baik resah
5,2023-12-01 02:34:28,keren
1,2023-11-30 17:33:43,susah bngt didownload
2,2023-11-30 10:05:32,login sangkut akun google nya
1,2023-11-30 07:32:52,email kirim
5,2023-11-30 03:23:29,layar baik kadang komunikasi fitur fitur nya bagus bagus
3,2023-11-29 19:30:20,suruh verifikasi nomor pas masukin kode malam masuk
1,2023-11-29 11:49:48,bug nya veritivikasi code
1,2023-11-29 08:59:51,update rusak file hilang
5,2023-11-29 05:22:25,bahasa indonesia
5,2023-11-28 17:17:29,bagus suka ajak ngobrol
5,2023-11-28 16:57:30,suka bantu teman komunikasi game
1,2023-11-28 12:33:22,kasih bintang pas login pas ganti sandi tolong benerin
1,2023-11-28 12:12:27,nyala audio
5,2023-11-28 07:58:40,seru cari teman main
3,2023-11-28 07:23:51,developer tolong baik verifikasi nomor kali kali tulis nomor hp muncul code is invalid
1,2023-11-28 06:48:07,halah apk add email password does not match korban nya tll
5,2023-11-28 05:52:02,nice maka teman
1,2023-11-28 04:34:19,verifikasi nomer terang kode kadaluarsa nomer pakai pakai akun
5,2023-11-27 23:55:22,tittle event tsunade dah hilang tittle
1,2023-11-27 15:58:07,woi bug lu bener in ajing masuk in no kena limit
2,2023-11-27 12:26:47,kasih bintang bgus tambahin
1,2023-11-27 10:58:44,banned admin
1,2023-11-27 10:25:30,login gnti pasword akun
5,2023-11-27 05:51:29,apk temen mabar pokok dbase dah
1,2023-11-27 01:49:05,tolol login susah kali asu pake acara cek cek gmail pepek asu udah bolak
2,2023-11-26 12:56:05,email does not exits dah masukin akun ku
5,2023-11-26 12:53:03,senang
1,2023-11-26 11:55:19,akun disable alas rugi orang request kembali akun tolak coba
1,2023-11-26 08:56:49,dc main mati
1,2023-11-26 08:10:54,meenyulitkan login verif code isi nggak verif tolong loginnya mudah
5,2023-11-26 04:54:49,bagus bug susah si pas verifikasi
4,2023-11-26 04:03:20,sedia bahasa indonesia
1,2023-11-26 01:36:27,saldo sedot ngapa ngapain kesal kecewa
1,2023-11-25 12:08:53,gimana jelek gin ngk on voice sma video call tolong mending hapus aj ngk bego
1,2023-11-25 09:02:54,maaf kasih bintang gambar jelek suara jelek
5,2023-11-25 06:37:45,cocok masyarakat
1,2023-11-25 06:35:37,tolong tolong kali enak main roblox teman voice putus panggil main roblox teman teman panggil nya mati tolong update tingkat terimakasih
5,2023-11-25 06:04:53,bantu info info event game
1,2023-11-25 02:24:00,lambat
1,2023-11-24 13:18:11,semenjak update jelek gin bug tolong baik
5,2023-11-24 12:26:06,hebat kali soalnye ade cakap bareng kawan iya to keren ku kasih bintang lime
1,2023-11-24 10:12:07,males gunain dc semenjak gabisa akun
5,2023-11-24 10:03:49,geme cocok geme samp makasih min
1,2023-11-24 08:37:21,aneh nih masak masuk pake akun
1,2023-11-24 07:30:00,update bug bugnya kadang pencet
1,2023-11-24 03:47:32,biar gw masuk web anjg
4,2023-11-24 02:55:59,seru manfaat koneksi
1,2023-11-23 17:05:14,apk rusak no hp masuk email kadang masuk rusak hapus apk
1,2023-11-23 15:26:02,open cam gada woi muncul muka
2,2023-11-23 13:06:19,akun kena akses batas
5,2023-11-23 12:43:13,keren
1,2023-11-23 12:39:25,aneh dwn apl terinstall ulang aneh
1,2023-11-23 12:23:58,masuk dc
5,2023-11-23 12:01:07,senang
1,2023-11-23 09:45:31,login susah verif dobel loding pdahal jaring mbps
1,2023-11-23 08:27:39,kumpul pembokep
5,2023-11-23 06:37:39,wolah gg
5,2023-11-23 06:33:11,bejirrlahhh
5,2023-11-23 06:11:37,suka p
4,2023-11-23 01:39:53,mula kondisi
2,2023-11-22 14:49:34,tolong dc suka ngebug mulu ya suka force close suka nge lag
1,2023-11-22 12:17:38,dc update emoji biar jamet gitu aneh lho emoji hd bagus sesuai built in device emoji
1,2023-11-22 11:37:46,ngebug trus tanda sendnya suka ngilang update bug nya betulin
1,2023-11-22 10:55:42,nitro langgan alami bug mana habis tentu tolong benerin bugnya batal nitronya akun tulis pending cancellation kecewa bugnya kena bugnya teman langgan nitro nitronya habis tentu
3,2023-11-22 09:12:50,mohon maaf developer developer baik ulang ulang login mohon baik ya developer salah mohon pemberitahuannya developer
1,2023-11-22 08:55:58,bet ni verify your phone terima terima
5,2023-11-22 07:38:12,tolong tambah bahasa indonesia atur pilih bahasa
1,2023-11-22 06:54:48,freeze buka foto tolong baik
5,2023-11-22 06:45:13,bantu manfaat
5,2023-11-22 05:41:32,bantu manfaat
1,2023-11-22 03:30:21,jaring bagus kenceng pas lambat lot tambah pakai ngelag ngirim pesan suara ngelegnya parah banget tambah telepon suara dengar jelek banget karna teman teman udah unistall tolong baik
1,2023-11-22 02:37:12,update masalah suara suka putus putus hilang nitro langgan tahun
2,2023-11-21 13:07:33,log in
1,2023-11-21 12:12:37,banget login alamat email udah sandi salah
4,2023-11-21 11:30:11,halo discod keluh main game voice chat teman voice chat mati mengangu tolong baik sekian terima kasih
3,2023-11-21 09:12:48,poco m pro sharesceeen
1,2023-11-20 14:33:35,apk babi login acigala human ya login huma dongo ya kali banteng login kaco nih apk
3,2023-11-20 11:54:45,maaf susah login tulis sesuai angka mohon baik tks
5,2023-11-20 11:09:10,game bagus chat game mabar gta rp terima kasih doscord
4,2023-11-20 09:58:22,apk bagus kadand kadang ngeleg kasih bintang dlu hehe apk bagus maksih buat apk
4,2023-11-20 09:20:29,ni login ama register napa yah email nomor password tpi apanyayang salah
5,2023-11-20 07:11:18,multiguna obrol teman grup fiturnya
5,2023-11-20 04:54:12,nya bagus masuk register mohon baik lah
1,2023-11-20 03:34:59,kntl abis update jarang suara kntl
1,2023-11-20 03:04:41,update bug hadeh
5,2023-11-19 17:05:41,meng instal
3,2023-11-19 14:04:21,gabung voice dengar suara nya nya
4,2023-11-19 11:15:53,fitur fungsi
2,2023-11-19 04:52:46,recomended log in susah pindah pindah email kadang gagal udh bener sesuai langkah langkah
1,2023-11-19 04:40:38,gin sih masuk udah bener sih cocok hantam
3,2023-11-19 04:04:22,register pas ken bikin akun tulis unable to register pengenjoin grup
5,2023-11-19 01:18:55,tolong nya baik ya nya coba tolong baik thanks you
1,2023-11-19 00:13:58,kecewa
1,2023-11-18 12:57:10,apk pling tolol pernh
1,2023-11-18 12:28:04,update detik rasa berubahhh
1,2023-11-18 12:15:10,bahasa indonesia
5,2023-11-18 11:58:43,manfaat kalang anak muda mudah paham tambah teman
1,2023-11-18 11:58:41,verif nomor nomor kasi valid
5,2023-11-18 10:31:28,baik buka tread crash
3,2023-11-18 07:01:36,ganti username pakai password passwordnya lupa
5,2023-11-18 02:32:03,cocok komunikasi dll
3,2023-11-18 02:22:03,bug gimana ya voice out please fix this
3,2023-11-18 01:35:25,banyak bug visual mohon baik optimal dc mobile
1,2023-11-17 16:12:02,bug dengar suara restar hpnya normal smoga bug baik
5,2023-11-17 15:51:27,yatim dc anjj pepek
5,2023-11-17 14:04:45,apk kenang sendiri
1,2023-11-17 13:00:51,upload video buruk
1,2023-11-17 11:52:01,download
1,2023-11-17 11:36:44,mahal premium
4,2023-11-17 11:03:31,sistem nya gimana ni nulis kode nomor pas coba tulis verification code is invalid gimana min tolong baik
4,2023-11-17 09:32:47,bagus game mic bug menggangu
5,2023-11-17 08:42:00,suka apk rekomendasi teman
4,2023-11-17 05:35:34,coba gitu bikin chatnya baca bug nya
3,2023-11-17 04:47:22,update trus libur nya update rusak notif muncul dll
5,2023-11-16 13:17:25,dc bantu d hp susah mendownload dc
1,2023-11-16 13:12:01,bintang udh capek bikin password gabisa
1,2023-11-16 10:20:58,tolong sedia bahasa indonesia translate
5,2023-11-16 10:10:39,
1,2023-11-16 08:44:17,masuk nyimpen asa kucing selesai solat subuh umur sehat manusia pulang ya allah
1,2023-11-16 07:15:48,bug resah verify no telepon gabisa verify human gajelas gambar tolong
1,2023-11-16 06:53:07,sulit daftar
1,2023-11-16 04:20:24,verify muncul kode sms tulis nya sistem invalid pepek kau verify apk rusak
5,2023-11-16 01:13:33,mudah bug
3,2023-11-15 17:17:05,saran adakan bahasa indonesia nya
1,2023-11-15 16:16:58,banget update bagus nggak
1,2023-11-15 15:42:06,login daftar apk lol
2,2023-11-15 12:04:48,ad bag suara hilang
5,2023-11-15 11:44:11,bagus sih komunikasi teman game
1,2023-11-15 10:53:18,lol regis akun gagal anjg
2,2023-11-15 08:57:28,verif alamat email mem verif nomkr telpon dlu baik masuk apk nya
1,2023-11-15 08:48:28,ni sih log in aj susah
3,2023-11-15 08:17:01,tolong baik open screen server dc suara hp tmen bug mohon meperbaiki bug thank you
1,2023-11-15 06:12:25,ngirim kode sms gampang error pas login login
5,2023-11-15 05:12:03,update seru banget dowload
1,2023-11-15 02:10:28,verifikasi akun eror
5,2023-11-15 01:30:10,bagus orang nya ramah coy
3,2023-11-15 00:28:48,eror susah login facebook
3,2023-11-14 22:46:48,gan verifikasi gw bocil
5,2023-11-14 17:58:54,oke bagus ki
1,2023-11-14 16:49:49,aneh suara teman muncul wifi lancar tolong baik
3,2023-11-14 14:47:44,update aneh
5,2023-11-14 09:15:00,paten
5,2023-11-14 09:07:34,join server orang nih terimakasih
2,2023-11-14 04:23:41,verivikasi nomer jelek gmn sih kode nya udh bener
1,2023-11-14 01:37:37,bejat anj gua login pake akun akun nggak anj emng
1,2023-11-13 22:35:03,verivikasi im not robot error pake no pakai kecewa sih rusak
5,2023-11-13 16:07:49,update
1,2023-11-13 15:30:01,kualitas video buruk pdhl jaringanya setabil jelek
1,2023-11-13 13:55:15,tolong ya masuk nomor hp pencet pas verifikasi kode
2,2023-11-13 12:12:47,bahasa indonesis nya
3,2023-11-13 06:18:57,suka ui
1,2023-11-12 19:27:47,udh msukin kode sms bner tpi mlah ngestuck
5,2023-11-12 16:03:41,rekomendasi banget
4,2023-11-12 14:48:48,bagus bahasa tolong tambahin bahasa indonesia bahara inggris sih dikit lancar
1,2023-11-12 14:06:52,suka ngebug udh masukin verifikasi kode incalid masuk kode
1,2023-11-12 12:11:31,bagus ni apk pas muncul verify gua pakek account hp gua ya account gua
2,2023-11-12 11:29:50,semenjak update
1,2023-11-12 10:29:25,kak add email suruh verify email pas udh change email passwordnya ku masukin baca password doesnt match ya
5,2023-11-12 04:26:42,nih apk bagus vc an wk
1,2023-11-12 03:51:41,gua login
1,2023-11-12 03:09:50,top gg login november orang akses login top gg internet lancar website youtube kualitas p lancar
2,2023-11-12 02:27:29,kecewa log in password akun nya udah bener masuk yah sand gmail sampe sampe pesan nya gmail
1,2023-11-12 02:08:29,lot parah baru
2,2023-11-12 01:33:30,sampah mentang mentang pake udah tahun main bikin pusing pas login sulit password nya boleh masuk password email salah tolong developer baik perlu terimakasih
5,2023-11-12 00:22:12,tau bilang
2,2023-11-12 00:14:52,ui bikin lag hp tolong tambah ui
1,2023-11-11 18:53:16,gabisa verify nomor hp gagal udah bener code nya
1,2023-11-11 17:30:38,tolong developer verifikasi pake password susah bener baik dah capek verifikasi
5,2023-11-11 16:24:12,enak komunikasi
1,2023-11-11 15:20:07,bintang disirkelin mulu
1,2023-11-11 14:11:00,susah log in
5,2023-11-11 12:42:47,terimakasih kualitas suara bagus jaring udah gaada i love this
1,2023-11-11 07:25:13,update buruk
1,2023-11-11 04:43:38,apk aneh udh masukin gambar sesuai kali kali tetep gabisa udh masukin kode bener gabisa masuk
1,2023-11-10 23:21:24,aneh aneh login ribet suruh cek email masuk gilir masuk udah expired berulangkali kek gitu niat sih ppq
3,2023-11-10 23:01:32,tampil ui dukung
1,2023-11-10 16:15:28,gw main notif suruh ganti nama ganti nama doang dah gitu close ngelag enggak ganggu nama doang ganggu orang main ganti ganti ae ribet ubah doang sampe ganggu ae ni btw gw pas kyk gin mai laptop
1,2023-11-10 15:22:00,susah banget login doang pas suruh cek email verify location loading mlu buka link gabung server dc hadehhh
1,2023-11-10 14:36:37,bug nya tolong baik mencet tol bekal kali tolong perhati developer
3,2023-11-10 13:33:04,update niat biar bug kurang nambah ni bug nya
3,2023-11-10 13:24:09,login masuk nandut gamau nunggu
5,2023-11-10 10:35:52,keren dah nih
5,2023-11-10 07:55:24,meeting online tonton recomend ldr
2,2023-11-10 07:36:28,bis bicara main menicraft
2,2023-11-10 06:05:22,bintang knpa alami login ya login muncul tulis merah sandi email nya bener ya tolong baik nya mohon baik login nya mantap baik
1,2023-11-10 02:35:49,nhak jrlas setaip masuk hatus verifikasi galiam ama paswoord udah masukin tetetp salam maksud
2,2023-11-10 02:34:32,semenjak update bugnya bot hilang
1,2023-11-09 22:27:37,lot banget gua ken masuk akun verifikasi nya banget tolong developer baik lot kaya
1,2023-11-09 11:16:51,udah veryfikasi direspon
1,2023-11-09 09:35:18,register kode verifikasi
4,2023-11-09 03:42:40,bagus baik password opsi lupa password solusi
4,2023-11-09 01:32:30,nyaman make
3,2023-11-09 01:05:41,guna komunikasi teman main game cmn kdng pas open mic suara ku tpi gilir headset suara tolong solusi
1,2023-11-08 17:46:38,woy benerin gw login eror benerin woy gw kasih bintang
1,2023-11-08 15:55:39,path patah
1,2023-11-08 13:34:30,kemarin verivikasi akun sms kirim code masuk invalid
1,2023-11-08 10:37:12,pasu nomor ponsel kode nya udah tulis pas verifikasi
1,2023-11-08 09:40:41,login susah
2,2023-11-07 15:25:49,guna paham bahasa indonesia
1,2023-11-07 13:19:24,dikit verif human hubung no hp code nya gimana sih
1,2023-11-07 10:30:38,kali daftar udah masukin email bener tulis valid
3,2023-11-07 07:01:21,lot parah android
5,2023-11-07 05:42:17,bagus collab
1,2023-11-07 04:53:15,ngirim kode reset sandi terkadang ngirim kode dodenya selasu salah
1,2023-11-06 19:29:10,tolong baik eror hpus data register mlah taikkk lahh
1,2023-11-06 19:22:26,login susah apk rusak
1,2023-11-06 19:06:16,guna kek y asli update sekang jdi msk koneksi bagus pdhal
1,2023-11-06 17:08:52,bug tab nya muncul kali klik
2,2023-11-06 14:38:49,login sinyal lancar
1,2023-11-06 09:51:28,cacat kagak pake speaker kawan dengar
1,2023-11-06 04:46:25,rusak register gimana pakenya rusak
1,2023-11-06 04:41:46,kembali tampil
5,2023-11-06 03:12:54,terimakasih lita berkat jajan sus tei
4,2023-11-05 12:41:18,ok ngerti main nya but never mind ngobrol tmn tmn game
2,2023-11-05 09:52:29,lag mulu kesel anjenk
3,2023-11-05 09:24:12,masuk suruh kasih email pas udah ku kasi gabisa pencet
5,2023-11-05 05:07:41,mantap langsung respon developer nya sekian terima kasih
2,2023-11-05 04:43:50,buto mak kau password kena match bodo bale koe kali fix bugnya
3,2023-11-04 21:05:01,tambah bahasa indonesia kasih bintang
1,2023-11-04 15:49:25,fitur mulu diurusin nyaman kagak lot banget nih baik napa sih mending balikin kayak fitur simple smooth no lag
3,2023-11-04 13:15:56,tambahin fitur bahasa indonesia donggg
1,2023-11-04 13:04:13,tolol g verifikasi nomor dcyatim akun gw gimana pea aman skrg akun ge g verifikasi
1,2023-11-04 12:18:35,login captcha alami bug kesal notif login loginnnnnnnnnn
1,2023-11-04 06:16:38,login susah bener
1,2023-11-03 15:22:39,lag
1,2023-11-03 12:57:49,pas join stream orang mute suara udah kali kali restart paksa uninstall install
1,2023-11-03 10:22:26,dah join server udah verifikasi macem tetep ngga masuk
3,2023-11-03 10:17:01,tolong tambah fitur translate on chat
1,2023-11-03 05:40:05,balikin
4,2023-11-03 05:26:46,bagua
1,2023-11-03 04:32:13,nama ama password gw invalid mulu anj udah bener cok bangke
5,2023-11-03 03:11:53,mic ingame bagus main game milik fitur keren asik main game
1,2023-11-02 23:05:13,kali login masuk coba hasil marah baik
1,2023-11-02 15:33:46,banget masuk pake akun daftar pake nomer telpon tetep emang sampah
1,2023-11-02 15:19:12,siih voice fungsi nyala
1,2023-11-02 15:16:46,semenjak update susun tata letak tarik bagus kemarin letak samping tolong ubah tata letak
4,2023-11-02 11:54:30,add language indonesian
1,2023-11-02 10:43:33,tolol gw register susah banget udh gw akun masuk udah pake gw pake
1,2023-11-02 10:27:21,susah verifikasi
1,2023-11-02 09:56:07,apk aneh masukin email sandi bener sandi mah salah aneh
3,2023-11-02 08:37:22,woi channel bawah muncul woiii g join voice woiiii benerin
5,2023-11-02 05:43:20,komunikasi teman mudah
1,2023-11-01 15:32:12,semenjak update fitur menu g buka
3,2023-11-01 14:46:09,jujur tampil hp aneh lelet
5,2023-11-01 14:11:08,fitur fiturnya bagus tpi sayang sedia bot mendownload musik simpan internal jdi mohon sedia mendowload lagu le simpan internal serta cover lagu
1,2023-11-01 13:51:55,apk sampah bug nya
1,2023-11-01 13:44:44,login pasword email simpan keyboard tinggal masuk tolak tes hcaptcha selesai email pasword tolak sih tau log bikin males emang robot gimana akun login hadehhh twlwl
1,2023-11-01 11:41:04,update
5,2023-11-01 11:07:47,bagus lancar
5,2023-11-01 07:49:58,suka apk karna main obrol teman
1,2023-11-01 05:56:56,skibidi spoiler rilis
1,2023-11-01 02:49:40,update jelek nyesal update
1,2023-11-01 00:02:28,ngirim chat tulis done reading mulu
1,2023-10-31 23:59:39,bug nya parah ngirim foto vidio
5,2023-10-31 22:51:52,aq indonesia kmu
3,2023-10-31 16:55:11,chat load chat load foto video tolong baik bug
5,2023-10-31 14:44:54,apknya bagus
1,2023-10-31 14:19:47,sinyal busuq
1,2023-10-31 14:18:08,lambat ya
1,2023-10-31 13:49:14,jelek susah login nya
1,2023-10-31 13:40:25,loading twiter links not emnedding trus ya koneksi sinyal bagus
1,2023-10-31 13:27:19,share screen layar buffring wifi lancar suara video lancar banget layar buffring
5,2023-10-31 12:40:45,yap mantap
5,2023-10-31 12:08:00,bagus update ngelag
4,2023-10-31 11:56:56,assalamualaikum mohon maaf nanya tau bug ap udh veri pas udh veri suruh login ulang pas login ulang gmail no pake eror plz tolong baik
1,2023-10-31 08:45:04,login susah nomor hp code salah bis login
5,2023-10-31 08:07:06,recommended pake ijo ds nobar film rame seru pokoknyaa
5,2023-10-31 06:17:27,bagus cocok komunitas gaming
1,2023-10-31 06:06:34,bagaimna daftar kn bisaa
3,2023-10-31 03:46:03,bagus kadang lambat ngelag tombol klik tolong baik
1,2023-10-31 02:10:07,ngebug kirim pesan apk busuk
1,2023-10-30 22:33:25,connect instagram
1,2023-10-30 22:00:13,download
1,2023-10-30 18:15:28,gatel login email salah password salah kntol
5,2023-10-30 13:25:09,keren aflikasinya
1,2023-10-30 13:00:59,login akun ribet
5,2023-10-30 12:27:02,bagus banget discordnya hp
1,2023-10-30 12:25:36,atur pilih output input suara versi destkop
1,2023-10-30 12:11:53,tolol bahasa indonesia anjg
1,2023-10-30 09:02:05,login masuk gagal pw email masuk dalam
1,2023-10-29 16:44:58,sandi login akun salah apk tolol
2,2023-10-29 14:02:00,kasih bintang kecewa bug bug sandi bug aneh pasu sandi salah pasword does not match aneh tolong baik nyaman apk moga developer baca
4,2023-10-29 13:37:35,kg daftar
1,2023-10-29 12:14:15,update eror
5,2023-10-29 12:03:03,berkat temen
2,2023-10-29 12:02:17,ya internet bagus pas buka hubung
2,2023-10-29 07:52:36,kasih bintang krn
5,2023-10-29 05:54:51,bagus bangt suka kasih bintang ya
1,2023-10-29 04:40:32,apk asu bug bug
4,2023-10-29 04:23:36,alami gagal log in captha salah beda mobil dah tanda merah try again mohon baik kerja hambat
1,2023-10-29 03:39:24,
5,2023-10-29 03:00:14,gw komunikasi thanks
1,2023-10-29 01:17:02,pas masuk gabisa buka server kadang
1,2023-10-28 16:15:58,verifikasi phone
1,2023-10-28 16:08:22,update kali jelek skli
2,2023-10-28 15:09:16,knp y pdhl password nya bener invalid udh benerin ortu ku ttep g pdhl dlu lho akun kunci ya gimana kesel
1,2023-10-28 14:57:07,kntl login ribetin
1,2023-10-28 13:34:49,buk udh kelar tulis masuk
1,2023-10-28 08:40:19,kocak tolong dc knp gw pen verifikasi gagal mulu no ver nya bener tolong perhatiin bug update dc
5,2023-10-28 06:43:41,apk bagus banget cocok mabar bareng temen
1,2023-10-28 06:07:34,instagram connection suka
5,2023-10-28 05:04:47,bagus milik fitur nya media komunitas game
1,2023-10-28 03:54:24,plis gw kena tipu sory rating jelek niat turnamen brisia jordi eh adminnya linglung lenyap deh duit gua ama
1,2023-10-27 18:23:27,ui sulit fitur hilang
4,2023-10-27 15:30:46,udah kenal turut ya tau nulis
1,2023-10-27 14:50:49,verifikasi email akun ku muak
3,2023-10-27 14:30:47,aj
5,2023-10-27 14:07:34,saran terima rating ubah hehe thankyou mate
5,2023-10-27 13:43:24,rame seru
5,2023-10-27 13:09:22,plisss tambah bahasa indonesia
2,2023-10-27 10:13:24,notifikasi personal group notifikasi set only mention nyaman pakai terkadang notifikasi mentor group kerja
4,2023-10-27 03:40:47,suka
4,2023-10-27 02:39:13,bagus main game hubung telepon
1,2023-10-27 00:55:02,jelek
1,2023-10-26 22:46:51,crash henti not responding
1,2023-10-26 14:42:01,lamban
1,2023-10-26 14:07:44,kesal proses verifikasi jalan ganti perangkat jalan buang buang
1,2023-10-26 14:04:06,verify nomor pas masukin kode nya dah bener trus pencet verify stuck
1,2023-10-26 13:42:30,ribet msukny anj
5,2023-10-26 10:14:25,keren isi sirkel fak
5,2023-10-26 07:59:41,ketemu temen ngobrol orang very very good
5,2023-10-26 06:32:18,verry good kadang reconnect mabar kawan touring
5,2023-10-26 01:52:46,tolong tambahin bahasa indonesia
3,2023-10-26 00:45:51,update baru share screen butuh banget sharescreen
3,2023-10-25 12:50:47,dc kali audio output sebab dengar suara teman
1,2023-10-25 12:38:09,hubung iven lord mobal gue download karna kejar permata gue kasi bintang kasih permata sy kasih bintang
5,2023-10-25 12:21:04,sangatt menyenangkann
1,2023-10-25 10:29:55,login new location has detected gilir buka gmail masuk link expired suruh login gilir ganti password isi tolak bilang invalid token
1,2023-10-25 09:47:37,apk kesal masuk karna register
5,2023-10-25 08:33:20,cari temen mabar mudah
3,2023-10-25 08:15:12,bahasa indonesia kasih bintang
3,2023-10-25 05:41:26,download udah update fiturnya keren sih
2,2023-10-25 04:54:48,gw save role title rolenya nembus layar hp kiri gimana sih
5,2023-10-25 00:29:40,bantu obrol teman
5,2023-10-24 23:09:17,jelek aneh bangsad
3,2023-10-24 17:25:03,gw sllu repot sma akun gb knpa akun gb hnya repot orng ad slah
5,2023-10-24 12:55:08,bagus komunikasi main
1,2023-10-24 12:28:31,berat perangkat ukur ram gb
1,2023-10-24 08:23:24,musingken
2,2023-10-24 08:06:39,bingung bis akun
1,2023-10-24 04:44:26,kali kali verification nomer salah mulu kode gitu males dah
5,2023-10-24 02:34:02,tingkat dev nya
3,2023-10-23 17:44:35,update baru post bingung ombak ui masif wakt biasa dar saran update ganti ui masif dikit guna shock sekian
1,2023-10-23 10:42:21,susah register nya kena disabled melulu mohon moga baik
1,2023-10-23 08:49:14,cape gw lu gw udah kali ngasih email ama password kagak tulis enable register
1,2023-10-23 07:16:29,daftar akun kode verifikasi sms tunggu mohon baik
5,2023-10-23 06:41:39,komunikasi pake mabr mudah apk nya berat hp
5,2023-10-23 06:26:36,keren anj
1,2023-10-23 04:13:49,skrng berat tolong buat versi lite ubah jdi bintang
1,2023-10-23 01:10:45,login find your friend kode email invalid
5,2023-10-22 22:32:46,nomor perangkat pesan fungsi tolong
2,2023-10-22 15:27:11,kesini ds join voice lebar buka game boot jg bs lgsg join voice hrs buka dl ya ribet pokok ya
1,2023-10-22 14:45:36,apa mo login doang ribet banget salah salah bener udh nanya nanyain user komputer mo login situs kali hadeh
3,2023-10-22 13:51:14,spiker handset bluetooth pencet guna on mic join voice
4,2023-10-22 10:59:32,kasih bintang ya
1,2023-10-22 10:37:43,vertifikasi email chrome gagal muat jaring bagus bug update baru mohon fix login mohon fix
5,2023-10-22 08:28:02,jelas komunikasi main game dll
4,2023-10-22 05:57:46,knp kasih bintang susah buat bikin kesel cok
1,2023-10-22 04:21:50,k gua coba masuk awas lu gu a doain lokasi gua kasih lu bintang
1,2023-10-22 02:17:19,jelek banget
4,2023-10-22 01:50:49,knp ya dh daftar tp login dah masuk email nama pasport dll tp ko ya kasih bintang ya
1,2023-10-22 01:50:22,bodoh udh gua robot eh gulang tolol
1,2023-10-21 19:56:20,bug fixed
1,2023-10-21 18:18:24,apk gajelas buka mudah sulit
1,2023-10-21 15:19:20,tolong ya buka lambat tekan masuk nge bantu tolong dibenerin astaga update nya nambah bener nambah rusak
3,2023-10-21 15:17:03,login registrasi tolong kahh developer
4,2023-10-21 14:37:51,kah discrod adakan bahasa indonesia paham bahasa inggris nyaman bahasa negara bahasa indonesia terima kasih
1,2023-10-21 14:19:48,bagus pas update suruh login ulang pas verify phone nomor telpon komunikasi tolong baik
1,2023-10-21 12:31:06,gw tampil tema dc nya aneh jelek banget asli bikin mencet
5,2023-10-21 11:04:38,mudah pakai cari teman game cari putar event game
4,2023-10-21 08:34:52,bagisbenget bantu
2,2023-10-21 08:02:10,login akun ayo
1,2023-10-21 07:46:19,nya suka bug jaring bagus bagus aj bintang
1,2023-10-21 07:43:46,ux nya susah paham guna awam tutor
2,2023-10-21 04:20:55,apk sih bug nya pas verifikasi password enter
3,2023-10-21 03:21:09,coba klou aman sukses bintang
5,2023-10-21 01:42:46,bagus orang introvert
1,2023-10-21 01:15:02,maaf masuk discor ya
5,2023-10-20 17:40:57,bahasa indonesia
1,2023-10-20 14:05:51,jelek update nya gabisa scren
2,2023-10-20 12:50:57,gue dah pnya akun pas coba masuk lupa sandi trus akun ganti password nya gada ubah gmna ahhhh
1,2023-10-20 12:27:37,muas coba hilang rtc dah gua lakuin
1,2023-10-20 12:11:25,update ui nya sampah banget anjeng kembali versi
2,2023-10-20 11:57:03,bingung fitur fiturnya share screen hilang kembali fitur fitur cepat sesuai
5,2023-10-20 10:01:39,suka main game on mic bagus tambah teman komunitas
1,2023-10-20 02:42:21,sayang bahasa negara indonesia pandai cari pasar bye
5,2023-10-19 22:38:38,bgus aplnya buruann download
3,2023-10-19 17:03:47,ubah tampil
4,2023-10-19 16:45:08,bagus bahasa indonesia nya reting mohon developer tambakan bahasa indonesia muda mohon developer
1,2023-10-19 16:29:26,login nya susah captcha nya
4,2023-10-19 13:43:51,tambahin bahasa indonesia
2,2023-10-19 12:08:17,tolong admin verivikasi nomor telepon ya
1,2023-10-19 11:36:53,suara dengar speaker teman mic aktif
1,2023-10-19 09:34:35,tolong baik masuk serverny bsa verifikasi nomor ny unable
1,2023-10-19 09:30:14,nerima pesan kode verifikasi nomor
5,2023-10-19 08:10:33,cakap kendara motor daftar harga launching iphone c orang
5,2023-10-19 06:57:07,bagus tp speaker suka bug gabsa klik
5,2023-10-19 04:28:39,apk selisih
2,2023-10-19 03:34:37,gimana gagal verify no udah terima pesan input gagal
1,2023-10-18 20:37:44,si suruh verif tp pas udh dapet kode sms gabisa pencet aneh
2,2023-10-18 17:43:10,tolong bug nya benerin pake apk pake jaring data hp pake wifi tolong baik cepat nya kemarin kemarin update pake wifi data seluler update pake jaring wifi pake data seluler
1,2023-10-18 16:32:13,min bahasa indonya
1,2023-10-18 14:59:49,sampah update
3,2023-10-18 11:11:14,kadang temen pas main game discconet pas game temen kadang suara udah on mic voice join
5,2023-10-18 10:06:57,bantu
1,2023-10-18 09:47:10,susah akun nya g kek ribet masukin kode salah emang aneh ni discor jinggh
1,2023-10-18 03:55:31,update alam nyaman fitur lambat buka nya kirim video thumbnail video kangen pilih cepat merespon
4,2023-10-18 00:36:45,tinky winky dipsy lala puh sepuhhhh ajarin puh sepuhhhh mula puh sepuhhhh download puhh sepuhhhhhhhhhhh
1,2023-10-17 13:31:23,gabisa relogin liat tutorial youtube kali kali minggu tetep gabisa masuk tolong diupdate apk nya
1,2023-10-17 10:36:19,capek tungguin verifikasi kode nonton youtube baik kode verifikasi
5,2023-10-17 07:42:30,enjoy
5,2023-10-16 17:21:01,mantaps
1,2023-10-16 16:01:42,jelek orng masukin kasi sanfi email coba rengking jelek asu
1,2023-10-16 06:30:29,gw udah bikin akun suruh akun tolol anjg
3,2023-10-16 05:58:10,akun kode verifikasi
3,2023-10-16 05:31:46,hai dev verifikasi nomer hp kirim nomer pin nya sms tolong terima kasih
5,2023-10-15 21:26:16,fitur lengkap
1,2023-10-15 11:54:57,pas login bilang robot kecewa
4,2023-10-15 11:23:32,update jelek
5,2023-10-15 11:13:21,moga join amin
3,2023-10-15 11:04:41,dear knp verify invalid code masuk kode kali kali tolong tindak lanjut ya
1,2023-10-15 10:37:10,dcan bareng temen voicenya fungsi coba tetep gabisa bikin ribet coba ya baik biar orang pake dc prasangka buruk thx
3,2023-10-15 10:31:33,apasih ngebug mulu udah masuk voice group tp suara jelek banget semenjak udah update
1,2023-10-15 10:11:12,pake email pake pakai fix
1,2023-10-15 06:18:51,problem nak mampus masuk je keluar
5,2023-10-15 04:29:11,ny guna
1,2023-10-14 22:33:48,mendowload apknya
1,2023-10-14 16:02:40,suara ngebug gejala suara hilang
2,2023-10-14 16:01:10,update android milik teman input volume fungsi akun ios desktop input volume fungsi
3,2023-10-14 15:01:08,bagus sih minus ngecrash mulu pas audio call force close
4,2023-10-14 13:56:47,kuntul
2,2023-10-14 13:20:56,pas gw telfonan pake kandang kadang disconnected udh bareng
4,2023-10-14 10:47:16,gabisa buka atur ban server android google tolong baik
1,2023-10-14 09:18:24,kirim kode nya bro
5,2023-10-14 06:51:01,bagus recomend
5,2023-10-14 03:23:00,bagus item
5,2023-10-14 01:37:56,nya bagus mabar ama orang
3,2023-10-14 01:17:28,tambah terjemah indonesia
4,2023-10-14 00:43:00,milik keluh alami join salah server link link kadaluarsa coba milik server linknya kadaluarsa aktif tolong solusi
1,2023-10-13 15:26:45,verifikasi nomor telepon penuh dailru limit tombol verifikasi susah pencet
1,2023-10-13 15:20:14,update ui freeze detik buka tombol tombol responsif
1,2023-10-13 14:24:50,kena verifikasi email gagal sms emai kirim ribet banget sih
1,2023-10-13 13:55:40,aj susah masuk ribet
1,2023-10-13 12:43:49,yatim yatim yatim tolol login susa gua doain bangkrut apk amin
4,2023-10-13 11:55:22,gg sih bug kayak has crashed unexpectedly gw teman inggris
1,2023-10-13 07:28:03,sayang nya susah bikin akun
4,2023-10-13 06:41:49,can you add indonesian language
5,2023-10-12 15:48:31,mantap
2,2023-10-12 15:41:24,ink bintang fix suara mic hilang room masuk hilang baik beritahu
4,2023-10-12 15:09:58,semenjak update ganti tema dll ngelag banget
2,2023-10-12 12:39:55,bug play musik device ganggu menggunaoan bot beda
2,2023-10-12 12:14:01,masuk udah coba kali
2,2023-10-12 11:51:24,isi kode verify phone suka gagal udh bener ngk terima kode tolong baik
5,2023-10-12 09:24:04,komunikasi grup saran
5,2023-10-12 08:23:12,fest bang windahh
1,2023-10-12 05:56:39,suara nya udah pencet speaker nya
1,2023-10-12 02:29:21,gatau login pakai human udh benerpun banget bug loginpun gatau tulis new location detected gajelas
5,2023-10-11 23:20:30,temen
3,2023-10-11 19:00:11,tolong kasih bahasa indonesia biar enak ting nya
2,2023-10-11 14:37:56,bagus lag lot
4,2023-10-11 14:15:21,maaf kasih bintang fitur liat sandi daftar nomor lupa sandi
1,2023-10-11 13:24:28,login masuk re chapta
4,2023-10-11 10:10:29,bug hilang mohon baik
1,2023-10-11 08:38:08,mohon login aku rumit nya kali login nggak tolong bug baik
1,2023-10-11 06:09:46,loginnya susah
5,2023-10-11 04:44:16,keren mang
1,2023-10-11 00:55:41,kasih gue nitro gratis anjg kntl
1,2023-10-10 20:46:15,apk tolol login pake salah mulu riset sandi nya tetep salah bikin kode verifikasi nya bener bilang salah apk
2,2023-10-10 16:41:03,kadang mati kadang gaada suara tolong baik apk nya biar nnti kasih bintang
1,2023-10-10 15:30:37,ah cuki bug trs apk jleg
1,2023-10-10 13:55:44,buka experience game roblox mic mati akan dissconect voice group developer memperbaikin bug guna nyaman game
1,2023-10-10 13:41:30,suka ngelag kek
5,2023-10-10 11:22:17,bagus akun hilang login abu boom
3,2023-10-10 10:42:55,klau bagus bintang
3,2023-10-10 10:28:07,bug
1,2023-10-10 08:17:15,masuk
1,2023-10-10 06:12:37,tolong baik bug ganggu contoh nomer hp verifikasi
3,2023-10-10 04:42:20,banget bug tombol call ilang suka grup call suara ilang tolong baik gin susah komunikasi temen pas mabar
1,2023-10-09 16:59:58,update busuk nickname server ganti udah ganti orang
5,2023-10-09 14:13:31,senang mudah
1,2023-10-09 14:06:11,login nya sulit asw
5,2023-10-09 11:06:54,tolong baik something went wrong
1,2023-10-09 08:46:11,gajelas gua udah bener masukin password email login gua ulang akal tetep yaudah gua hapus ni moga baik
5,2023-10-08 18:51:37,coba tambahin
2,2023-10-08 18:13:08,kait nomor handphone akun nomor daftar hapus akun tolong baik supara kait nomor hp masuk teman
3,2023-10-08 18:01:21,bahasa inggris
2,2023-10-08 16:55:09,pas nyimpen gambar save tolong baik bugnya
3,2023-10-08 10:21:32,udah make dapet ni bug ngetik chat kirim messagenya udah gonta ganti jaring coba log out akun dapet ultra rare error udah nyobain solusi tetep aneh join voice chat ganggu ngechatnya doang susah kecewa berat
5,2023-10-08 09:51:22,selisih bgus bet
4,2023-10-08 06:49:30,ok bagus gu mah gua maingta samp launcer kadang ngeluh bug nya
1,2023-10-07 22:55:06,knp sih registrasi tulis unable to register nunggu banget
1,2023-10-07 14:58:41,gua masukin akun apk ajing
5,2023-10-07 13:45:31,bagus banget nya voice tolong ya tambah fitur
4,2023-10-07 10:13:31,bro pikir fitur zoom gambar user desktop buka browser gambar pikir fitur zoom gambar user desktop update kemarin beda user desktop updatenya tonjol nitro users tolong bijak mengupdate nyaman guna
3,2023-10-07 09:29:20,cari terjemah bahasa bahasa inggris
1,2023-10-07 07:30:44,password does not match gitu mulu login sandi undah bener bug aapana sih
5,2023-10-07 07:26:51,nambahin bahasa indonesia sih mudah
1,2023-10-07 05:10:40,aneh masuk voice chat suara volume full
1,2023-10-07 04:57:26,nggak guna krna add friend
1,2023-10-07 03:43:06,tolong baik login kgk nerima sms code verifikasi udh tunggu jam
5,2023-10-06 16:35:03,main
2,2023-10-06 16:04:00,dasar dungu pdhal email pw bner tpi salah gajelas baik chapta robot apa maksud
1,2023-10-06 15:07:10,ko masuk baca robot ku suruh ngulang gulang sampe kali ya mohon perbaikin
1,2023-10-06 13:56:57,tolong benerin bug ny verif nomor aha gara tombol verif nya gamau pencet kode verif ny udh trus notice hadeh bet bug ny tolong benerin
1,2023-10-06 09:03:43,dc nya rucak acu agi teponan ama ayank nda cualanya halus tutup dc
5,2023-10-06 08:18:44,bagus mabar
1,2023-10-06 06:45:19,susah verifikasi email
3,2023-10-06 06:35:25,semenjak pakek lumayan bagus kualitas nya tama
2,2023-10-06 06:08:50,buruk koneksi jelak login
1,2023-10-06 04:34:02,please baik bug kali log in akun log out akun temu akses akun bodoh bikin akun kali kali
5,2023-10-06 02:17:18,tarik
2,2023-10-05 16:02:12,tolong benah verifikasi coba ber kali
5,2023-10-05 14:25:50,min dc ku beda dewek pusing
1,2023-10-05 14:01:56,jelek nggak vertifikasi email baik
1,2023-10-05 13:13:01,login iin bener
2,2023-10-05 12:11:33,kek anj error pas ku buka layar ngefreze
4,2023-10-05 11:34:27,bagus mula
1,2023-10-05 11:07:03,pasuk
4,2023-10-05 04:56:54,turut kecewa fitur untk menanbah stiker handphone pc saran tolong tambah fitur stiker handphone orang orang handphone stiker
2,2023-10-04 16:14:34,suka pilih gambar karna bingung
2,2023-10-04 15:54:03,izin verifikasi nomer email nya beda hal instagram fb youtube dsb akan batas emang sengaja alas aman lampias emosi sumpah serapah sepele
2,2023-10-04 13:08:39,bintang dlu masuk nomor telepon kode nya invalid
4,2023-10-04 12:37:04,bagus kecuali aman akun jelek google ubah sandi lupa sandi verifikasi hp lupa sandi rubah sandi divice alhasil device pakai orang tolong tambah fitur lupa sandi guna rubah sandi lupa
1,2023-10-04 10:22:31,kesal login phone masuk kode invalid knp sihh tolong benerin
5,2023-10-04 09:41:34,bagus komentar ku
5,2023-10-04 08:30:24,guna gamers
1,2023-10-04 05:44:20,registrasi udah kali registrasi tetep masuk
1,2023-10-04 02:37:38,sulit verifikasi email
5,2023-10-03 13:20:48,kasih bintang
5,2023-10-03 12:49:44,wow bagus suka
1,2023-10-03 04:48:37,aneh join grup pake email email ku maling
1,2023-10-02 22:19:28,samsung latar
1,2023-10-02 15:08:58,parah cuman log out login verifikasi nya jelek ngeklick verifikasi cuman nya kadalwarsa
1,2023-10-02 13:33:28,login aka susah apk aneh
1,2023-10-02 13:23:39,buruk registrasi masukin tanggal lahir parahh
1,2023-10-02 10:35:53,urus akun ribet akun menit masuk akun gausah baik bugnya
5,2023-10-02 07:25:01,seru main teman kasih bintang
5,2023-10-02 04:17:59,puas bantu komunikasi main suara realtime lancar
5,2023-10-02 03:40:27,suara bersih
5,2023-10-01 10:00:14,ken login
1,2023-10-01 09:17:34,update pas buka pencet
1,2023-10-01 08:23:02,ganti nama pfp save
2,2023-10-01 06:07:44,login tolong baik
1,2023-10-01 04:00:35,login susah
1,2023-10-01 00:58:58,akun disable alas tolong kembali
1,2023-10-01 00:30:26,verifikasi akun invalid codenya tolong benerin
5,2023-09-30 22:00:55,login lolod
1,2023-09-30 21:59:23,apk kek anjj
1,2023-09-30 20:44:26,halo sih bagus update suruh verify phone nomor hp verify phone kode salin tolong baik verify phone suruh phone verify pas kode udah dimasukin verify bilang an exciting acoount in already using this number pls baik
1,2023-09-30 19:32:04,login password email beda device ya login laptop handphone
1,2023-09-30 18:11:30,buruk akun login id password
1,2023-09-30 16:50:52,bego ngasih kode verifikasi g terima asu asu kgk temu gw minimal pinter in dikit bikin tuh asu
1,2023-09-30 15:37:03,login terang akun nonaktif akun x
1,2023-09-30 15:05:23,info bug parah dapet login register ngebug emang boleh main hah way way wayyyyyyyyyyy
1,2023-09-30 14:51:31,bug banget semenjak update kirim foto video
1,2023-09-30 14:37:43,login masuk bug nyangkut mulu
1,2023-09-30 14:01:09,gabisa verify udh nunggu kode jam jam kode nya invalid konyol emg dh ah mls kyk koon
1,2023-09-30 13:31:44,maksud lu bro gw daftar kali akun gw nonaktif
3,2023-09-30 12:31:46,tolong baik bugnya update bug hilang
1,2023-09-30 09:01:52,gj bet login akun error pas akun make email kocak bet
1,2023-09-30 08:24:12,jelek akun bug mulu
2,2023-09-30 07:43:47,suka baik terima kode security code terima pesan security code terima tolong baik menggangu
5,2023-09-30 05:19:39,bagus suka main game online teman komunikasi game lancar seru fitur nyaman
1,2023-09-30 05:11:17,kasih tutorial login bintang
1,2023-09-30 04:29:49,masukin digit very burik banget
1,2023-09-30 04:22:53,apk rusak login susah banget
3,2023-09-30 04:11:24,halo diacord login karena kena ultra rare eror tolong bantu login diacord please kena ultra rare erorr
5,2023-09-29 18:27:07,itk kumpul dg keluarga kerabat sahabat gaskeeeuuuun
1,2023-09-29 16:41:13,guna akun masuk verifikasi sesal mendownload nya kali
1,2023-09-29 15:23:02,burik babi ajg
1,2023-09-29 14:38:12,aplikasih sih bug hp redmi suda hasuk verivf phone akun akun aktif tolong baik
4,2023-09-29 14:20:54,mic mati
1,2023-09-29 13:20:30,ui nya jelek ngirim pesan jeda detik ganggu banget ku font nya gede
5,2023-09-29 12:27:28,saran developer nya fitur game activity rata platform mobile saran bahasa indonesia metode bayar banyak user negara indonesia
2,2023-09-29 12:11:30,log in email sandi dah g bdoh banget
1,2023-09-29 12:02:33,band d blokir
2,2023-09-29 11:23:48,kirim video server dc lambat jaring lancar pas selesai ilang sungguh kesal tolong update buruk
1,2023-09-29 11:01:01,raknek register su asu cok jaran ndue ranggenah blas
1,2023-09-29 10:41:21,verifikasi gagal gabisa login aneh tolong baik
1,2023-09-29 07:47:22,indonesia apk aneh udh masuk verifikasi gmail pw udh selesai verifikasi tdi habis gw curiga nih apk jangan ngambil data pribadi wajib report fyp tiktok hati nih apk english the strange apk has entered but you have to verify gmail and pw it s finished you have to verify again like before there s no end to it i m suspicious of this apk don t want to take personal data you have to report fyp on ti
1,2023-09-28 18:06:35,pas dengar live kecilin suara pake tombol hp atur keciliin
1,2023-09-28 17:55:08,jls jaring bagus masuk akun dc nya udah gw uninstall tetep bsa tolong benerin
1,2023-09-28 15:45:38,jelek suara suara pake game suara hancur banding kualitas turun akibat jaring coba kali kali discordnya basa tolong baik
1,2023-09-28 13:53:43,susah kali login nya sih gua manusia robot ultramen g mulu
1,2023-09-28 11:13:19,serba nitro
5,2023-09-28 10:32:36,tolong tambah fitur stories msh bug mic suara
5,2023-09-28 05:21:31,bagus multitasking
1,2023-09-28 04:29:46,apknya bagus
1,2023-09-28 03:27:43,apk gila gua login sandi email nya bener gua jam bulak login doang gabisa developer nya coba benerin dahhh apk
5,2023-09-27 21:10:14,benci karna temen bacot
2,2023-09-27 18:42:10,banya bug verifikasi nomor telfon susah login
2,2023-09-27 17:44:30,semenjak update ngirim video foto voice chat ya
5,2023-09-27 15:50:17,tolong baik main lag truss
2,2023-09-27 15:40:50,masalah ya kemarin crash error mohon baik reinstall kali kali
4,2023-09-27 12:40:37,bagus banget filter tik tok
1,2023-09-27 12:31:34,gajelas suara mendem kaya dalem air orang dc an cewe nya nyaman dengerin suara cewe imut lucu gemas gara gara suarany mendem
5,2023-09-27 11:02:50,ya bagus
1,2023-09-27 09:44:09,beli minimal verif jngn langsung ambil saldo udah unbind jg nyolong
2,2023-09-27 06:28:25,gua akun
1,2023-09-27 06:22:55,durung pragat
5,2023-09-27 04:53:19,guna kendala
2,2023-09-26 16:16:29,bug gimana server udah tata rapi sera
1,2023-09-26 15:44:19,command delay rename bot partybeast nya detec mkin berat ghost touch udh restart hp ttep perbaikin lgi
5,2023-09-26 13:37:48,u so gj but i like it bikin streaming sampe negeri
2,2023-09-26 08:01:37,
2,2023-09-26 07:43:15,bug mic tolong dibenerin acara suka bug mic nyusahin banget
2,2023-09-26 07:19:50,email pasword udah bener robot ngapa dah log ajah susah
2,2023-09-26 04:33:35,bug tutup ram hp full speak hp pada
5,2023-09-26 04:19:58,mantab
3,2023-09-25 13:23:21,benerin bug nya kakak nge geser kanan ama kiro berat banget pencet garis
5,2023-09-25 11:57:29,makasih dc
5,2023-09-25 11:37:46,bug mic re instal restart device party temen tolong baik
1,2023-09-25 11:33:30,pas nya buka trus ken ngechat nya suka trus jadi server channel chat history chat history chat tolong nya baik update doang ngapa ngapain
3,2023-09-25 09:05:46,bagus tpi sayang bahasa indonesia nya tolong kasih bahasa indonesia biar org gbsa bhs inggris bsa maka
5,2023-09-25 05:21:08,bagus
2,2023-09-25 05:03:05,makasih responya atasin kait no hp moga cepat atas
1,2023-09-25 02:36:11,bug nyaman hp poco spek alam buruk
1,2023-09-25 02:26:00,sampah mw verify nomor aj pencet uda jam
1,2023-09-24 22:38:01,fix you are being rate limite
1,2023-09-24 22:02:13,susah login emile pasword muter lol watshap nomber one uninstal
1,2023-09-24 18:50:32,baik bug nya abis buka byk banget bug
5,2023-09-24 17:48:09,bagus apknya cuman bikin baterai boros gpp suka gegara kenal teman negeri hehehe tambah cerita bikin tarik
1,2023-09-24 15:24:01,banget ngirim kode gilir udah kirim masuk akun tomlol
3,2023-09-24 12:44:42,disconnect
4,2023-09-24 10:44:51,geser samping berat
1,2023-09-24 10:44:04,semenjak update new interface berat lag mending kek
5,2023-09-24 10:35:43,game nya sgt bagus
4,2023-09-24 08:17:43,pas masuk server channel hilang komennya campur channel channel baik yah min
2,2023-09-24 06:40:33,gw pake password keluarin password nya
1,2023-09-24 05:03:36,
1,2023-09-23 16:53:51,game apasih maen poker high card mulu benci apk
1,2023-09-23 15:24:56,bug tolong tambahin opsi liat livestream quality video nya atur
1,2023-09-23 13:49:51,udah masukin pasword nya bs masuk udah edit salin bs
5,2023-09-23 13:07:32,terimakasih kasi hero b lilith game guardian tales terimakasih kong studio
5,2023-09-23 07:19:50,simple manfaat
2,2023-09-23 07:06:42,tolong kasih translate bahasa indonesia
4,2023-09-23 06:48:34,bagus ya buka kali tulis henti
1,2023-09-23 05:10:55,android susah login
5,2023-09-23 04:24:21,nih main bareng teman jdi
5,2023-09-23 01:31:46,tambahin bahasa indonesia donk user indonesia pake daridulu
2,2023-09-23 00:46:16,update pencet channel channel nya grup grup nya
1,2023-09-22 19:43:29,bug audio reinstal
5,2023-09-22 15:33:17,adakan fitur translate
3,2023-09-22 13:30:52,bintang nya tkut bgus
1,2023-09-22 12:46:25,login nya lambat guna milih gambar login ulang dasar guna sampah
5,2023-09-22 09:48:45,bagus tp bug
4,2023-09-22 09:45:54,update baru bug tolong fix masuk dc selaalu stuck loading screen thx
5,2023-09-22 03:50:05,seru tarik
4,2023-09-22 03:31:21,kemarin kirim foto vidio kirim foti vidio loading padhaal lihat jaring normal kendala discordnya tidaj pakai kirim
1,2023-09-22 02:05:30,login susah ampun uda milih ehh salah
3,2023-09-21 13:01:37,yaa kadang suka jls gpp
1,2023-09-21 12:15:32,bagus download
3,2023-09-21 10:53:11,hilang google autentikasi kembali akun dc min mohon bantu
1,2023-09-21 10:49:19,akun
1,2023-09-21 08:54:15,bab gw akun eh notifikasi robot anj
1,2023-09-21 08:33:03,rusak login
5,2023-09-21 08:23:06,mantap dang
5,2023-09-21 06:34:55,baik jaman main game
4,2023-09-21 01:01:32,tampil ya bikin bingung suka tampil
3,2023-09-20 17:40:53,bahasa indonesia bagus
2,2023-09-20 15:25:08,join voice conecting conect yaa
3,2023-09-20 13:30:41,nge bug kah verifikasi masuk kode merespon salah tolong baik ya
1,2023-09-20 13:16:49,gajelas ganti device gabisa login akun aneh hapos ae ps panteq
5,2023-09-20 11:27:24,keren enak lucu sounboard nya
5,2023-09-20 10:40:32,bagus bantu komunikasi
3,2023-09-20 10:28:43,tau activities rotasi otomatis selesai bug susah geser layar kanan kiri
1,2023-09-20 08:01:51,hapus benci
4,2023-09-20 07:08:34,add bahasa indonesia please
5,2023-09-20 06:44:06,good job lancar saran kecuali upload size batas mb tingkat free mode nya mb mb
5,2023-09-20 05:12:15,bagus cocok gamer mudah komunikasi main game teman sahabat
5,2023-09-20 03:39:55,kirim foto terimaksih responnya developer
3,2023-09-19 20:08:54,misi developer bahasa indonesia
1,2023-09-19 13:03:07,bagus bug saran update bag ya
1,2023-09-19 08:53:57,email ama password dah bener login
1,2023-09-19 08:30:36,testing bagus bintang
1,2023-09-19 07:36:26,sampah masukin kode udah bener login masukin umur dahh gimana sihh
2,2023-09-19 06:20:25,oi min napa gua login bikin akun salah jaring gimana ayo bikin gua darah
5,2023-09-19 05:42:02,bagus sosial interaksi luas hubung jalin teman
4,2023-09-18 18:09:34,ditambahin atur bahasa indonesia bahasa negara mudah fasih bahasa inggris
5,2023-09-18 14:28:04,biar
2,2023-09-18 13:28:31,susah login
4,2023-09-18 10:52:32,up
1,2023-09-18 09:26:10,rusuh gajelas suka log out trs suruh reset password sus activity sus activity coba gw ngbrol orang
1,2023-09-18 07:39:16,kode si
1,2023-09-18 00:36:39,woi gabisa login register kode masuk email pakai
4,2023-09-17 13:19:27,suara voice ilang kadang geser layar
5,2023-09-17 12:29:56,arah
1,2023-09-17 12:06:06,gajelas login ulang akun sulit verify atur bener disalahin suruh cek email kirim pesan
5,2023-09-17 11:51:36,bingung sih fitur nya maklum kali pake
1,2023-09-17 10:29:53,sih daftar pke email tulis kayak email is already registered email baik pake nomor handphone code nya masuk masuk code nya tekan verifikasi nya jaring baik capek situ teman teman mohon bantu nya
4,2023-09-17 10:08:03,lumayan voice ama temen
1,2023-09-17 09:43:46,hina ampas banyak paler akun lupa
4,2023-09-17 09:05:51,ken dapet teman kasih teman cepat notif nggak verify aku plis pas verify mudah segi fitur bagus tinggal mudah verifynya
1,2023-09-17 08:33:43,butut maha maen keun na
5,2023-09-17 07:53:16,teman
1,2023-09-17 07:50:12,gimana nih akun sy hilang kembali nya gmn pw dah bener tetep perbaikin woii
1,2023-09-17 06:11:25,kecewa banget pas login susah
3,2023-09-17 03:11:50,ponsel oppo a update gabung server game suka susah paksa download versi kini ponsel realme c ponsel
1,2023-09-16 16:04:33,kasih bahasa indonesia
3,2023-09-16 14:29:00,subtitle indonesia
2,2023-09-16 12:33:59,tolong lh pliss benerin verify number phone klik tombol verify masuk nomer telp kode verify tolong ya benerinn
1,2023-09-16 12:20:06,login sulit beda device doang tetep gagal kesini jelek
5,2023-09-16 08:53:11,bagus komunikasi wifi pakai kuota data ya makan kuota nya
5,2023-09-16 04:37:09,maksih ka indonesia
1,2023-09-16 01:10:39,login register bintang
1,2023-09-15 23:42:11,bug pilih audio output gabisa pilih dengar ngomong tolong baik coba hp instal ulang
5,2023-09-15 18:49:01,mudah interaksi vtuber sayang
1,2023-09-15 14:43:03,error aneh njing group gua ilang admin ngibul
5,2023-09-15 13:38:28,ken gordon freeman
1,2023-09-15 08:42:52,login sandi email nya bner goblock
1,2023-09-15 06:37:44,suara ku wkwk install
1,2023-09-15 06:26:40,wahh parah masak iya lg ngomong an stuck tolong baik
3,2023-09-15 02:30:40,tolong tambah bahasa indonesia bingung bahasa indonesia
5,2023-09-14 15:28:18,berterimakasih tanggap komentar berterimakasih pasuk kode baca verifikasi admin jaga teliti mohon maaf tingkah laku terima kasih
1,2023-09-14 15:04:33,apas banget kode invalid mulu kode masuk perbaikin min
5,2023-09-14 12:36:29,cocok game online
3,2023-09-14 07:35:40,sumpah dah login nya ribet banget pake akun google rusuh verifikasi pas udah verifikasi kagak masuk tolong baik plis
1,2023-09-14 04:44:43,bug mic bicara
3,2023-09-14 04:39:39,tolong baik min alas link io akses tolong fix
5,2023-09-13 19:17:20,bagus banget toxic suka hati
1,2023-09-13 15:00:48,nggak ya verifikasi email auto uninstall
1,2023-09-13 14:46:07,atur suara bot musik nya udah nggk gmna nya sih ajg
5,2023-09-13 13:06:07,bagus cuman kadang suka crash gitu
4,2023-09-12 23:39:10,bagus komunikasi jarak konvoi motor
3,2023-09-12 13:46:41,sistem delete akun kurang server ber sistem duoble counter mana dual akun moga baca developer
1,2023-09-12 11:50:41,verifikasi nomer telepon password salah password tolong baik kesal
5,2023-09-12 10:53:00,mantap ngobrol teman
1,2023-09-12 09:52:42,login udah udah sok keren
3,2023-09-12 07:43:22,update mulu bug dah bener update coba
5,2023-09-12 05:12:22,bahasa indonesia nya rilis dev
5,2023-09-12 04:30:40,bagus yuk gabung windah basudara
1,2023-09-12 04:15:17,chat
1,2023-09-12 01:41:45,rusak mulu suara orang
1,2023-09-11 22:59:25,masuk nya tulis nya unable register
2,2023-09-11 13:11:15,halo keluh verifikasi ni masukin nomor pakai kode sms salin kode tempel saat pencet verify pencet ulang kali susah susah kerja grup grup tolong bantu
1,2023-09-11 12:53:31,babi kau bug
1,2023-09-11 11:35:33,tolong buka gilir reinstal pas log in pas pencet verifikasi nya kaya gitu pas pencet verifikasi tolong gmn
1,2023-09-11 10:37:24,anjeng masalah mulu
2,2023-09-11 08:12:08,tolong pas masukin verify code code kasi udah kepake ya kita gmn
1,2023-09-11 08:08:55,bikin sya kesal daftar nya gajelas
4,2023-09-11 07:36:17,inget gua tambahin
1,2023-09-11 06:54:00,burik ngebug otak nya usus ya
5,2023-09-11 04:34:35,nya bagus developer mohon fitur bahasa indonesia translate
5,2023-09-11 04:28:13,bagus ngegame
5,2023-09-11 02:47:16,baik
1,2023-09-11 01:06:19,dimasukin
5,2023-09-10 20:44:22,keren mudah chat
1,2023-09-10 16:09:08,bgsd ngebug
1,2023-09-10 15:56:04,kimak banget anjg gua login udh bener nya tetep ditanyain gua robot kali kali gimana gua kesel kntdd
1,2023-09-10 14:45:43,bagus buruk ggr lag internet ngelag samsek open camera
1,2023-09-10 10:40:35,gaje login kasih tulis new login location detected mulu nih rusak gimana login google udah ganti password tetep tulis emg rusak beneran kali
1,2023-09-10 10:36:59,tolong baik gara ngak save download tekan hang ngak buka apl tampa behenti apl hapus ulang ngebak nih langsung udah verify email resend email muncul gmail gimana ngebug nih
5,2023-09-10 10:29:58,mb turunin bang
1,2023-09-10 06:25:37,tolong vitur verifikasi iphone fix nggk pake acc mohon fix
5,2023-09-10 03:55:19,mantap kualitas voice bagus main game putus
2,2023-09-10 02:06:44,najis bug nya
5,2023-09-10 02:05:57,tau dc nya gbisa instal
1,2023-09-10 01:39:06,udah login akun tetep apk bintangsatu
5,2023-09-10 00:02:43,bagus teman vtuber
1,2023-09-09 21:38:54,pakai
1,2023-09-09 16:33:08,login nya ribet banget
1,2023-09-09 13:08:03,suruh verify nomor hp udah kirim baca unable to send sms message mulu
5,2023-09-09 09:40:10,bonus
3,2023-09-09 07:52:33,kasih bintang deh pas asik asik mabar pakai apk suara
5,2023-09-09 07:38:45,butuh bahasa indonesia bahasa inggris susah akun paham instruksi
1,2023-09-09 06:20:07,login akun bintang alas pendo
5,2023-09-09 05:47:14,bagus sayang kena hack tolong hacker hilang
2,2023-09-09 05:22:17,kadang bug audio output ngga pilih pakai spiker wired headset reinstall appnya
5,2023-09-09 03:45:47,terimah kasih moga manfaat
1,2023-09-09 03:07:02,bagus gamenya
5,2023-09-09 01:34:59,guna
5,2023-09-08 21:35:28,nya bagus udah pama pake kendala
1,2023-09-08 14:01:27,login susah bnget
1,2023-09-08 12:32:55,muncul tulis connecting ganggu
3,2023-09-08 11:19:24,sayang perangkat android akun minimal
5,2023-09-08 10:43:54,mudah hubung temen jarak butuh apa diskus main game online koneksi stabil lancar komunikasi giat apa rekomendasi orang main game online teman
2,2023-09-08 10:37:27,yah banget bug mic bug mic nya kayak suara teman bicara suara temen dengar aneh banget mintol yah developer nya tolong baik bug micnya yah
3,2023-09-08 07:13:47,developer bahasa indonesia bintang bahasa indonesia bintang
1,2023-09-07 14:53:50,pas login pw udh bner mlah invalid
5,2023-09-07 14:37:13,keren coy gapunya teman friendless cocok download apk nyari link server tiktok apa nya kaya wa yah kek gitu bikin server puas link nya bagiin orang biar masuk server tarik server nsfw sfw hati hati pilih server nsfw not safe for work sfw safe for work
5,2023-09-07 12:29:16,bagus si bisah ditaro gema gema oflen data bisah discor
1,2023-09-07 12:24:47,tololll ribet lu bangst gw verifikasi kontollll ny bener devlop nya kek bgst
5,2023-09-07 11:50:31,aman terkadang guna sok an admin salah group jebak untung tambah aman link dishare orang bahaya guna blokir ingat link bahaya gtuh si guna awan paham aman
3,2023-09-07 10:07:52,akun men uninstal login akun pakai email anggap akun deteksi maksud ulang kali password nya reset coba tolong sulit hacker akun sulit sampe kesal
1,2023-09-07 06:56:51,benci ken ngehact vertifikasi tolong hapus fitur vertifikasi
2,2023-09-07 03:19:11,salah verifikasi nomor telepon pasu kode verifikasi invalid code
5,2023-09-07 00:45:10,karna obrol teman
1,2023-09-06 15:13:21,hormat dc tolong tambah tanda lahir nya bingung ku harap si ditambahin tanda lahir age oldnya biar susah susah website gitu makasih
1,2023-09-06 13:00:22,tolol suruh login error
5,2023-09-06 11:08:47,bagus
5,2023-09-06 09:21:49,nya bagus banget banding wa say saran tambah bahasa indonesia bagus depan
1,2023-09-06 08:58:35,bintang bikin akun jelekkkkkkk
1,2023-09-06 06:04:46,login
2,2023-09-06 04:45:18,gw udah login ter logout pas login kode verifikasi nya terima
1,2023-09-06 03:48:26,bandar bokep bjir
1,2023-09-06 03:45:55,alami paksa henti sendok
1,2023-09-06 03:13:39,kanapa pas bikn akun malh pencet tanggal lahir
1,2023-09-06 00:45:57,salah akun mana pergi channel layar tampil warna abu muat tunggu tolong baik
1,2023-09-05 22:13:01,masuk susah email password udah bener masuk masuk
1,2023-09-05 15:34:41,cacat bug
5,2023-09-05 15:33:13,ken ngerate
5,2023-09-05 14:37:33,sulup
5,2023-09-05 14:01:03,bagus gabung dlm game moba makasih udh apk grup mabar gin
1,2023-09-05 12:16:47,kode nya mna dateng gmna si apk nya
1,2023-09-05 11:04:48,login jelasss persuliiit pw email salahin ajaaaa
5,2023-09-05 10:44:59,gatau pokok bnyk kenang dsni
1,2023-09-05 09:26:37,gajelass gabisa login ganti password gabisa
1,2023-09-05 08:25:04,bug jiji banget najis
5,2023-09-05 03:25:43,mantap bagus
1,2023-09-05 01:21:30,diupdate uinya norak guna ribet mending android dah
5,2023-09-04 22:21:02,enak lu cirkel
3,2023-09-04 21:55:43,ngga bahasa indonesia nya
5,2023-09-04 20:50:38,suka kirim pesan baik negara youtubers suka kolaborasi
1,2023-09-04 18:50:36,bug nya
5,2023-09-04 12:56:45,fiturnya lengkap keren syng opsi hrus bayar
1,2023-09-04 12:32:21,fungsi udah selesai dah ulang
2,2023-09-04 12:11:00,sulit masuk password email simpan
1,2023-09-04 11:38:12,ribet bikin akun ngituin tanggl lahir kgk ketrigger tinggl bikin tomboll oke susah lu su
1,2023-09-04 11:36:07,tolong baik pas login milih tanggal lahir tombol hilang
5,2023-09-04 07:10:27,pilih bahasa indonesia
1,2023-09-04 06:42:57,susah login nya udh ku tulis bener tetep
5,2023-09-04 06:17:39,bagus suka saran tambah bahasa indonesia biar keren
1,2023-09-04 06:06:04,coba pas verifikasi no code udh bener kadaluwarsa satt tolong baik doang kaya gin
4,2023-09-03 17:56:50,sita sangking seru sampe lupa
4,2023-09-03 15:05:53,
1,2023-09-03 14:43:22,serta fitur bahasa indonesia
2,2023-09-03 13:01:50,baik bug
1,2023-09-03 09:18:11,apk gjls capca ny susah bngt hdeh
1,2023-09-03 08:07:57,abis update dipake voice chat nyambung bunyi ngeliat stream muter tok join versi beta trus udah ku uninstall reinstall install tetep versi beta udah x kayak gitu dah
4,2023-09-03 08:00:13,tau vtrn
5,2023-09-03 07:00:30,ngehode
5,2023-09-03 06:53:35,dang bagus ad viltir whatsapp pokok nya bagus la
5,2023-09-03 06:03:16,bagus suarany feedback
5,2023-09-03 04:06:30,tolong min tambahin bahasa indonesia biar guna indonesia
1,2023-09-03 03:54:24,apk udah masukin link dc teman eh muncul dc nya
1,2023-09-03 02:58:39,register cok gara gare age of birthnya select anjng
1,2023-09-03 02:20:29,kali gw register drink doang salah gw udah bener
5,2023-09-03 01:41:43,pake ngentod
1,2023-09-03 01:34:46,kode verifikasi nya kasih udah nunggu jam kasih sms email buang buang doang
1,2023-09-02 16:13:16,update
2,2023-09-02 14:18:11,bug nyaa
1,2023-09-02 13:42:15,login anj anj
3,2023-09-02 13:18:32,dc bug kirim verifikasi bisa
3,2023-09-02 13:15:29,tolong benerin nya masukin email udah bener pw nya jugaa udah bener salah udah masukin password nya udah bener salah ajah tolong benerin
1,2023-09-02 11:42:08,suara hubung udah d setting udah uninstall tetep
5,2023-09-02 09:44:14,bagus nyari teman
1,2023-09-02 07:12:35,ya pas gua masang tanggal ulang gua udah gua acak tanggal nya hadeh bikin gua lelah
1,2023-09-02 06:32:52,bug nya verifikasi susah longin ulang susah longin ulang password nya salah bener
5,2023-09-02 00:53:33,gua kasih
1,2023-09-01 16:05:00,bug gada suara
1,2023-09-01 14:39:38,login ribet malesin download suer greget
5,2023-09-01 13:28:15,sepuh
1,2023-09-01 12:49:58,lol bug fix
1,2023-09-01 12:39:51,registrasi susah masuk tanggal lahir
1,2023-09-01 10:32:20,apk gajelas gw verify email salah mulu aneh
1,2023-09-01 09:47:14,kecewa forceclose tau peebaikinya tolong bantu jga selesai
3,2023-09-01 07:29:19,banget scammer spammer apk nya bagus sih
5,2023-09-01 04:07:39,kasih bintang
1,2023-09-01 02:15:52,verifikasi email eror kahh login pake nomor hp verifikasi email prikk anjir
5,2023-09-01 01:48:09,admin tolong ubah bahasa to indonesia adain fitur ganti bahasa mind
1,2023-09-01 00:53:38,bag tolol verivikasi ngga kirim
2,2023-08-31 23:12:40,verifikasi phone number
5,2023-08-31 22:32:38,apk cari rekomendasi film anime keren bagus gw kasih bintang
1,2023-08-31 22:17:04,verivikasi
4,2023-08-31 16:45:00,overall bagus minus nya main suara dengar teman moga baik ya
1,2023-08-31 16:06:10,opsi pakai bahasa indonesia
1,2023-08-31 15:15:24,anjg bet woi knp verif sih anjg
3,2023-08-31 12:32:55,tambah bahasa indonesia fitur nya erti
1,2023-08-31 10:55:10,banyak eror gaje apk rusak verify banyak dh masuk akal
1,2023-08-31 10:51:02,login udah masuk nomor telepon verifikasi kode pas masuk unable to register
1,2023-08-31 04:30:46,kaga danta ngebug mulu connecting mulu gabisa onmik sinyal bagus
1,2023-08-31 01:19:23,ni apk suka error keluar apa
5,2023-08-30 20:08:25,ok
5,2023-08-30 18:05:33,moga bahasa indonesia nya
1,2023-08-30 14:56:32,loginnya ribet
1,2023-08-30 13:36:55,usaha tolol masak masang kode sesuai sms salah tolol ya usaha
1,2023-08-30 12:53:58,ko error suara tolong baik kak
3,2023-08-30 12:41:09,loginnya susah banget
3,2023-08-30 11:53:05,bagus akun akun karna tombol ngak pencet masukin code vertifikasi salah coba kali kali sinyal bagus mohon bintang
5,2023-08-30 09:38:26,moga kembang
1,2023-08-30 05:27:14,jelek login ngapain ae developer
5,2023-08-30 04:08:57,bg tolong baik akun masuk connecting problem login akun
4,2023-08-30 01:45:16,bagus bug mana rorce close
5,2023-08-29 19:40:45,
3,2023-08-29 15:35:06,sedia bahasa indonesia padahal guna dc indonesia udh
5,2023-08-29 15:33:57,keren teman discrot bicara dank dyno
3,2023-08-29 15:20:45,tolong akun dlu hilang alas
5,2023-08-29 15:03:03,baca arah temen nya login please kasih tutorial login
5,2023-08-29 14:29:35,nya bagus ketemu youtuber
5,2023-08-28 17:35:19,moga jp
1,2023-08-28 13:11:32,suara voice chanel
1,2023-08-28 12:26:25,masuk login
3,2023-08-28 12:24:40,tolong baik spiker nya mati pencet benerin
5,2023-08-28 10:28:26,tolong mudah register
5,2023-08-28 10:10:20,suka orang rasisme otak udah dipake setan
1,2023-08-28 09:35:36,parah patah nya dahal jaring luancar
1,2023-08-28 09:13:29,robot nanya manusia manusia mikir dongg skarang ssh login nyuruh plih gmbar btul sya plih nya mlah try again lucuuuu lucuu sampe muak
1,2023-08-28 07:26:19,masuk tanggal lahir
1,2023-08-28 05:43:16,download mending lu
1,2023-08-28 03:20:53,apk download liat komentar ya alamin kaya sinyal setabil sinyal bagus full trus
1,2023-08-27 16:51:12,registrasi min verifikasi masuk
5,2023-08-27 15:16:20,bagus bet coek
1,2023-08-27 12:54:40,mohon maaf sulit id
1,2023-08-27 12:37:10,log bug gw baned anj
1,2023-08-27 11:00:57,aq kasih bintang ad bahasa indonesia
1,2023-08-27 09:26:38,bug masukin tanggal lahir udah klik tetep suruh pilih tanggal lahir
1,2023-08-27 05:33:34,hadeh login this code is invalid bro kau canda pusu code tanggung luku kali kali gagal
4,2023-08-27 04:50:16,bahasa indonesia update jujur suka kendala bahasa terjemah otomatis nya main game
3,2023-08-27 04:21:52,tolong baik vertifikasi nomer hp big trs kode ngak masukin
5,2023-08-27 02:39:52,bagus main teman kasih bintang
4,2023-08-27 02:31:00,tolong bantu ya masuk sih log in suka eror tolong betul
1,2023-08-26 18:14:36,suara patah patah kdg ngomong suara kedengeran tolong tingkat terima kasih
4,2023-08-26 16:54:49,cocok maen bareng temen ngobrol tambah tau fitur share screen ikut fitur the best
1,2023-08-26 16:48:44,kode verifikasi pdhl kode masuk pesan pas masuk verifikasi fungsi buruk
3,2023-08-26 16:21:21,tolong meminimalisir nya tindak hacking kam akun aman aman nya kena hack
1,2023-08-26 13:45:59,apk kocak akun
1,2023-08-26 13:14:22,apk nya burik masuk link komunitas hp
5,2023-08-26 10:52:40,nya bagus benget telpon nya nelpon teman teman sekian as salammualaikum warrahmatulahhiwabarok
5,2023-08-26 10:18:45,bagus appnya terkadang bug mikrofon mati
2,2023-08-26 09:40:37,apa gabisa login udah bener pas login
1,2023-08-26 09:16:35,download pakai data selular simpan pakai wifi muncul notifikasi tolong tanggap
1,2023-08-26 08:06:07,verify pake nomor hp error kode nya tombol g pencet
1,2023-08-26 05:27:27,memaksukan tanggal ulta sy ulg ulg trus
1,2023-08-25 16:03:50,anj gw udh ubah pasword pas coba mulu tolol
1,2023-08-25 15:48:51,dc annj gw bsa masuk akun dc gw benerin gc bug nya
5,2023-08-25 12:15:41,update depan sedia bahasa indonesia
1,2023-08-25 11:05:53,tolong kondisi bug layar
1,2023-08-25 09:47:34,sih nih masuk kaga samain gambar mksdnya coba udh pake akun aj nge bug dlu sampe udh report respon aneh garing banget coba periksa udh coba ulang kali samain gambar kata password username kata salah kocak baik jg pake dlu bug report nya fast respon oke makasih aj
1,2023-08-25 09:32:52,tolong ya fix bug verify phone sms kirim kode verify nya pasu kode verify nya tulis verify code invalid coba nya kali kali tulis verify code invalid
5,2023-08-25 06:00:10,hey apk bantu bug peduli yaaa baik hehe yaa apk bantu kyk ku apk buat temu teman teman komunikasi orang senang teman negeri pulau hehe
1,2023-08-25 05:21:43,gabisa register krn kendala tanggal lahir gabisa klik tahap
1,2023-08-25 04:43:50,bahasa indonesia nya ya tolong terjemah otomatis update depan ya
1,2023-08-24 15:28:14,bug voice disconect
5,2023-08-24 14:44:26,umur hidup penasaran heran sih instal nya juta
1,2023-08-24 14:42:58,najiss cacat apk gajelas udh daf g akun buang paket blok
5,2023-08-24 09:33:40,daftar tanggal lahir nya isi gmna daftar nya
1,2023-08-24 08:54:39,login unable to register download apk
3,2023-08-23 11:46:17,ya post udah pencet post channel nya tolong baik bug
5,2023-08-23 11:12:11,bang pls memori nya download
5,2023-08-23 11:03:22,terimakasih baik isu koneksi problem
1,2023-08-23 09:57:39,apk kagak login susah nya ampun chat bot
5,2023-08-23 08:49:09,donloddss karnea bang windah saaossn
5,2023-08-23 08:37:58,keren susah login
1,2023-08-23 08:23:40,tolol gue login suruh verifikasi
1,2023-08-23 07:38:42,baik kerja dokumen dokumen kirim kirim tolong ya knp pas vidio dokumen teman bs tolong yaaaa byk kerja
5,2023-08-23 07:27:23,keren cari cuan fun
5,2023-08-23 02:24:36,ribet cocok banget pke apk
1,2023-08-22 15:38:31,update buka link mode in langsung external browser tolong baik
3,2023-08-22 14:05:00,bagus ada bahasa indonesia ramai minat bintang bagi teman
5,2023-08-22 13:23:59,suka mabar roblox teman terkadang bug bugnya dengar suara teman tolong erti
1,2023-08-22 11:51:50,tolong baru kali bikin mata bingung setel aestetik indah liat gede
4,2023-08-22 08:32:46,gamenya bagus saran bagus tambah bahasa indonesia
3,2023-08-22 06:55:56,main sircelan ya teman lunya skill issue jgn nyalahin servernya lu nya ansos
5,2023-08-22 05:27:49,bagus
1,2023-08-22 00:04:39,daftar email atur tanggal lahir tanggal lahir ubah atur create an account pencet
4,2023-08-21 13:03:05,bagus tambah fitur translate
5,2023-08-21 09:17:39,apk tampa kendala
3,2023-08-21 06:52:51,bug on cam
3,2023-08-20 20:34:41,tolong tambah bahasa indonesia tombol terjemah
1,2023-08-20 19:21:07,bug pake
1,2023-08-20 10:36:25,buruk
5,2023-08-20 10:14:55,kenal ama bnyk tmn cari tmn mabar
1,2023-08-20 09:53:30,gabisa login tulis unable to register bintang
1,2023-08-20 08:33:20,verify phone number eror deng kirim
1,2023-08-20 06:27:24,kirim gambar versi contact cs direspon
1,2023-08-20 00:09:21,suspicious activity ngeganggu banget udah ganti password beda x
1,2023-08-19 18:23:12,udah capek masuk room nambah volume sampe max tetep pas nyoba ngomomg nggak
4,2023-08-19 16:22:09,bantu komunikasi main game teman teman fitur nitro nya minim beli nitro fitur nya tambah
1,2023-08-19 13:23:51,maaf kasih bintang erti log in nya hapus maaf ya developer nya tolong kasih login udah kasih tau download
1,2023-08-19 12:24:54,banyak leg sekali leg rilog buka dcnya
4,2023-08-19 12:16:10,plisss banget discordd tambahin emoji capybaraaaa plisss kasih bintang emoji capybara
1,2023-08-19 12:14:52,masuk disusahin
5,2023-08-19 10:47:38,bagus deh mantap deh
5,2023-08-19 10:30:46,meme nya bagus
1,2023-08-19 08:56:10,rusak gagal bodohhhh
1,2023-08-19 08:46:36,dc anj gw wl tombol pesa ilang anj
1,2023-08-19 07:33:10,lu tuh ain register gmn si gua masukin umur udh gua kasih umur nya kagga accept mkst nya gmn si ngasih register milih umur tuh kasih accept biar orng emosi gua lg butuh kyk gin benerin kasih saran kek kek udh gua kasih up star
3,2023-08-19 01:57:40,apasih kirim teks very phone code salah mulu lo kasihhhhhh
2,2023-08-19 01:34:49,terjemah bahasa indonesia
5,2023-08-18 14:36:42,kerja bagus
1,2023-08-18 13:47:54,larang robot
1,2023-08-18 12:22:25,jaring bagus dc nya ngelag
5,2023-08-18 10:34:02,terimakasih apk bantu mabar teman
5,2023-08-18 08:49:28,update ngelunjak kau dpr ya banh
1,2023-08-18 08:32:20,kadang habis trus masuk tiba ngefrezee hp gw
2,2023-08-18 06:39:12,diupdate enggk bug smua apk lancar buka elu doang nih connect mulu masuk kagakk
5,2023-08-18 01:29:44,ok pus hati perhati suara trimakasi umpan
4,2023-08-17 23:16:26,tolong developer fitur translate otomatis telegram bantu customer terjemah bahasa apa negara
1,2023-08-17 15:27:50,masuk pake rigester login ribet udah susah pake akun is ribet banget akun ku ilang login akun ku
3,2023-08-17 14:32:52,log in sih tulis new login location detected
2,2023-08-17 14:21:17,bug udh registrasi make email nomor hp pas udh kirim kode nya kasih masuk
3,2023-08-17 14:01:24,hp ku kentang gimana menu ngeleg patah banget server dikit suka ngeleg jaring lumayan bagus apk kenceng kaga ngeleg parah tolong fix bug lag jaring nya
1,2023-08-17 13:49:15,ngelag buka foto video jaring bagus
2,2023-08-17 12:26:24,bantu min verify no hp kode
1,2023-08-17 07:07:08,update jelek
5,2023-08-17 05:28:49,asik seru banget hasil teman alam senang terima kasih
1,2023-08-17 02:59:54,susah login sat
5,2023-08-17 02:44:18,nya bagus nya pake wa mabar speaker nya aneh pas pake speaker nya bagus banget gampang banget mabar temen
5,2023-08-16 23:27:56,bagus chat
1,2023-08-16 18:12:40,tolong voice pencet select audio oupot jdi dengar suara teman apk guna
3,2023-08-16 17:04:51,mohon baik tampil media video geser durasi
4,2023-08-16 13:45:48,senang gua main server deh ama temen gua
3,2023-08-16 13:09:52,masuk tanggal lahir ya
1,2023-08-16 12:23:40,nya masala unable mulu nya plis biar unable buat game
5,2023-08-16 09:04:29,unduh
1,2023-08-16 01:45:08,tolong baik chat teman chatnya
3,2023-08-15 19:21:52,maaf gin nya bagus register akun akun udah masuk harap kembali sistem operasi awal login
1,2023-08-15 15:24:35,apk tolol masukin akun udh masuk gabisa email salah pasword salah jelas udh otomatis gua simpen akun pw nya bikin gajelas gabisa apkk gajelas nii menuhin memori orang doang download tau nya gabisa
1,2023-08-15 13:15:17,kecewa kasih bintang langgan midjourney pakai
5,2023-08-15 12:53:43,suara jernih enak teman
1,2023-08-15 10:43:41,epep burik
5,2023-08-15 10:36:28,bagus lumayan ngobrol
1,2023-08-15 09:20:33,karana
1,2023-08-15 04:33:30,tolong baik bug kode verifikasi kirim kirim udah kirim langsung katain kode verifikasi valid
2,2023-08-14 13:29:29,gimana si verifynya nomer masuk pas masukin ko infalid
3,2023-08-14 11:44:58,ngebug text tombol nya besar
5,2023-08-14 09:46:46,gatau pen beli truk
5,2023-08-14 09:18:32,bagus temu yutuber segitu
4,2023-08-14 07:21:10,error jaring bagus login ulang baca salah bug
5,2023-08-14 03:42:59,apk keren smga berkah order hhe
5,2023-08-14 03:21:23,tambahin fitur hapus pesan cape hapus pesan udah ibu ribu
2,2023-08-13 11:34:52,tolong akun salah apa disabled
5,2023-08-13 09:11:46,muantap
5,2023-08-13 04:18:59,yo dak tau
3,2023-08-13 04:07:14,klik link suka invalid expired linknya tolong baik
3,2023-08-13 01:15:24,masuk nomor nya kadang nomor udh pakai pakai udh kali kali masukin sinyal nya bagus tolong ya baik
5,2023-08-13 01:08:06,bagus voice main game voice putus tulis connected to another client atas
3,2023-08-12 18:43:40,connect aneh banget wifi full bar nntn yt aman pas msuk dsc connect mulu aneh bikin kesel
1,2023-08-12 15:47:09,ampas login ulang tulis salah password passwordnya ganti login mending hapus
5,2023-08-12 14:57:21,bagus nya
5,2023-08-12 10:06:40,nya bagus cari id samp
1,2023-08-12 08:38:14,verifikasi no kode telat udah cape min tolong
5,2023-08-12 08:18:59,keren gw ketemu windah
3,2023-08-12 07:55:04,diupdate versi upload image video udah restart hp reinstall tolong baik
1,2023-08-12 07:37:32,suka versi lambat berat
1,2023-08-12 07:04:40,vertivikasi foto
1,2023-08-12 02:30:44,ntah
1,2023-08-12 02:29:23,gimana nih menyantumpak email coba berkalikali gamti password email tetep engga
1,2023-08-11 20:22:50,susah register pakai akun
1,2023-08-11 19:07:37,susah masuk asu
5,2023-08-11 16:51:35,manfaat
3,2023-08-11 11:35:55,masuk gimana
1,2023-08-11 11:22:40,akun gua disabled sesuai tentu
1,2023-08-11 10:52:33,mendownload
5,2023-08-11 07:07:36,keren apknya guna main teman
3,2023-08-11 03:34:32,tolong diperbaikin terus connecting gabung chanel
3,2023-08-10 16:36:33,dah gua voice temen temen kaga pencet output nya denger orang ngobrol musik bot kaga tolong baik masseh
3,2023-08-10 13:52:50,bug tolong baik
4,2023-08-10 13:01:15,login login email password salah
4,2023-08-10 12:36:56,kerja bagus
4,2023-08-10 09:10:08,nih udh daftar akun pas login eh ngak daftar akun kyk taiii
5,2023-08-10 07:19:59,kereen poll bicara dg orang mantap deh pokok
5,2023-08-10 03:27:38,apk guna gamers
1,2023-08-10 02:30:14,bug login password email susah login verifikasi apps buruk
3,2023-08-10 00:14:05,habis update upload foto aneh emang nih
2,2023-08-09 19:56:04,register login udah coba kali kali
5,2023-08-09 14:41:08,game nya bagus
1,2023-08-09 13:42:44,nih login akun gabisa lawak nih apk mending ig dripada
5,2023-08-09 07:14:35,i hope me can kaya and nikah dapet kodoh from hihihi
1,2023-08-08 15:46:05,gw daftar susah sulit
5,2023-08-08 12:07:33,login dah bener email ama pasword nya dah bener bilang salah dah gandi sandi hasil gimana si tolong cuman baca ya langsung carik salah sistem nya
4,2023-08-08 07:53:41,tolong sedia simpan sandi mudah orang utama lupa jarang masuk guna kanta sandi akun
5,2023-08-08 04:57:55,keren
5,2023-08-08 01:08:13,plislah asu gimana ni adminya gimana tolong bahas
4,2023-08-07 12:33:23,mohon kembang tambah fitur bahasa indonesia ribet bolak translate google chrome
2,2023-08-07 12:01:34,gjls anj rusak ni apl
2,2023-08-07 11:35:03,kasih rating masuk akun register
1,2023-08-07 06:14:21,ngen susah login pan
4,2023-08-07 03:17:21,dipake android berat koneksi bagus mohon depan baik berat
3,2023-08-06 16:49:01,update audio ponsel muncul suara pilih audio pilih audio speaker handphone
2,2023-08-06 16:21:26,share screennya suara mas
1,2023-08-06 13:31:19,masuk suruh verif udh verif detected lokasi rebah rumah bolak gitu mulu brengsek
5,2023-08-06 12:44:40,good kembang
1,2023-08-06 12:38:32,login register truss
3,2023-08-06 11:25:18,login email
5,2023-08-06 07:18:14,bagus kasih masuk nya
5,2023-08-06 07:07:06,apk bagus untik telfonan suara bagus digunakaan main game
5,2023-08-06 06:38:33,bantu bicara teman teman online main game teman
5,2023-08-06 05:59:39,bug kirim kirim pesan pesan nya hapus tolong baik
4,2023-08-06 05:16:34,tolong baik masuk suka force close tolong baik cepat
3,2023-08-06 04:51:08,login bind email nomor handphon
5,2023-08-06 04:11:03,bug kasih bintang ya
1,2023-08-06 03:05:26,are you kidding me
1,2023-08-06 02:30:32,gajelas bet anj verifikasih udh bener pw nya slah gimana
3,2023-08-06 02:21:15,kesini berat
5,2023-08-05 17:37:16,bagus orang wajib download friend ku pls nama nyanyubruhh
4,2023-08-05 14:48:39,verifikasi no ponsel kode sekuriti pakai
5,2023-08-05 14:10:50,ceo pb zeppeto kevin rendah ampe sampe nitro juta anggap murah sat
5,2023-08-05 13:54:29,seru banget bjir
5,2023-08-05 09:33:59,apk nya bagus mula ribet pake apk
3,2023-08-05 08:12:52,periksa pesan arsip menggirim file
5,2023-08-05 06:55:48,nya bagus banget suka server
5,2023-08-05 05:19:25,bagus nyaman
1,2023-08-05 05:16:04,login susah
5,2023-08-05 01:15:20,bagus temen
1,2023-08-05 01:03:48,kont l gimana nih susah login sandi udah salah bug baik gw bingung nih tolong baik bugnya sandi
2,2023-08-04 22:39:03,tolong solusi
2,2023-08-04 19:08:53,audio setting
1,2023-08-04 15:33:02,udah kali kamera blok unistall trs instal akun
5,2023-08-04 15:29:19,oke gakda dalam apilkasi
4,2023-08-04 15:08:18,lumayan sih nyaman setting grup
3,2023-08-04 12:49:54,masuk akun susah ribet
5,2023-08-04 10:45:28,bagus obrol voice ya banding whatsapp sih
2,2023-08-04 10:34:52,suka bug kontoll dc mobail bug suka suara suara orang
1,2023-08-04 10:23:26,lu an gw login lu jancokk lu taik emang mending lu tlol
5,2023-08-04 09:09:12,bagus tolong baik bug voice muncul suara update cepat
5,2023-08-03 19:14:01,ya suka
1,2023-08-03 14:40:24,gajelas suka meribetkan guna
1,2023-08-03 14:10:07,malessss suara
2,2023-08-03 12:11:02,buka force close mulu apknya x force closenya tolong baik
3,2023-08-03 06:31:52,bug voice voice room masuk voice
3,2023-08-03 06:26:43,kasih bintang pake tolong hapus server nsfw ganggu tpi ny bagus teman sahabat hapus akun pake tolong hilang virus nsfw ganggu
1,2023-08-03 02:34:43,login tolong didiscord teman teman
4,2023-08-02 16:48:38,lumayan fiturnya atur
5,2023-08-02 16:35:31,gaya bebas
5,2023-08-02 12:41:53,tolong kasih terjemah bahasa inggris kasihan
1,2023-08-02 11:54:07,select audio output ngebut mohon baik
2,2023-08-02 11:18:21,bintang kasih voice chatnya nda ngebug voice chat lebih detik lengket rekam kirim kek mode kunci ketuk doang
3,2023-08-02 09:47:34,download vidio grup komunitas yah
1,2023-08-02 07:07:52,disconected sinyal masalah
2,2023-08-02 06:22:24,apk nya kek bagustapi bagus
5,2023-08-02 04:27:36,saran adakan guna bahasa indonesia biar gampang nggak mahir basaha inggris
4,2023-08-02 03:30:00,bagus tampil ui lumayan berat device low end
2,2023-08-02 00:31:39,cape ubah pasword ngak akun login mana
1,2023-08-01 23:37:17,kadang pesan hilang
1,2023-08-01 15:03:45,idc
1,2023-08-01 14:59:10,apa dodol ngedelin banget bangkek gosah pake login rechapta ato apa nama sial nyusahin orang uda bot computer f
3,2023-08-01 14:42:46,suara suara teman hilang coba baik bug nya
1,2023-08-01 14:33:24,mencet verify pencet
3,2023-08-01 12:55:51,update kemarin bug tombol hilang fungsi tombol mute ilang
5,2023-08-01 11:57:23,terimakasih nitro free nya
1,2023-08-01 10:43:06,ban alas
1,2023-08-01 10:24:48,sulit erti tuju download ajar tp dalam beda kendala bahasa
5,2023-08-01 08:47:36,bagus komunikasi whatsapp i respect
1,2023-08-01 08:41:09,login verifikasi gmail gilir verifikasi link expired
1,2023-08-01 07:47:06,gjls bngt knp nggak ngesave ubah profile pdhl internet baik knp nggak grup org baik apk nya
1,2023-08-01 02:38:03,buruk verify phone number tolong baik
3,2023-08-01 01:33:25,language indonesia
5,2023-07-31 22:02:31,apk baik
1,2023-07-31 13:06:53,login cape ya human mulu lol masuk masuk email no telpon udh coba bukti ya percaya
5,2023-07-31 10:55:32,keren manfaat
5,2023-07-31 09:22:45,mudah komunikasi game banget
5,2023-07-31 06:47:49,guna temu orang orang tarik
5,2023-07-31 05:09:29,apk salur negara chat private
4,2023-07-30 15:43:08,daftar akun tolak udah bener email lho tolong dev susah daftar nya tolong baik bug nya hilang captha nya mudah masuk
5,2023-07-30 15:22:01,asiap
5,2023-07-30 15:04:04,asli dc nih mantap
2,2023-07-30 14:35:01,jaring versi android okay fixed
1,2023-07-30 13:37:27,udah daftar susah susah masuk
1,2023-07-30 09:48:10,aneh nomor dipake bilang make code invalid baik apk gajelas
5,2023-07-30 07:53:31,wadida mabar temen aplks nya bug kasih nya bagus
5,2023-07-30 07:23:51,notif jam muncul tolong baik kecewa
5,2023-07-30 03:20:50,keren komunitas tolong baik bug jaringanya ya
1,2023-07-30 02:55:45,akun gimana nih kak
5,2023-07-30 01:42:13,sih
5,2023-07-29 16:15:45,masuk voice room suara kadang restart hp muncul tolong baik
5,2023-07-29 16:02:57,skrng mkin seru krna game nya
1,2023-07-29 13:07:21,males nya pakai login
1,2023-07-29 07:50:45,ni sistem login nya tolol email sandi dah bener bilang salah tolol emang
5,2023-07-29 07:38:31,bagus banget mabar
1,2023-07-29 06:45:31,gaa login bikin ribet nya email salah code salah udh bener ribet
5,2023-07-29 05:03:03,bagus cari teman ajar
5,2023-07-28 18:55:17,keren banget mabar bareng temen keren gue kasih rating makasih banget
1,2023-07-28 16:27:37,suka gada suara voice udah download ulang tetep
1,2023-07-28 14:25:43,kadang mic suka fungsi layar buka micnya
5,2023-07-28 13:24:17,apknya sungguh guna
4,2023-07-28 07:38:57,bagus hapus
1,2023-07-28 05:55:14,login ya tolong baik
1,2023-07-28 05:41:09,gerti bahasa inggris
1,2023-07-28 04:06:41,bot suka
4,2023-07-28 03:17:35,udah bahasa indonesia nya
1,2023-07-28 02:03:16,login
5,2023-07-28 02:00:58,keren komunikasi bareng bareng
5,2023-07-27 22:55:09,kadang beda nge game
5,2023-07-27 13:04:51,bagus fitur voice chatnya bagus whatsapp grup kelompok terimakasih
1,2023-07-27 11:37:00,tombol verify nya benerin oe masak iya verify pencet tombol bug
3,2023-07-27 09:57:20,maaf verify akun masuk chrome lempar play store ter verify
4,2023-07-27 07:07:39,add indonesia language please
5,2023-07-27 02:22:53,bagus nih ku suka main pb
4,2023-07-27 01:07:24,gw bain download nih apk cuman treasure tau guna
1,2023-07-26 18:16:35,log in username password udah invalid bintang udah fix langsung bintang
1,2023-07-26 15:27:06,ngebug komunikasi suara
5,2023-07-26 14:09:34,oke versi auto lancar terimakasih udah baik
5,2023-07-26 11:50:10,tolong language indonesia tolong
5,2023-07-26 08:03:05,samp
1,2023-07-26 07:05:43,ngomonhnya gaje bilang hello how are you bilang hey wanna play you seems new
3,2023-07-26 04:16:27,sunggu
5,2023-07-26 01:29:28,bagus putus koneksi temen
2,2023-07-25 17:22:44,bagus erti nya
3,2023-07-25 13:16:58,discrod ngeleg pas voice kadang mohon baik developer
5,2023-07-25 12:51:40,apk ya bagus
4,2023-07-25 12:41:38,kadang kadang suka ngefreeze
5,2023-07-25 10:11:07,bagus tolong reset data login
1,2023-07-25 09:13:38,jelek suka connecting mulu bnyk bug
1,2023-07-25 07:59:48,tolol gw timeout minggu nunggunya banget ngantod
2,2023-07-24 15:50:13,ngubah username udah gitu udah capai limit suruh nunggu huff username can only use letters numbers underscores and periods iya bener eh kena limit suruh nunggu salah duh kah nunggu
5,2023-07-24 13:52:19,kendala terima kasih bantu kerja
4,2023-07-24 13:37:42,udah masukin akun pasword nggak ya tau tolong kasih tau
1,2023-07-24 13:25:59,aneh ken verifikasi nomor verifikasi password nya bener sandi salah
3,2023-07-24 12:57:24,recommended sih karna masukin akun sandi udah dimasukin user nama guna udah henti pas mastiin robot pikir robot
1,2023-07-24 12:38:28,sistem verifikasi sampah verifikasi coba kali kali itu sampah
5,2023-07-24 10:59:12,sangatt bagus keren fitur nya
1,2023-07-24 07:24:32,login tolong kasih jelas
5,2023-07-24 01:52:39,laiks
1,2023-07-23 18:12:30,sony xz versi baru etik
1,2023-07-23 18:08:33,login akun pc mobile ribet banget
5,2023-07-23 16:08:06,guna bangun komunitas jalin interaksi sosial player dunia dll
5,2023-07-23 15:18:02,bagus ya bug dikit ngaruh
2,2023-07-23 14:09:37,halo cepat akses login register desak harus guna tolong info
1,2023-07-23 11:04:09,apknya bagus tpi temen server sya kek babi maaf ya
5,2023-07-23 10:52:38,bagus sarana komunikasi gaming kerennn
1,2023-07-23 07:30:40,g masuk akun akun mesti muncul tulis unable tu register
3,2023-07-23 04:19:34,verifikasi kodenomer telepon masuk udah tunggu masuk
5,2023-07-23 02:13:16,bagus main teman
5,2023-07-23 02:00:19,ok baik bug
1,2023-07-23 00:28:14,pas register udh taro pesan verification code is invalid baik ya
5,2023-07-22 17:47:14,gabut gw kasih bintang nih
5,2023-07-22 15:48:35,karna discrod hebat komunikasi beda negara
1,2023-07-22 14:36:32,loginnya ribet malesin
5,2023-07-22 14:13:40,keren wa
1,2023-07-22 13:59:56,taik login macet pencet login lola dfatr macet pilih human asuuu
1,2023-07-22 13:32:41,ansih masuk keserver mending ni mendinngan huhhhhhhhh
3,2023-07-22 07:28:42,bagus kadang kadang bug ganggu
5,2023-07-22 05:22:47,berat aktif apk voice chatnya delay mantep
5,2023-07-22 05:12:45,nge grup enak
4,2023-07-22 04:39:21,kasih bintang deh bug error apk discrod
5,2023-07-22 04:24:43,apk bagus ges
5,2023-07-22 01:35:00,please update indonesian language
1,2023-07-21 12:39:47,bug bnyk males mending tutup ar
1,2023-07-21 12:13:14,apasih login banget
4,2023-07-21 09:52:03,ku udah bagus orang main hadap langkah langkah login nya tu capcah nya orang mending saran pilih password bener simpen google okk
1,2023-07-20 22:48:33,daftar daftar gagal patalan udah pencet bener
1,2023-07-20 15:10:04,pas join dc error expaid bubur gajelas babi
5,2023-07-20 14:28:02,lumayan bagus sih ku ku kasih bintang terima kasih bagus banget mabar kecuali denger suara voice nya
5,2023-07-20 14:17:02,bagus banget ngobrol adik teman
5,2023-07-20 10:06:28,suka ny ngobrol online bareng teman ku adek ku kota
5,2023-07-20 09:43:01,keren suka ngobrol santay
5,2023-07-20 08:21:51,bagus banget kiss member sabtu
5,2023-07-20 06:59:42,bagus suka
1,2023-07-20 06:25:29,woilah buruk masuk grup pas masuk tulis the invite link is invalid or has expired grup teman teman masuk i hate this
2,2023-07-19 16:15:34,suka tbtb suara trs cal tbtb out tolong perbaikin
1,2023-07-19 16:08:30,kaya si jelek bener gabisa daftar pake nomer hp g niat bikin sistem bikin tolol
3,2023-07-19 13:28:24,tolong baik bug conecting join room voice
5,2023-07-19 13:08:26,palembang
5,2023-07-19 11:56:48,baik emang kumpul
1,2023-07-19 11:25:22,bug mulu anjg apk sampah
1,2023-07-19 04:56:52,gabisa server nggak ngecek profil orang
1,2023-07-19 04:47:14,apk sirkel
1,2023-07-19 04:43:20,ngeselin banget login mulu padahaal pw udah bener udah xdi reset kali kaga
1,2023-07-19 03:51:02,login nya gimana sih suruh tunggu sms ko sms nya jdi gimana loginnya
1,2023-07-19 03:26:13,log in gabisa masuk gimana ihh
5,2023-07-19 01:53:59,empestor tiktok dunia
5,2023-07-19 00:37:01,terimakasih teman gara gara
4,2023-07-18 21:03:16,
3,2023-07-18 15:33:22,masalah ngelag karna jaring baik
5,2023-07-18 14:56:54,mantap bnyk info untk dyor sukses
1,2023-07-18 14:45:57,gimana nih loading kuota local lancar biar lancar
1,2023-07-18 14:32:54,update bugnya aneh emang enak enak pakai kecewa
1,2023-07-18 14:30:46,login salah
1,2023-07-18 14:12:49,error tambah verify email kali bagus banget nih anj
5,2023-07-18 12:59:14,berterimakasih ucap syukur tuhan yesus karna apk
1,2023-07-18 12:13:58,sedia bahasa indo bejir
5,2023-07-18 09:58:26,overall oke voice chat bagus gerdapat bug room chat terkadang vertikal
1,2023-07-18 09:26:37,apa ban gajelas bet
5,2023-07-18 09:05:05,main rp
3,2023-07-18 06:14:22,log in tulis lokasi
5,2023-07-18 05:10:11,bagus rekomendasi suka gamers
4,2023-07-18 03:52:26,anjir habis update login ulang loginnya ko ilang ya ngumpet register aneh banget asli sempet bingung karna tombol register daftar pakai email pencet pencet tombol register halaman loginnya aneh banget asli update solved error button not appeared or maybe not visible when dark mode active please fix the bug i m using redmi note pro no error before the last update in dark mode
5,2023-07-18 03:46:42,terima kasih gobrol teman geme udah gobrol teman gakawatir dah
5,2023-07-17 23:57:36,mantap makas bokep nya
1,2023-07-17 18:41:33,register
3,2023-07-17 18:06:37,call suka mic nya udah pindah device tetep sumber nya setting micnya coba pengaruh mohon baik
4,2023-07-17 14:59:10,tarik
1,2023-07-17 12:02:20,verify verify ya
5,2023-07-17 09:27:17,bagus suara dengar tlpn temen
1,2023-07-17 09:26:13,sampah anj nih apk drama ny
1,2023-07-17 08:02:35,gue masuk gjls pilih gambar
4,2023-07-17 07:53:35,bug maklum gratis
2,2023-07-17 06:13:01,verifikasi nomor telepon ya
1,2023-07-16 16:16:04,telpon bug suara
3,2023-07-16 14:50:09,keluh voice ramai rama tekan tombol delay kali
1,2023-07-16 14:48:57,instal verivication nomer hp nomer verivikasi masuk nomer nomer
1,2023-07-16 14:06:17,ahhh mang eakkk
1,2023-07-16 13:27:49,kasi bintang kecewa bngt login susah register susah
3,2023-07-16 11:50:30,tolong hadir fitur role icon fitur fitur kasih bintang kasih
4,2023-07-16 07:55:56,ya
5,2023-07-16 05:41:19,bagus manfaat mudah giat sifat daring
4,2023-07-16 05:25:04,mayan bagus lbh dr chat bsa verify no telpon szudah coba kali kode verifykasi jya masuk nomer d masuk bug klik event force close terang dicord henti force close sya ksaih dlu
4,2023-07-16 04:58:55,bintang dlu dah bahasa indo gw tingkatin
1,2023-07-16 03:47:48,gua verifikasi email gabisa sms nya terima
5,2023-07-16 01:17:32,hebat
4,2023-07-15 17:37:51,tarik
1,2023-07-15 17:14:08,hadeh fitur nya gabisa ubah pusing banget deh fitur biru biru pojok kiri kayak rapi
1,2023-07-15 14:53:40,nya ngebug masuk room suara suara dengar teman inti dri voice call ngebugnya voice call ku laku relog download ulang hapus data ya tolong baik ya
5,2023-07-15 14:44:01,bagus banget pacar tau
2,2023-07-15 13:48:42,gabisa login akun install ulang suruh register mohon jelas
1,2023-07-15 13:47:55,gmail pakai nomer
1,2023-07-15 12:41:21,owner tolong yah pas register unable to register moga betulin ya
2,2023-07-15 12:07:53,duh update nggak rasa tuh beda dev ngelag bug habis parah sih engineers ya dev banget selesai
5,2023-07-15 11:35:35,bagus cara wawas teman
1,2023-07-15 11:29:51,anjg nanyain objek mulu kesel gw
5,2023-07-15 09:29:11,susah instalnya
1,2023-07-15 07:43:04,guna log in email verivikasi robot loh susah
3,2023-07-15 06:25:23,baik follow server channel bug
1,2023-07-15 02:48:30,login gagal trs suruh reset sandi pas udh reset suruh cek email email udh bener jg pas bikin akun pake nomor kode masuk nomor jg udh bener voice suka ngebug tolong secepatnyga baik
1,2023-07-15 01:02:03,anj lu bamgsat
1,2023-07-15 00:12:49,jelek milih role discordnya bang windah
4,2023-07-14 17:07:33,tolong baik bug mana voice room terimakasih
1,2023-07-14 17:00:57,login
5,2023-07-14 16:04:14,halo developer bantu mudah pakai saran tambah bahasa indonesia
2,2023-07-14 15:33:56,update bug
1,2023-07-14 13:08:35,masuk vc out
5,2023-07-14 12:57:21,bagus lancar voice call dengar
4,2023-07-14 12:43:26,bug mana bluetooth hilang suara game fitur jendela gambang vc aneh doang liat
1,2023-07-14 12:38:08,login harap baik pas verifikasi akun no telp invalid dh kali kali
1,2023-07-14 12:15:59,nih gua connect suara gua updateannya jelek banget kembali ds
5,2023-07-14 10:10:22,nyaman semenjak update baru bug tampil
4,2023-07-14 04:37:38,bagus bagus banget mlh kurang lg enak enak tlp mlh apk nya
4,2023-07-14 04:07:16,nya bagus keren bikin role geser eh banget naruh role warna pink nya ungu nya eh role pink nya role owner nya susah banget mindahin nya sampe beranta server tt nya karna role nya beranta tt tolong baik ya role nya mudah geser ngak
4,2023-07-14 03:34:03,lumayan bug bagi voice chat
1,2023-07-14 01:59:13,susah banget loginnya cok
2,2023-07-13 16:58:10,bug mic ngobrol teman suka bug mic
1,2023-07-13 16:18:27,verif nya susah udh bener nomor nomor sms salah kena limit cuih
5,2023-07-13 15:56:26,fiturnya bagus user smartphone terkadang update bug
1,2023-07-13 12:48:52,verifikasi susah banget
5,2023-07-13 11:26:25,bagus batu kerja tugas klompok
1,2023-07-13 10:46:12,jelek bet register anjir jelek niat bikin
5,2023-07-13 06:45:37,seru banget
1,2023-07-13 03:43:59,bug gila buka channel rp betulin
5,2023-07-13 03:34:51,mantaapp masuk grup bokep
1,2023-07-13 03:16:40,buka pc grey screen gilir login website stuck loading gilir masuk hanphone masuk channel voice disconnect gilir coba log out login tolong
5,2023-07-12 22:16:36,indo aneh
5,2023-07-12 18:56:57,bagus kendala lupa password saran simpan password cloud server
2,2023-07-12 17:35:24,jelek g ad suara
2,2023-07-12 17:13:15,bug kecewa voice chat voice chat menggangu main game
1,2023-07-12 17:11:56,toling dengar keluh audio srring dengar ya koneksi stabil
2,2023-07-12 15:20:54,tombol masuk nya anj
1,2023-07-12 15:18:07,wifi gambar video muncul foto profile orang muncul gambar wifi lambat sinyal bagus data lancar gambar video foto profile nya salah salah terima kasih
5,2023-07-12 14:42:03,suka
1,2023-07-12 13:49:37,seta update connecting masuk
2,2023-07-12 13:11:44,ngapa dah connecting connecting wifi aman aman lancar mohon baik
4,2023-07-12 12:34:44,tolong untung beli nitro
5,2023-07-12 12:22:39,seru chatan temen on
5,2023-07-12 12:01:19,gege mabar temen
1,2023-07-12 11:48:03,bagus cuman lag crash jaring lancar
1,2023-07-12 09:46:30,najis connecting ros sinyal bagus apk lainnn cuihhh apk jelekk
2,2023-07-12 09:27:31,knpa verifikasi code nya anehhhhhh
5,2023-07-12 09:17:27,cina suka
5,2023-07-12 08:24:16,kadang ngelag server rame
1,2023-07-12 07:49:02,stuck connecting kelar kelar fix gajelas
5,2023-07-12 05:21:24,bagus banget guna
4,2023-07-12 03:21:50,hai tolong baik fitur voice note nya voice notenya henti henti suara robot robot tolong ya
1,2023-07-12 03:05:32,puas login hapus instal ulang tolong baik
1,2023-07-12 00:15:37,stuck loading bintang
1,2023-07-11 20:37:08,verifikasi verif g kocak apk aneh
5,2023-07-11 18:59:27,pliss tambah bahasa indonesia org bahasa asing paham erti
1,2023-07-11 17:07:09,login pakai hp gabisa
1,2023-07-11 14:59:58,nggak join pake hp laptop liat toturial tetep nggak
5,2023-07-11 14:44:12,bagus banget sih suka nya bikin pov biar tau ama omong
1,2023-07-11 14:17:26,download buka pilih registrasi akun pilih login uninstall download ttp coba login web bantu konfirmasi salah password ganti password konfirmasi kode kode dikasik bilang salah terimakasih tolong baik kesini aneh terimakasih
5,2023-07-11 14:07:12,bantu touring sayang bersih suara
1,2023-07-11 13:06:30,login susah ganti password gabisa uuu
4,2023-07-11 12:35:59,kenapaaa log in quiz menganggu susah sengaja hapus install log in eh quiz ku sulit elite susah banget mamak ku hapus ken install mohon devloper tebak gambar ilangin
5,2023-07-11 09:37:06,bagus
3,2023-07-11 06:50:12,suka ngebug pas voice call lag putus
1,2023-07-11 06:38:58,bug mulu bicara suara
5,2023-07-11 05:44:37,bagus trading item game makasih
1,2023-07-11 05:32:36,apk rusak masuk kaga mencet
1,2023-07-11 03:52:35,gw gabisa masuk akun sandi korupsi
4,2023-07-11 03:35:02,voice nya putus putus
1,2023-07-10 19:17:14,tolong ini stuck welcome
1,2023-07-10 15:31:10,apk gajelas apus login pw dah bener salah
1,2023-07-10 14:06:57,b apk sirkel
1,2023-07-10 13:54:53,kagak suara aneh ni dc
5,2023-07-10 13:46:48,teman share screnn muncul suara settingan hidup tolong baik
3,2023-07-10 12:49:02,ganti username sulit
4,2023-07-10 11:39:13,kasih ajar ya
5,2023-07-10 10:55:48,apl fungsi
4,2023-07-10 10:39:22,lumayan bantu
5,2023-07-10 07:43:55,akses web
5,2023-07-10 07:13:21,register email pada tolong baik main teman
1,2023-07-10 06:16:47,loginnya
2,2023-07-10 05:27:36,ne bagus ne pake mabar ml ambek kancaku tpi kadang onok bug sg gaiso ngomong an mbuencekno
1,2023-07-10 04:57:17,download
1,2023-07-10 04:52:58,bgst nih berat lag banget
5,2023-07-09 13:44:51,bagus bahas bokp
1,2023-07-09 13:33:29,daftar kecewa
1,2023-07-09 13:03:22,ken banget gua ngomong kesel apk akun gua mulu pas login salah mulu pas akun kasih kode eror gagal mulu dah sampe menit udah gagal
1,2023-07-09 11:55:49,login susah
1,2023-07-09 11:33:32,login ribet bet dah daftar akun registrasi login akun nonaktif mau gimana sih login nya susah
1,2023-07-09 11:24:58,ksih bintang suka error jaring bagus psti suka gaje seevernya jdi tolong perbaikin dikit bug trs elahh
2,2023-07-09 11:17:12,bug ngelag jaring lancar
1,2023-07-09 11:01:16,moga bikin cepet mati amin
5,2023-07-09 09:57:46,bagus tambah fitur tarik
2,2023-07-09 08:38:25,apa butuh nitro jatuh asik
4,2023-07-09 08:29:27,bug ya
1,2023-07-09 07:58:50,haduhhh udah join event suruh verifikasi nomor dsn lelet pindah acc nomor dsn delete nomor kesal kecewa bjsa event
1,2023-07-09 06:01:03,jelek muka bumi
5,2023-07-09 05:27:26,ganteng
1,2023-07-09 00:33:43,masuk loading nya banget
2,2023-07-08 23:58:40,tombol login
1,2023-07-08 19:01:10,sih cek email cek email ip kaga email nyett
2,2023-07-08 15:43:34,tolong join voice connecting ter connected kendala
1,2023-07-08 15:40:17,sign up register agk susah masuk
1,2023-07-08 14:45:57,tolol gua login butikk
5,2023-07-08 14:44:20,moga new update lancar
1,2023-07-08 13:36:08,buka jelek
2,2023-07-08 13:11:32,bukak ya
4,2023-07-08 12:57:03,developer cinta bikinin versi lite kasih bintang deh hape kentang nge leg pake dc ori
1,2023-07-08 11:39:59,sih verifikasi nomor hp pas dimasukin salah udah bener
1,2023-07-08 11:04:03,bug senang voice kirim pesan tombol hadehh
1,2023-07-08 10:46:43,bet bug nya bikin anjim emang
1,2023-07-08 07:45:08,apk macet kali verify email sunggu kecewa sedia bahasa indonesia
2,2023-07-08 07:34:32,ntahlah ribet log in nya
1,2023-07-08 04:27:13,taii login susah tot
5,2023-07-08 04:02:22,suka
1,2023-07-08 03:08:15,gimana sih atas done reading ngeselin bngt
2,2023-07-07 22:31:36,ko stak si
1,2023-07-07 22:19:24,udah masukin nomor hp masuk ya udah kali kali ulang mulu
5,2023-07-07 16:14:55,ken ketemu bang hayogo
3,2023-07-07 15:37:32,verivikasi gagal
1,2023-07-07 15:33:39,bener kecewa semenjak update gabisa masuk server web tolong baik
1,2023-07-07 15:12:16,kgk reset akun pake nomor kgk ajg
4,2023-07-07 15:03:10,
5,2023-07-07 14:38:06,gabisa download hp kuu ken bangetttt
1,2023-07-07 14:34:24,login susah captcha udah selesai captcha udah tray gain hapus captcha
2,2023-07-07 14:30:00,pas masuk ngecrash
3,2023-07-07 12:47:32,bicara panggil
1,2023-07-07 11:22:18,sampah gada kolom login nya gajelas
1,2023-07-07 11:11:53,gajelas banget sistem kenal idiot
4,2023-07-07 06:38:35,tampil bagus kurang menu tau menu ap laku
1,2023-07-07 06:17:48,pass masuk apk nya banget sih
5,2023-07-07 03:39:16,dh mcm pk guard and
5,2023-07-07 02:59:00,mantap
5,2023-07-07 02:50:19,ribet eksklusif penuh atur kelompok iya komunitas suku
1,2023-07-07 02:09:04,gabisa loginnn pass email dah bener masak login akun mulu
1,2023-07-06 20:09:31,sory ni apk verifikasi akun banget kasi kode tolong baik
1,2023-07-06 19:19:58,verifikasi kode nomer hp invalid mulu nomernya udah bener suruh gimana dah
1,2023-07-06 18:27:24,min
4,2023-07-06 17:18:17,bug voice mana jadi voice eror teman normal mohon tindak lanjut rugi guna
3,2023-07-06 15:11:10,prna pt muaramuma
1,2023-07-06 13:09:43,masuk susah banget unable to register melulu pake login gimana masuk hp poco android tolong ya
1,2023-07-06 13:09:20,mobile delay tuh
1,2023-07-06 12:08:09,susah login nya
3,2023-07-06 11:48:26,senang temu kendala muncul gambar video lambat koneksi aman sinyal lot macam lot foto video login masuk room voice
1,2023-07-06 11:47:21,daftar
5,2023-07-06 10:22:09,login ribet
2,2023-07-06 08:37:02,tolong baik log in code ku udah bener padalan udah bener kali gw pencet tombol bener nya
5,2023-07-06 02:07:17,bagus teman orang orang kartu ktp
5,2023-07-06 00:25:14,nya bagus banget makasih developer udah nya join akudap
1,2023-07-05 16:49:44,login susah password sesuai langsung loading bug kirim langsung gmail
1,2023-07-05 16:45:46,benci karna fitur stream nya
3,2023-07-05 16:15:16,alas simpel suka alas nya benci phone
3,2023-07-05 15:58:28,ngebug kaga pencet kluar
5,2023-07-05 11:00:46,discordnya bagus bicara maim game in gue kasih bintang
1,2023-07-05 07:57:12,dasar sampah servify your akun tetep dasar apk sampah mending apk kayak gin emang sampah setressin orang mending apk hapus dasar miskin burik jelek sampah
5,2023-07-05 07:39:21,karena baik saran benar b aman bug
3,2023-07-05 07:10:25,tolong verification number nya benerin udah masukin nomor hp dapet verifycation digit nya gimana sih
3,2023-07-05 02:15:21,bug audio output bicara suara dengar
3,2023-07-05 00:30:44,mobile bug down gajelas poko developer nya mana sih update bug urus gajelas
3,2023-07-04 22:41:33,bug coba ubah urut role android delay anim
1,2023-07-04 15:32:38,pas main game gambar dihp main kadang black screen zoom sampe gambar tolong baik
1,2023-07-04 15:10:05,abis updte lag parah
1,2023-07-04 15:09:24,semenjak update pas kirim pesan suka nge lag nge lag connecting suka nge stuck malas gw nya tolong sistem nya kek
1,2023-07-04 14:30:41,verifikasi nomer handphone masuk kode digit kirim pesan maksud tolong baik bug aju bug pas pencet lapor bug astaga sistem jelek banget si bug niat baik bug nya kenal sayang sistem buruk
5,2023-07-04 10:36:56,tuh gua
1,2023-07-04 10:23:47,kaga log mulu yatim yatim ngotak babi udah pake email bener password udha bener hisa ampe rela reset password tetep salah yatim
1,2023-07-04 09:57:45,woi gw ngebugg kamera gw gbsa buka
5,2023-07-04 08:51:09,bagus carl bot nya pls akun pake nomor telepon carlbot
5,2023-07-04 05:39:02,bagus guna
5,2023-07-04 04:19:55,berat koneksi
1,2023-07-04 02:38:53,tolong ya log in pakai akun masuk nama password salah tolong baik
5,2023-07-03 23:09:36,bagus ngobrol whatsapp
3,2023-07-03 19:35:25,wkkwk ngakak cik select audio output internet kenceng
1,2023-07-03 18:26:36,butuh privasi fitur active now hilang risih teman teman suka stalk server
1,2023-07-03 17:22:45,haduh to masuk voice channel ngebug tombol masuk mode landscape liat mode portrait cuman liat males gw suara masuk gw nya voice channelnya relog sungguh malaz tolong ya developer hormat baik
1,2023-07-03 17:17:48,pasuk code sms knp gabisa
1,2023-07-03 16:24:54,aneh verify email gmail password saat verifikasi password verify email muncul tampil password doesnt not match password kali ganti password email verify akun
5,2023-07-03 15:12:15,it s good ngobrol jarak share screen
5,2023-07-03 13:57:27,bagus universal banding wa jg lengkap voice chat pake video call fiturnya jg mudah pakai tpi lemah boros baterai kdng suka bug bug video bug chat msh kadang suka ngelag notifikasi kadang muncul harap depan lbh optimal
5,2023-07-03 12:49:29,mantap
5,2023-07-03 10:47:18,makasih gara gara gw dapet free dominus t shirts roblox
5,2023-07-03 08:25:40,ya
1,2023-07-03 04:24:40,knp ya masuk server link nya invalid expired link nya kirim
1,2023-07-03 03:18:47,pas ganti kartu hp data ilang akun verifikasi nomor kode nya invalid ngapa ngapain
2,2023-07-03 02:05:07,jelek bngt login akun verifikasi susah pis udah code verifikasi masuk email parah dc
1,2023-07-03 01:48:41,apasih gara gara update nge crash force close lgi tolong baik update aman tpi rusak g males gua lama gin
1,2023-07-02 18:21:37,masuk no telpon masuk sms masuk kode nggak
1,2023-07-02 16:51:48,jaring dengar suara teman jaring wifi suara jaring lumayan
1,2023-07-02 15:50:38,jelass loginnya susah bangettt muakk
1,2023-07-02 15:49:57,apk bug burikk uninstal aj bg gausah donglot dek dek
5,2023-07-02 15:43:17,windah basudara
3,2023-07-02 15:06:55,benerin ngapa dah puyeng gua suara kadang ilang gua ngomong nyaut tmn gua suara gua
2,2023-07-02 15:01:18,knp sih verifikasi robot
1,2023-07-02 13:35:35,tolol error mulu balikin dc anying update ngebug benerin bugnya mode wired headset kagak suara dipakein speaker aktif kedengeran diheadsetnya udh gtu bocor speaker suara bungul
5,2023-07-02 11:12:42,bagus
5,2023-07-02 10:38:55,kelazzz nobar
1,2023-07-02 08:25:04,apk tai
2,2023-07-02 06:39:20,sumpah ni ngeselin banget suruh verifikasi nomor udah verifikasi human verifikasi password nya loh udah pencet done kagak baik udah ku coba kemarin kaga
5,2023-07-02 06:20:49,lumayan bantu
1,2023-07-02 02:46:39,kadang ngebug apkny pake voice chat connecting mulu knt
2,2023-07-02 02:42:02,pake headset denger suara gilir ngomong kedengeran
5,2023-07-02 01:17:41,batas seru
3,2023-07-01 21:37:16,bagus sih bahasa indonesia sulit adaptasi mampu bagus bahasa inggris alangkah baik tambah bahasa indonesia
1,2023-07-01 19:22:00,gal daftar human mulu
2,2023-07-01 18:01:06,versi bagus buruk versi bagus lancar stabil versi lag kirim pesan
4,2023-07-01 15:55:17,rada lot
2,2023-07-01 15:40:53,ni apk bagus minus update ui ngelag banget bug fix milih versi banding lag bug
2,2023-07-01 12:32:16,paan sih kode verifikasi nomer invalid mulu udah salin salah ketik salah benerin lahhhh
2,2023-07-01 11:45:19,emoji gifs click langsung pindah tolong baik
1,2023-07-01 11:00:48,login sulit asu
1,2023-07-01 09:58:47,gabisa login ngebug nama dipake
1,2023-07-01 09:40:44,susah bikin akun knp min mkin jlek apk nya
4,2023-07-01 07:57:42,manfaat ajar sharing sharing cuman kurang cari postingan thread
3,2023-07-01 07:32:37,gatau gabut
3,2023-07-01 07:05:37,bagus error voice
5,2023-07-01 05:20:17,apk nyh coba
5,2023-07-01 03:12:52,warna beda beda sesuai
5,2023-07-01 02:35:41,teman kala sepi
1,2023-07-01 02:17:35,register login udah ketik password email very
4,2023-07-01 01:47:35,bagus
3,2023-07-01 01:45:06,connecting sinyal lancar pakai wifi connecting
2,2023-06-30 23:25:32,udah gua update kali ttp gabisa bangg udah reinstalling cuman kali pake audio output nya kesini kesana ngabisin kuota
1,2023-06-30 20:38:32,cuman mb tpi hapus apk emang g ya cuman hapus apk apk d hapus lgi
1,2023-06-30 16:04:26,ukur mbnya yah turun ukur
1,2023-06-30 15:39:16,reset password pas masuk situs nya muat
3,2023-06-30 12:57:03,ngomong gw daftar ko nimbul nomor biar daftar discrot nya
1,2023-06-30 10:20:47,burik bug voice mlu suara orng ska ilang hrus dlu abis masuk lgi biar ad suara
5,2023-06-30 09:27:37,bagus ganguan speaker nggak denger oudionya ngobrol nggak suara denger music nya handphone restart melulu rusak tombol powernya
3,2023-06-30 07:42:55,habis hapus data akun hilang udah masukin email sm pasword bener hilang tolong
1,2023-06-30 07:16:08,masak ganti profil beli nitro
5,2023-06-30 05:54:59,bagus bikin grup ajar mabar dll
1,2023-06-30 05:12:15,jelek bnget ganti profil susah is kelar ken lgin akun salah padahl udah bener banget
5,2023-06-30 01:54:05,harap fitur main gim dengar musik hp android hhe
5,2023-06-29 23:00:57,kerja bagus
4,2023-06-29 17:02:45,bug
1,2023-06-29 16:04:11,tolong update optimal andoid main temen lag
4,2023-06-29 13:23:03,nya bagus keyboard nya update ngebug hilang susah ngetik tolong baik
5,2023-06-29 12:48:17,pantul
5,2023-06-29 12:40:46,rekomendasi klian happy enjoy mabar bareng tmn tpi cuan
5,2023-06-29 12:38:09,wow mudah komulikasi jarak game
1,2023-06-29 12:34:11,apk anjg
5,2023-06-29 11:04:49,ngatasin disconnect ya pake main game disconect pake wa telpon atas gimana
3,2023-06-29 10:42:05,fak stack
2,2023-06-29 09:48:04,ya buka tolong baik
5,2023-06-29 09:23:19,bagus komunikasi
1,2023-06-29 09:17:35,susah banget masuk nya sandi salah melulu capekk
2,2023-06-29 07:44:47,tolong baik masuk server
5,2023-06-29 06:57:38,bagus email nya baik
3,2023-06-29 05:36:38,connecting delay pas kirim chat terkadang gerak
3,2023-06-29 04:44:50,share screen patah patah sinyal bagus tolong baik
1,2023-06-29 04:32:05,napa sih login pake no tp ya kirim pake wa mah gua tunggu kode verifikasi ngak masuk masuk
1,2023-06-29 04:28:39,banyak disconect mulu call catwoman disconect mulu
4,2023-06-29 02:21:24,bolehhp
1,2023-06-29 00:31:35,suka main ep ep game gta samp
3,2023-06-28 20:13:12,diupdate patch ui menu rame kadang gambar video lag karna fullscreen nya lag direload kadang bug bugnya muncul koneksi error sinyal aman update improvement nya serasa banyak hp kadang suka lag
1,2023-06-28 16:27:23,lebay
2,2023-06-28 15:33:48,pas download nyoba teman suara microphone pas pakai suara tolong perbaikii
1,2023-06-28 15:31:04,aplikasih busuk update bagus bug
2,2023-06-28 14:31:40,verifikasi nomor telepon
3,2023-06-28 13:59:39,benerin suara kt mendem vc udh gonta ganti setting tetep
1,2023-06-28 13:45:10,benci teman teman
1,2023-06-28 13:39:41,apk ya
3,2023-06-28 10:33:51,error suara headset rusak
4,2023-06-28 07:32:09,update bagus update voice gada suara kerja tolong baik
1,2023-06-28 07:17:59,bisal login
1,2023-06-28 06:03:20,mohon bantu login akun pasu nomer hp password tulis nya kena block apk
3,2023-06-28 03:51:22,registerasi ya
1,2023-06-27 18:47:07,yari orang orang apk
4,2023-06-27 17:27:04,tolong tambah bahasa indonesia yaa
4,2023-06-27 17:24:51,tolong tambah fitur message mention baca tanda arah msg mention nya
3,2023-06-27 17:22:29,bug delay replay bikin lambat connecting sinyal bagus tolong baik bug nya
3,2023-06-27 15:18:34,bagus versi pc nya
1,2023-06-27 15:09:05,loginnya kek ampas
5,2023-06-27 14:30:43,bagus ni apk nya komunikasi denga orang dunia
2,2023-06-27 13:29:42,bug nya ituloh kadang connected terus connecting laaaamaaaa banget
1,2023-06-27 13:19:14,registrasi pasu kode kode
2,2023-06-27 11:41:10,ya pas veryfikasi no w a ko mulu code nya udah bener
5,2023-06-27 09:39:00,bagusss bangettt uang jajann
2,2023-06-27 08:43:44,kasih bintang karna make suka fc tolong buatin lite biar ringan
1,2023-06-27 07:53:49,reconnecting apa malas banget
1,2023-06-27 06:40:56,oi min bener
5,2023-06-27 06:31:59,suka sangat cocok grup ramai ratus ribu member projek mudah karna tampung member tolong tambah bahasa indonesia
5,2023-06-27 04:50:55,tambah enkripsi end to end
3,2023-06-27 03:03:15,knp kl msk akun sblmnya gabisa y
3,2023-06-27 02:15:33,akun email password
5,2023-06-27 01:52:14,tolong modder tambah bahasa indonesia
